CODICE_CATASTALE;COMUNE;PR;NUMERO_DELIBERA;DATA_DELIBERA;DATA_PUBBLICAZIONE;NOTE;MULTIALIQ;ALIQUOTA;FASCIA;ALIQUOTA_2;FASCIA_2;ALIQUOTA_3;FASCIA_3;ALIQUOTA_4;FASCIA_4;ALIQUOTA_5;FASCIA_5;ALIQUOTA_6;FASCIA_6;ALIQUOTA_7;FASCIA_7;ALIQUOTA_8;FASCIA_8;ALIQUOTA_9;FASCIA_9;ALIQUOTA_10;FASCIA_10;ALIQUOTA_11;FASCIA_11;ALIQUOTA_12;FASCIA_12;FLAG_NUOVA;IMPORTO_ESENTE
A001;ABANO TERME;PD;;;;;NO;0*;;;;;;;;;;;;;;;;;;;;;;;;;0
A004;ABBADIA CERRETO;LO;;;;;NO;0*;;;;;;;;;;;;;;;;;;;;;;;;;0
A005;ABBADIA LARIANA;LC;;;;;NO;0*;;;;;;;;;;;;;;;;;;;;;;;;;0
A006;ABBADIA SAN SALVATORE;SI;94;29/12/2025;22/01/2026;CONFERMA;SI;0;Esenzione per redditi imponibili fino a euro 12.000,00;,6;Aliquota unica;;;;;;;;;;;;;;;;;;;;;2;12000
A007;ABBASANTA;OR;;;;;NO;0*;;;;;;;;;;;;;;;;;;;;;;;;;0
A008;ABBATEGGIO;PE;8;28/02/2026;15/04/2026;CONFERMA;NO;0,5;Aliquota unica;;;;;;;;;;;;;;;;;;;;;;;1;0
A010;ABBIATEGRASSO;MI;;;;;NO;0*;;;;;;;;;;;;;;;;;;;;;;;;;0
M376;ABETONE CUTIGLIANO;PT;91;22/12/2025;11/03/2026;CONFERMA;NO;0,8;Aliquota unica;;;;;;;;;;;;;;;;;;;;;;;1;0
A013;ABRIOLA;PZ;;;;;NO;0*;;;;;;;;;;;;;;;;;;;;;;;;;0
A014;ACATE;RG;2;28/01/2026;04/02/2026;COMUNE CON DELIBERA DI PREDISSESTO ;NO;0,8;Aliquota unica;;;;;;;;;;;;;;;;;;;;;;;1;0
A015;ACCADIA;FG;23;24/10/2025;29/01/2026;CONFERMA;NO;0,8;Aliquota unica;;;;;;;;;;;;;;;;;;;;;;;1;0
A016;ACCEGLIO;CN;;;;;NO;0*;;;;;;;;;;;;;;;;;;;;;;;;;0
A017;ACCETTURA;MT;;;;;NO;0*;;;;;;;;;;;;;;;;;;;;;;;;;0
A018;ACCIANO;AQ;;;;;NO;0*;;;;;;;;;;;;;;;;;;;;;;;;;0
A019;ACCUMOLI;RI;;;;;NO;0*;;;;;;;;;;;;;;;;;;;;;;;;;0
A020;ACERENZA;PZ;;;;;NO;0*;;;;;;;;;;;;;;;;;;;;;;;;;0
A023;ACERNO;SA;;;;;NO;0*;;;;;;;;;;;;;;;;;;;;;;;;;0
A024;ACERRA;NA;;;;;NO;0*;;;;;;;;;;;;;;;;;;;;;;;;;0
A025;ACI BONACCORSI;CT;;;;;NO;0*;;;;;;;;;;;;;;;;;;;;;;;;;0
A026;ACI CASTELLO;CT;;;;;NO;0*;;;;;;;;;;;;;;;;;;;;;;;;;0
A027;ACI CATENA;CT;;;;;NO;0*;;;;;;;;;;;;;;;;;;;;;;;;;0
A029;ACI SANT'ANTONIO;CT;;;;;NO;0*;;;;;;;;;;;;;;;;;;;;;;;;;0
A028;ACIREALE;CT;14;28/01/2026;04/03/2026;CONFERMA;NO;0,8;Aliquota unica;;;;;;;;;;;;;;;;;;;;;;;1;0
A032;ACQUAFONDATA;FR;;;;;NO;0*;;;;;;;;;;;;;;;;;;;;;;;;;0
A033;ACQUAFORMOSA;CS;;;;;NO;0*;;;;;;;;;;;;;;;;;;;;;;;;;0
A034;ACQUAFREDDA;BS;;;;;NO;0*;;;;;;;;;;;;;;;;;;;;;;;;;0
A035;ACQUALAGNA;PU;44;16/12/2025;08/01/2026;CONFERMA;NO;0,8;Aliquota unica;;;;;;;;;;;;;;;;;;;;;;;1;0
A039;ACQUANEGRA CREMONESE;CR;;;;;NO;0*;;;;;;;;;;;;;;;;;;;;;;;;;0
A038;ACQUANEGRA SUL CHIESE;MN;;;;;NO;0*;;;;;;;;;;;;;;;;;;;;;;;;;0
A040;ACQUAPENDENTE;VT;;;;;NO;0*;;;;;;;;;;;;;;;;;;;;;;;;;0
A041;ACQUAPPESA;CS;;;;;NO;0*;;;;;;;;;;;;;;;;;;;;;;;;;0
A043;ACQUARO;VV;;;;;NO;0*;;;;;;;;;;;;;;;;;;;;;;;;;0
A044;ACQUASANTA TERME;AP;;;;;NO;0*;;;;;;;;;;;;;;;;;;;;;;;;;0
A045;ACQUASPARTA;TR;;;;;NO;0*;;;;;;;;;;;;;;;;;;;;;;;;;0
A050;ACQUAVIVA COLLECROCE;CB;;;;;NO;0*;;;;;;;;;;;;;;;;;;;;;;;;;0
A048;ACQUAVIVA DELLE FONTI;BA;;;;;NO;0*;;;;;;;;;;;;;;;;;;;;;;;;;0
A051;ACQUAVIVA D'ISERNIA;IS;;;;;NO;0*;;;;;;;;;;;;;;;;;;;;;;;;;0
A047;ACQUAVIVA PICENA;AP;28;29/12/2025;06/03/2026;CONFERMA;NO;0,8;Aliquota unica;;;;;;;;;;;;;;;;;;;;;;;1;0
A049;ACQUAVIVA PLATANI;CL;;;;;NO;0*;;;;;;;;;;;;;;;;;;;;;;;;;0
M211;ACQUEDOLCI;ME;;;;;NO;0*;;;;;;;;;;;;;;;;;;;;;;;;;0
A052;ACQUI TERME;AL;;;;;NO;0*;;;;;;;;;;;;;;;;;;;;;;;;;0
A053;ACRI;CS;;;;;NO;0*;;;;;;;;;;;;;;;;;;;;;;;;;0
A054;ACUTO;FR;;;;;NO;0*;;;;;;;;;;;;;;;;;;;;;;;;;0
A055;ADELFIA;BA;3;13/01/2026;29/05/2026;CONFERMA;NO;0,7;Aliquota unica;;;;;;;;;;;;;;;;;;;;;;;1;0
A056;ADRANO;CT;;;;;NO;0*;;;;;;;;;;;;;;;;;;;;;;;;;0
A057;ADRARA SAN MARTINO;BG;;;;;NO;0*;;;;;;;;;;;;;;;;;;;;;;;;;0
A058;ADRARA SAN ROCCO;BG;;;;;NO;0*;;;;;;;;;;;;;;;;;;;;;;;;;0
A059;ADRIA;RO;;;;;NO;0*;;;;;;;;;;;;;;;;;;;;;;;;;0
A060;ADRO;BS;;;;;NO;0*;;;;;;;;;;;;;;;;;;;;;;;;;0
A061;AFFI;VR;;;;;NO;0*;;;;;;;;;;;;;;;;;;;;;;;;;0
A062;AFFILE;RM;25;23/12/2025;20/01/2026;CONFERMA;NO;0,8;Aliquota unica;;;;;;;;;;;;;;;;;;;;;;;1;0
A064;AFRAGOLA;NA;9;17/12/2025;04/05/2026;CONFERMA;NO;0,8;Aliquota unica;;;;;;;;;;;;;;;;;;;;;;;1;0
A065;AFRICO;RC;;;;;NO;0*;;;;;;;;;;;;;;;;;;;;;;;;;0
A067;AGAZZANO;PC;33;29/12/2025;04/06/2026;CONFERMA;SI;0;Esenzione per redditi imponibili fino a euro 10.000,00;,8;Aliquota unica;;;;;;;;;;;;;;;;;;;;;2;10000
A068;AGEROLA;NA;31;11/11/2025;08/01/2026;CONFERMA;SI;0;Esenzione per redditi imponibili fino a euro 9.000,00;,7;Aliquota unica;;;;;;;;;;;;;;;;;;;;;2;9000
A069;AGGIUS;SS;;;;;NO;0*;;;;;;;;;;;;;;;;;;;;;;;;;0
A070;AGIRA;EN;;;;;NO;0*;;;;;;;;;;;;;;;;;;;;;;;;;0
A071;AGLIANA;PT;;;;;NO;0*;;;;;;;;;;;;;;;;;;;;;;;;;0
A072;AGLIANO TERME;AT;28;15/12/2025;19/08/2026;CONFERMA;NO;0,7;Aliquota unica;;;;;;;;;;;;;;;;;;;;;;;1;0
A074;AGLIE';TO;29;29/12/2025;06/02/2026;CONFERMA;NO;0,8;Aliquota unica;;;;;;;;;;;;;;;;;;;;;;;1;0
H848;AGLIENTU;SS;;;;;NO;0*;;;;;;;;;;;;;;;;;;;;;;;;;0
A075;AGNA;PD;;;;;NO;0*;;;;;;;;;;;;;;;;;;;;;;;;;0
A076;AGNADELLO;CR;37;24/11/2025;07/07/2026;CONFERMA;SI;0;Esenzione per redditi imponibili fino a euro 13.499,99;,7;Aliquota unica;;;;;;;;;;;;;;;;;;;;;2;13499,99
A077;AGNANA CALABRA;RC;;;;;NO;0*;;;;;;;;;;;;;;;;;;;;;;;;;0
A080;AGNONE;IS;31;10/11/2025;14/01/2026;CONFERMA;NO;0,6;Aliquota unica;;;;;;;;;;;;;;;;;;;;;;;1;0
A082;AGNOSINE;BS;38;19/12/2025;04/03/2026;CONFERMA;NO;0,5;Aliquota unica;;;;;;;;;;;;;;;;;;;;;;;1;0
A083;AGORDO;BL;37;29/12/2025;21/01/2026;DELIBERA ADOTTATA EX ART. 1, COMMA 751, L. 207/2024;SI;0,63;Applicabile a scaglione di reddito fino a euro 15.000,00;,76;Applicabile a scaglione di reddito da euro 15.000,01 fino a euro 28.000,00;,79;Applicabile a scaglione di reddito da euro 28.000,01 fino a euro 50.000,00;,8;Applicabile a scaglione di reddito oltre euro 50.000,00;0;Esenzione per redditi imponibili fino a euro 10.000,00;;;;;;;;;;;;;;;0;0
A084;AGOSTA;RM;;;;;NO;0*;;;;;;;;;;;;;;;;;;;;;;;;;0
A085;AGRA;VA;2;23/01/2026;11/03/2026;CONFERMA;SI;0;Esenzione per redditi imponibili fino a euro 15.000,00;,3;Aliquota unica;;;;;;;;;;;;;;;;;;;;;2;15000
A087;AGRATE BRIANZA;MB;66;23/12/2025;15/01/2026;CONFERMA;SI;0;Esenzione per redditi imponibili fino a euro 15.000,00;,8;Aliquota unica;;;;;;;;;;;;;;;;;;;;;2;15000
A088;AGRATE CONTURBIA;NO;;;;;NO;0*;;;;;;;;;;;;;;;;;;;;;;;;;0
A089;AGRIGENTO;AG;;;;;NO;0*;;;;;;;;;;;;;;;;;;;;;;;;;0
A091;AGROPOLI;SA;;;;;NO;0*;;;;;;;;;;;;;;;;;;;;;;;;;0
A092;AGUGLIANO;AN;;;;;NO;0*;;;;;;;;;;;;;;;;;;;;;;;;;0
A093;AGUGLIARO;VI;;;;;NO;0*;;;;;;;;;;;;;;;;;;;;;;;;;0
A096;AICURZIO;MB;;;;;NO;0*;;;;;;;;;;;;;;;;;;;;;;;;;0
A097;AIDOMAGGIORE;OR;;;;;NO;0*;;;;;;;;;;;;;;;;;;;;;;;;;0
A098;AIDONE;EN;;;;;NO;0*;;;;;;;;;;;;;;;;;;;;;;;;;0
A100;AIELLI;AQ;;;;;NO;0*;;;;;;;;;;;;;;;;;;;;;;;;;0
A102;AIELLO CALABRO;CS;;;;;NO;0*;;;;;;;;;;;;;;;;;;;;;;;;;0
A103;AIELLO DEL FRIULI;UD;;;;;NO;0*;;;;;;;;;;;;;;;;;;;;;;;;;0
A101;AIELLO DEL SABATO;AV;;;;;NO;0*;;;;;;;;;;;;;;;;;;;;;;;;;0
A105;AIETA;CS;;;;;NO;0*;;;;;;;;;;;;;;;;;;;;;;;;;0
A106;AILANO;CE;;;;;NO;0*;;;;;;;;;;;;;;;;;;;;;;;;;0
A107;AILOCHE;BI;;;;;NO;0*;;;;;;;;;;;;;;;;;;;;;;;;;0
A109;AIRASCA;TO;4;25/02/2026;10/03/2026;CONFERMA;SI;0;Esenzione per redditi imponibili fino a euro 10.000,00;,6;Aliquota unica;;;;;;;;;;;;;;;;;;;;;2;10000
A110;AIROLA;BN;4;12/01/2026;27/02/2026;CONFERMA;NO;0,8;Aliquota unica;;;;;;;;;;;;;;;;;;;;;;;1;0
A111;AIROLE;IM;22;17/12/2025;09/01/2026;CONFERMA;SI;0;Esenzione per redditi imponibili fino a euro 10.000,00;,8;Aliquota unica;;;;;;;;;;;;;;;;;;;;;2;10000
A112;AIRUNO;LC;41;22/12/2025;13/01/2026;DELIBERA ADOTTATA EX ART. 1, COMMA 751, L. 207/2024;SI;0,33;Applicabile a scaglione di reddito fino a euro 15.000,00;,35;Applicabile a scaglione di reddito da euro 15.000,01 fino a euro 28.000,00;,5;Applicabile a scaglione di reddito da euro 15.000,01 fino a euro 28.000,00;,8;Applicabile a scaglione di reddito oltre euro 50.000,00;;;;;;;;;;;;;;;;;0;0
A113;AISONE;CN;20;16/12/2025;07/01/2026;NON APPLICA;NO;0;Aliquota unica;;;;;;;;;;;;;;;;;;;;;;;1;0
A116;ALA;TN;;;;;NO;0*;;;;;;;;;;;;;;;;;;;;;;;;;0
A115;ALA' DEI SARDI;SS;;;;;NO;0*;;;;;;;;;;;;;;;;;;;;;;;;;0
A117;ALA DI STURA;TO;;;;;NO;0*;;;;;;;;;;;;;;;;;;;;;;;;;0
A118;ALAGNA;PV;;;;;NO;0*;;;;;;;;;;;;;;;;;;;;;;;;;0
A119;ALAGNA VALSESIA;VC;3;27/02/2026;13/04/2026;CONFERMA;NO;0,3;Aliquota unica;;;;;;;;;;;;;;;;;;;;;;;1;0
A120;ALANNO;PE;60;20/12/2025;21/01/2026;CONFERMA;SI;0;Esenzione per redditi imponibili fino a euro 12.000,00;,8;Aliquota unica;;;;;;;;;;;;;;;;;;;;;2;12000
A122;ALASSIO;SV;82;19/12/2025;04/02/2026;MODIFICA;SI;0,65;Applicabile a scaglione di reddito fino a euro 28.000,00;,7;Applicabile a scaglione di reddito da euro 28.000,01 fino a euro 50.000,00;,8;Applicabile a scaglione di reddito oltre euro 50.000,00;;;;;;;;;;;;;;;;;;;3;0
A123;ALATRI;FR;;;;;NO;0*;;;;;;;;;;;;;;;;;;;;;;;;;0
A124;ALBA;CN;;;;;NO;0*;;;;;;;;;;;;;;;;;;;;;;;;;0
A125;ALBA ADRIATICA;TE;;;;;NO;0*;;;;;;;;;;;;;;;;;;;;;;;;;0
A126;ALBAGIARA;OR;;;;;NO;0*;;;;;;;;;;;;;;;;;;;;;;;;;0
A127;ALBAIRATE;MI;51;29/12/2025;20/03/2026;CONFERMA;SI;0;Esenzione per redditi imponibili fino a euro 10.000,00;,8;Aliquota unica;;;;;;;;;;;;;;;;;;;;;2;10000
A128;ALBANELLA;SA;;;;;NO;0*;;;;;;;;;;;;;;;;;;;;;;;;;0
A131;ALBANO DI LUCANIA;PZ;;;;;NO;0*;;;;;;;;;;;;;;;;;;;;;;;;;0
A132;ALBANO LAZIALE;RM;;;;;NO;0*;;;;;;;;;;;;;;;;;;;;;;;;;0
A129;ALBANO SANT'ALESSANDRO;BG;;;;;NO;0*;;;;;;;;;;;;;;;;;;;;;;;;;0
A130;ALBANO VERCELLESE;VC;20;18/12/2025;04/03/2026;CONFERMA;NO;0,5;Aliquota unica;;;;;;;;;;;;;;;;;;;;;;;1;0
A137;ALBAREDO D'ADIGE;VR;;;;;NO;0*;;;;;;;;;;;;;;;;;;;;;;;;;0
A135;ALBAREDO PER SAN MARCO;SO;;;;;NO;0*;;;;;;;;;;;;;;;;;;;;;;;;;0
A138;ALBARETO;PR;;;;;NO;0*;;;;;;;;;;;;;;;;;;;;;;;;;0
A139;ALBARETTO DELLA TORRE;CN;;;;;NO;0*;;;;;;;;;;;;;;;;;;;;;;;;;0
A143;ALBAVILLA;CO;52;22/12/2025;07/05/2026;CONFERMA;SI;0;Esenzione per redditi imponibili fino a euro 13.000,00;,8;Aliquota unica;;;;;;;;;;;;;;;;;;;;;2;13000
A145;ALBENGA;SV;79;22/12/2025;04/06/2026;MODIFICA;NO;0,8;Aliquota unica;;;;;;;;;;;;;;;;;;;;;;;1;0
A146;ALBERA LIGURE;AL;2;10/02/2026;11/02/2026;CONFERMA;NO;0,45;Aliquota unica;;;;;;;;;;;;;;;;;;;;;;;1;0
A149;ALBEROBELLO;BA;1;27/01/2026;25/02/2026;CONFERMA;SI;0;Esenzione per redditi imponibili fino a euro 10.000,00;,65;Applicabile a scaglione di reddito fino a euro 28.000,00;,78;Applicabile a scaglione di reddito da euro 28.000,01 fino a euro 50.000,00;,8;Applicabile a scaglione di reddito oltre euro 50.000,00;;;;;;;;;;;;;;;;;4;10000
A150;ALBERONA;FG;;;;;NO;0*;;;;;;;;;;;;;;;;;;;;;;;;;0
A153;ALBESE CON CASSANO;CO;49;16/12/2025;10/03/2026;MODIFICA;SI;0;Esenzione per redditi imponibili fino a euro 2.500,00;,55;Applicabile a scaglione di reddito fino a euro 28.000,00;,65;Applicabile a scaglione di reddito da euro 28.000,01 fino a euro 50.000,00;,7;Applicabile a scaglione di reddito oltre euro 50.000,00;;;;;;;;;;;;;;;;;4;2500
A154;ALBETTONE;VI;42;18/12/2025;22/01/2026;MODIFICA;SI;0;Esenzione per redditi imponibili fino a euro 15.000,00;,8;Aliquota unica;;;;;;;;;;;;;;;;;;;;;2;15000
A155;ALBI;CZ;;;;;NO;0*;;;;;;;;;;;;;;;;;;;;;;;;;0
A158;ALBIANO;TN;;;;;NO;0*;;;;;;;;;;;;;;;;;;;;;;;;;0
A157;ALBIANO D'IVREA;TO;31;15/12/2025;10/06/2026;DELIBERA ADOTTATA EX ART. 1, COMMA 751, L. 207/2024;SI;0,58;Applicabile a  scaglione di reddito fino a euro 15.000,00;,61;Applicabile a scaglione di reddito da euro 15.000,01 fino a euro 28.000,00;,68;Applicabile a scaglione di reddito oltre euro 28.000,00 fino a euro 50.000,00;,75;Applicabile a scaglione di reddito oltre euro 50.000,00;;;;;;;;;;;;;;;;;0;0
A159;ALBIATE;MB;30;22/12/2025;09/04/2026;CONFERMA;NO;0,8;Aliquota unica;;;;;;;;;;;;;;;;;;;;;;;1;0
A160;ALBIDONA;CS;7;27/01/2026;20/04/2026;CONFERMA;NO;0,2;Aliquota unica;;;;;;;;;;;;;;;;;;;;;;;1;0
A161;ALBIGNASEGO;PD;41;19/12/2025;21/08/2026;MODIFICA;SI;0;Esenzione per redditi imponibili fino a euro 12.976,00;,8;Aliquota unica;;;;;;;;;;;;;;;;;;;;;2;12976
A162;ALBINEA;RE;63;22/12/2025;11/03/2026;CONFERMA;SI;0;Esenzione per redditi imponibili fino a euro 12.000,00;,55;Applicabile a scaglione di reddito fino a euro 28.000,00;,7;Applicabile a scaglione di reddito da euro 28.000,01 fino a euro 50.000,00;,8;Applicabile a scaglione di reddito oltre euro 50.000,00;;;;;;;;;;;;;;;;;4;12000
A163;ALBINO;BG;78;29/12/2025;29/01/2026;MODIFICA;SI;0;Esenzione per redditi imponibili fino a euro 13.000,00;,66;Applicabile a scaglione di reddito fino a euro 28.000,00;,78;Applicabile a scaglione di reddito da euro 28.000,01 fino a euro 50.000,00;,8;Applicabile a scaglione di reddito oltre euro 50.000,00;;;;;;;;;;;;;;;;;4;13000
A164;ALBIOLO;CO;42;23/12/2025;22/01/2026;CONFERMA;SI;0;Esenzione per redditi imponibili fino a euro 15.000,00;,45;Applicabile a scaglione di reddito fino a euro 28.000,00;,5;Applicabile a scaglione di reddito da euro 28.000,01 fino a euro 50.000,00;,6;Applicabile a scaglione di reddito oltre euro 50.000,00;;;;;;;;;;;;;;;;;4;15000
A166;ALBISOLA SUPERIORE;SV;58;28/11/2025;02/04/2026;CONFERMA;NO;0,8;Aliquota unica;;;;;;;;;;;;;;;;;;;;;;;1;0
A165;ALBISSOLA MARINA;SV;34;29/12/2025;06/02/2026;CONFERMA;SI;0;Esenzione per redditi imponibili fino a euro 10.000,00;,8;Aliquota unica;;;;;;;;;;;;;;;;;;;;;2;10000
A167;ALBIZZATE;VA;39;17/12/2025;05/02/2026;CONFERMA;NO;0,8;Aliquota unica;;;;;;;;;;;;;;;;;;;;;;;1;0
A171;ALBONESE;PV;;;;;NO;0*;;;;;;;;;;;;;;;;;;;;;;;;;0
A172;ALBOSAGGIA;SO;;;;;NO;0*;;;;;;;;;;;;;;;;;;;;;;;;;0
A173;ALBUGNANO;AT;;;;;NO;0*;;;;;;;;;;;;;;;;;;;;;;;;;0
A175;ALBUZZANO;PV;40;22/12/2025;20/02/2026;CONFERMA;SI;0;Esenzione per redditi imponibili fino a euro 10.999,99;,8;Aliquota unica;;;;;;;;;;;;;;;;;;;;;2;10999,99
A176;ALCAMO;TP;;;;;NO;0*;;;;;;;;;;;;;;;;;;;;;;;;;0
A177;ALCARA LI FUSI;ME;;;;;NO;0*;;;;;;;;;;;;;;;;;;;;;;;;;0
A178;ALDENO;TN;;;;;NO;0*;;;;;;;;;;;;;;;;;;;;;;;;;0
A179;ALDINO;BZ;;;;;NO;0*;;;;;;;;;;;;;;;;;;;;;;;;;0
A180;ALES;OR;;;;;NO;0*;;;;;;;;;;;;;;;;;;;;;;;;;0
A182;ALESSANDRIA;AL;166;27/11/2025;07/01/2026;CONFERMA;SI;0,8;Applicabile a scaglione di reddito fino a euro 28.000,00;1,1;Applicabile a scaglione di reddito da euro 28.000,01 fino a euro 50.000,00;1,2;Applicabile a scaglione di reddito oltre euro 50.000,00;;;;;;;;;;;;;;;;;;;3;0
A183;ALESSANDRIA DEL CARRETTO;CS;;;;;NO;0*;;;;;;;;;;;;;;;;;;;;;;;;;0
A181;ALESSANDRIA DELLA ROCCA;AG;57;27/12/2025;12/01/2026;MODIFICA;SI;0;Esenzione per redditi imponibili fino a euro 7.500,00;,8;Aliquota unica;;;;;;;;;;;;;;;;;;;;;2;7500
A184;ALESSANO;LE;;;;;NO;0*;;;;;;;;;;;;;;;;;;;;;;;;;0
A185;ALEZIO;LE;;;;;NO;0*;;;;;;;;;;;;;;;;;;;;;;;;;0
A186;ALFANO;SA;;;;;NO;0*;;;;;;;;;;;;;;;;;;;;;;;;;0
A187;ALFEDENA;AQ;;;;;NO;0*;;;;;;;;;;;;;;;;;;;;;;;;;0
A188;ALFIANELLO;BS;39;22/12/2025;23/04/2026;CONFERMA;SI;0;Esenzione per redditi imponibili fino a euro 10.000,00;,8;Aliquota unica;;;;;;;;;;;;;;;;;;;;;2;10000
A189;ALFIANO NATTA;AL;;;;;NO;0*;;;;;;;;;;;;;;;;;;;;;;;;;0
A191;ALFONSINE;RA;;;;;NO;0*;;;;;;;;;;;;;;;;;;;;;;;;;0
A192;ALGHERO;SS;14;30/01/2026;09/02/2026;CONFERMA;NO;0,8;Aliquota unica;;;;;;;;;;;;;;;;;;;;;;;1;0
A193;ALGUA;BG;25;30/12/2025;03/02/2026;CONFERMA;NO;0,8;Aliquota unica;;;;;;;;;;;;;;;;;;;;;;;1;0
A194;ALI';ME;;;;;NO;0*;;;;;;;;;;;;;;;;;;;;;;;;;0
A201;ALI' TERME;ME;;;;;NO;0*;;;;;;;;;;;;;;;;;;;;;;;;;0
A195;ALIA;PA;57;29/12/2025;21/01/2026;CONFERMA;NO;0,8;Aliquota unica;;;;;;;;;;;;;;;;;;;;;;;1;0
A196;ALIANO;MT;;;;;NO;0*;;;;;;;;;;;;;;;;;;;;;;;;;0
A197;ALICE BEL COLLE;AL;;;;;NO;0*;;;;;;;;;;;;;;;;;;;;;;;;;0
A198;ALICE CASTELLO;VC;89;14/11/2025;24/03/2026;CONFERMA;SI;0;Esenzione per redditi imponibili fino a euro 9.999,99;,7;Aliquota unica;;;;;;;;;;;;;;;;;;;;;2;9999,99
A200;ALIFE;CE;;;;;NO;0*;;;;;;;;;;;;;;;;;;;;;;;;;0
A202;ALIMENA;PA;;;;;NO;0*;;;;;;;;;;;;;;;;;;;;;;;;;0
A203;ALIMINUSA;PA;;;;;NO;0*;;;;;;;;;;;;;;;;;;;;;;;;;0
A204;ALLAI;OR;;;;;NO;0*;;;;;;;;;;;;;;;;;;;;;;;;;0
A206;ALLEGHE;BL;48;17/12/2025;05/02/2026;CONFERMA;NO;0,8;Aliquota unica;;;;;;;;;;;;;;;;;;;;;;;1;0
A205;ALLEIN;AO;;;;;NO;0*;;;;;;;;;;;;;;;;;;;;;;;;;0
A207;ALLERONA;TR;;;;;NO;0*;;;;;;;;;;;;;;;;;;;;;;;;;0
A208;ALLISTE;LE;4;25/02/2026;24/04/2026;CONFERMA;SI;0;Esenzione per redditi imponibili fino a euro 8.500,00;,8;Aliquota unica;;;;;;;;;;;;;;;;;;;;;2;8500
A210;ALLUMIERE;RM;;;;;NO;0*;;;;;;;;;;;;;;;;;;;;;;;;;0
M397;ALLUVIONI PIOVERA;AL;;;;;NO;0*;;;;;;;;;;;;;;;;;;;;;;;;;0
A214;ALME';BG;36;18/12/2025;12/02/2026;MODIFICA;SI;0;Esenzione per redditi imponibili fino a euro 13.000,00;,73;Applicabile a scaglione di reddito fino a euro 28.000,00;,78;Applicabile a scaglione di reddito da euro 28.000,01 fino a euro 50.000,00;,8;Applicabile a scaglione di reddito oltre euro 50.000,00;;;;;;;;;;;;;;;;;4;13000
A216;ALMENNO SAN BARTOLOMEO;BG;;;;;NO;0*;;;;;;;;;;;;;;;;;;;;;;;;;0
A217;ALMENNO SAN SALVATORE;BG;;;;;NO;0*;;;;;;;;;;;;;;;;;;;;;;;;;0
A218;ALMESE;TO;31;17/12/2025;30/01/2026;CONFERMA;NO;0,7;Aliquota unica;;;;;;;;;;;;;;;;;;;;;;;1;0
A220;ALONTE;VI;29;27/12/2025;24/02/2026;CONFERMA;SI;0;Esenzione per redditi imponibili fino a euro 20.000,00;,8;Aliquota unica;;;;;;;;;;;;;;;;;;;;;2;20000
M375;ALPAGO;BL;;;;;NO;0*;;;;;;;;;;;;;;;;;;;;;;;;;0
A221;ALPETTE;TO;29;19/12/2025;15/05/2026;CONFERMA;NO;0,1;Aliquota unica;;;;;;;;;;;;;;;;;;;;;;;1;0
A222;ALPIGNANO;TO;;;;;NO;0*;;;;;;;;;;;;;;;;;;;;;;;;;0
A223;ALSENO;PC;34;22/12/2025;21/05/2026;DELIBERA ADOTTATA EX ART. 1, COMMA 751, L. 207/2024;SI;0,74;Applicabile a scaglione di reddito fino a euro 15.000,00;,76;Applicabile a scaglione di reddito da euro 15.000,01 fino a euro 28.000,00;,78;Applicabile a scaglione di reddito da 28.000,01 fino a euro 50.000,00;,8;Applicabile a scaglione di reddito oltre euro 50.000,00;0;Esenzione per redditi imponibili fino a euro 9.999,99;;;;;;;;;;;;;;;0;0
A224;ALSERIO;CO;46;18/12/2025;13/01/2026;CONFERMA;SI;0;Esenzione per redditi imponibili fino a euro 9.999,99;,8;Aliquota unica;;;;;;;;;;;;;;;;;;;;;2;9999,99
M386;ALTA VAL TIDONE;PC;;;;;NO;0*;;;;;;;;;;;;;;;;;;;;;;;;;0
M383;ALTA VALLE INTELVI;CO;39;30/12/2025;21/01/2026;CONFERMA;NO;0,2;Aliquota unica;;;;;;;;;;;;;;;;;;;;;;;1;0
A225;ALTAMURA;BA;;;;;NO;0*;;;;;;;;;;;;;;;;;;;;;;;;;0
A226;ALTARE;SV;;;;;NO;0*;;;;;;;;;;;;;;;;;;;;;;;;;0
M349;ALTAVALLE;TN;;;;;NO;0*;;;;;;;;;;;;;;;;;;;;;;;;;0
A228;ALTAVILLA IRPINA;AV;;;;;NO;0*;;;;;;;;;;;;;;;;;;;;;;;;;0
A229;ALTAVILLA MILICIA;PA;;;;;NO;0*;;;;;;;;;;;;;;;;;;;;;;;;;0
A227;ALTAVILLA MONFERRATO;AL;24;20/12/2025;30/01/2026;CONFERMA;NO;0,6;Aliquota unica;;;;;;;;;;;;;;;;;;;;;;;1;0
A230;ALTAVILLA SILENTINA;SA;;;;;NO;0*;;;;;;;;;;;;;;;;;;;;;;;;;0
A231;ALTAVILLA VICENTINA;VI;;;;;NO;0*;;;;;;;;;;;;;;;;;;;;;;;;;0
A233;ALTIDONA;FM;;;;;NO;0*;;;;;;;;;;;;;;;;;;;;;;;;;0
A234;ALTILIA;CS;;;;;NO;0*;;;;;;;;;;;;;;;;;;;;;;;;;0
A235;ALTINO;CH;;;;;NO;0*;;;;;;;;;;;;;;;;;;;;;;;;;0
A236;ALTISSIMO;VI;;;;;NO;0*;;;;;;;;;;;;;;;;;;;;;;;;;0
A237;ALTIVOLE;TV;35;19/12/2025;10/06/2026;DELIBERA ADOTTATA EX ART. 1, COMMA 751, L. 207/2024;SI;0,4;Applicabile a scaglione di reddito fino a euro 15.000,00;,4;Applicabile a scaglione di reddito da euro 15.000,01 fino a euro 28.000,00;,4;Applicabile a scaglione di reddito da euro 28.000,01 fino a euro 50.000,00;,8;Applicabile a scaglione di reddito oltre euro 50.000,00;0;Esenzione per redditi imponibili fino a euro 15.000,00;;;;;;;;;;;;;;;0;0
A238;ALTO;CN;36;13/12/2025;07/01/2026;CONFERMA;NO;0,8;Aliquota unica;;;;;;;;;;;;;;;;;;;;;;;1;0
M369;ALTO RENO TERME;BO;;;;;NO;0*;;;;;;;;;;;;;;;;;;;;;;;;;0
M389;ALTO SERMENZA;VC;;;;;NO;0*;;;;;;;;;;;;;;;;;;;;;;;;;0
A239;ALTOFONTE;PA;;;;;NO;0*;;;;;;;;;;;;;;;;;;;;;;;;;0
A240;ALTOMONTE;CS;;;;;NO;0*;;;;;;;;;;;;;;;;;;;;;;;;;0
A241;ALTOPASCIO;LU;;;;;NO;0*;;;;;;;;;;;;;;;;;;;;;;;;;0
M350;ALTOPIANO DELLA VIGOLANA;TN;;;;;NO;0*;;;;;;;;;;;;;;;;;;;;;;;;;0
A242;ALVIANO;TR;;;;;NO;0*;;;;;;;;;;;;;;;;;;;;;;;;;0
A243;ALVIGNANO;CE;2;13/01/2026;19/01/2026;CONFERMA;NO;0,8;Aliquota unica;;;;;;;;;;;;;;;;;;;;;;;1;0
A244;ALVITO;FR;;;;;NO;0*;;;;;;;;;;;;;;;;;;;;;;;;;0
A246;ALZANO LOMBARDO;BG;;;;;NO;0*;;;;;;;;;;;;;;;;;;;;;;;;;0
A245;ALZANO SCRIVIA;AL;;;;;NO;0*;;;;;;;;;;;;;;;;;;;;;;;;;0
A249;ALZATE BRIANZA;CO;;;;;NO;0*;;;;;;;;;;;;;;;;;;;;;;;;;0
A251;AMALFI;SA;;;;;NO;0*;;;;;;;;;;;;;;;;;;;;;;;;;0
A252;AMANDOLA;FM;54;15/12/2025;21/05/2026;MODIFICA;NO;0,8;Aliquota unica;;;;;;;;;;;;;;;;;;;;;;;1;0
A253;AMANTEA;CS;;;;;NO;0*;;;;;;;;;;;;;;;;;;;;;;;;;0
A254;AMARO;UD;;;;;NO;0*;;;;;;;;;;;;;;;;;;;;;;;;;0
A255;AMARONI;CZ;;;;;NO;0*;;;;;;;;;;;;;;;;;;;;;;;;;0
A256;AMASENO;FR;;;;;NO;0*;;;;;;;;;;;;;;;;;;;;;;;;;0
A257;AMATO;CZ;;;;;NO;0*;;;;;;;;;;;;;;;;;;;;;;;;;0
A258;AMATRICE;RI;;;;;NO;0*;;;;;;;;;;;;;;;;;;;;;;;;;0
A259;AMBIVERE;BG;;;;;NO;0*;;;;;;;;;;;;;;;;;;;;;;;;;0
M351;AMBLAR-DON;TN;;;;;NO;0*;;;;;;;;;;;;;;;;;;;;;;;;;0
A261;AMEGLIA;SP;;;;;NO;0*;;;;;;;;;;;;;;;;;;;;;;;;;0
A262;AMELIA;TR;;;;;NO;0*;;;;;;;;;;;;;;;;;;;;;;;;;0
A263;AMENDOLARA;CS;;;;;NO;0*;;;;;;;;;;;;;;;;;;;;;;;;;0
A264;AMENO;NO;32;17/12/2025;30/04/2026;DELIBERA ADOTTATA EX ART. 1, COMMA 751, L. 207/2024;SI;0,2;Applicabile a  SCAGLIONE DI REDDITO FINO A € 15.000,00;,4;Applicabile a SCAGLIONE DI REDDITO DA € 15.000,01 A € 28.000,00;,6;Applicabile a SCAGLIONE DI REDDITO DA € 28.000,01 A € 50.000,00;,8;Applicabile a SCAGLIONE DI REDDITO DA € 50.000,01 ;0;Esenzione per redditi imponibili fino a euro 12.000,00;;;;;;;;;;;;;;;0;0
A265;AMOROSI;BN;;;;;NO;0*;;;;;;;;;;;;;;;;;;;;;;;;;0
A267;AMPEZZO;UD;50;27/12/2025;07/08/2026;CONFERMA;NO;0,4;Aliquota unica;;;;;;;;;;;;;;;;;;;;;;;1;0
A268;ANACAPRI;NA;57;17/12/2025;29/05/2026;CONFERMA;SI;0,4;Applicabile a scaglione di reddito fino a euro 28.000,00;,6;Applicabile a scaglione di reddito da euro 28.000,01 fino a euro 50.000,00;,79;Applicabile a scaglione di reddito oltre euro 50.000,00;;;;;;;;;;;;;;;;;;;3;0
A269;ANAGNI;FR;;;;;NO;0*;;;;;;;;;;;;;;;;;;;;;;;;;0
A270;ANCARANO;TE;;;;;NO;0*;;;;;;;;;;;;;;;;;;;;;;;;;0
A271;ANCONA;AN;;;;;NO;0*;;;;;;;;;;;;;;;;;;;;;;;;;0
A272;ANDALI;CZ;;;;;NO;0*;;;;;;;;;;;;;;;;;;;;;;;;;0
A274;ANDALO;TN;;;;;NO;0*;;;;;;;;;;;;;;;;;;;;;;;;;0
A273;ANDALO VALTELLINO;SO;;;;;NO;0*;;;;;;;;;;;;;;;;;;;;;;;;;0
A275;ANDEZENO;TO;26;18/12/2025;05/02/2026;MODIFICA;NO;0,78;Aliquota unica;;;;;;;;;;;;;;;;;;;;;;;1;0
A278;ANDORA;SV;;;;;NO;0*;;;;;;;;;;;;;;;;;;;;;;;;;0
A280;ANDORNO MICCA;BI;39;22/12/2025;23/03/2026;CONFERMA;NO;0,8;Aliquota unica;;;;;;;;;;;;;;;;;;;;;;;1;0
A281;ANDRANO;LE;;;;;NO;0*;;;;;;;;;;;;;;;;;;;;;;;;;0
A282;ANDRATE;TO;;;;;NO;0*;;;;;;;;;;;;;;;;;;;;;;;;;0
A283;ANDREIS;PN;;;;;NO;0*;;;;;;;;;;;;;;;;;;;;;;;;;0
A284;ANDRETTA;AV;;;;;NO;0*;;;;;;;;;;;;;;;;;;;;;;;;;0
A285;ANDRIA;BT;;;;;NO;0*;;;;;;;;;;;;;;;;;;;;;;;;;0
A286;ANDRIANO;BZ;;;;;NO;0*;;;;;;;;;;;;;;;;;;;;;;;;;0
A287;ANELA;SS;;;;;NO;0*;;;;;;;;;;;;;;;;;;;;;;;;;0
A288;ANFO;BS;;;;;NO;0*;;;;;;;;;;;;;;;;;;;;;;;;;0
A290;ANGERA;VA;81;27/12/2025;02/04/2026;MODIFICA;SI;0;Esenzione per redditi imponibili fino a euro 12.000,00;,7;Applicabile a scaglione di reddito fino a euro 28.000,00;,75;Applicabile a scaglione di reddito da euro 28.000,01 fino a euro 50.000,00;,8;Applicabile a scaglione di reddito oltre euro 50.000,00;;;;;;;;;;;;;;;;;4;12000
A291;ANGHIARI;AR;;;;;NO;0*;;;;;;;;;;;;;;;;;;;;;;;;;0
A292;ANGIARI;VR;40;22/12/2025;28/01/2026;CONFERMA;NO;0,8;Aliquota unica;;;;;;;;;;;;;;;;;;;;;;;1;0
A293;ANGOLO TERME;BS;33;30/12/2025;12/03/2026;MODIFICA;SI;0;Esenzione per redditi imponibili fino a euro 12.000,00;,8;Aliquota unica;;;;;;;;;;;;;;;;;;;;;2;12000
A294;ANGRI;SA;;;;;NO;0*;;;;;;;;;;;;;;;;;;;;;;;;;0
A295;ANGROGNA;TO;;;;;NO;0*;;;;;;;;;;;;;;;;;;;;;;;;;0
A297;ANGUILLARA SABAZIA;RM;;;;;NO;0*;;;;;;;;;;;;;;;;;;;;;;;;;0
A296;ANGUILLARA VENETA;PD;;;;;NO;0*;;;;;;;;;;;;;;;;;;;;;;;;;0
A299;ANNICCO;CR;;;;;NO;0*;;;;;;;;;;;;;;;;;;;;;;;;;0
A301;ANNONE DI BRIANZA;LC;49;13/11/2025;09/01/2026;MODIFICA;SI;0;Esenzione per redditi imponibili fino a euro 15.000,00;,55;Applicabile a scaglione di reddito fino a euro 28.000,00;,65;Applicabile a scaglione di reddito da euro 28.000,01 fino a euro 50.000,00;,7;Applicabile a scaglione di reddito oltre euro 50.000,00;;;;;;;;;;;;;;;;;4;15000
A302;ANNONE VENETO;VE;;;;;NO;0*;;;;;;;;;;;;;;;;;;;;;;;;;0
A303;ANOIA;RC;;;;;NO;0*;;;;;;;;;;;;;;;;;;;;;;;;;0
A304;ANTEGNATE;BG;;;;;NO;0*;;;;;;;;;;;;;;;;;;;;;;;;;0
A306;ANTERIVO;BZ;;;;;NO;0*;;;;;;;;;;;;;;;;;;;;;;;;;0
A305;ANTEY-SAINT-ANDRE';AO;;;;;NO;0*;;;;;;;;;;;;;;;;;;;;;;;;;0
A309;ANTICOLI CORRADO;RM;;;;;NO;0*;;;;;;;;;;;;;;;;;;;;;;;;;0
A312;ANTIGNANO;AT;24;22/12/2025;13/01/2026;CONFERMA;NO;0,6;Aliquota unica;;;;;;;;;;;;;;;;;;;;;;;1;0
A313;ANTILLO;ME;167;12/12/2025;17/08/2026;CONFERMA;NO;0,8;Aliquota unica;;;;;;;;;;;;;;;;;;;;;;;1;0
A314;ANTONIMINA;RC;;;;;NO;0*;;;;;;;;;;;;;;;;;;;;;;;;;0
A315;ANTRODOCO;RI;;;;;NO;0*;;;;;;;;;;;;;;;;;;;;;;;;;0
A317;ANTRONA SCHIERANCO;VB;;;;;NO;0*;;;;;;;;;;;;;;;;;;;;;;;;;0
A318;ANVERSA DEGLI ABRUZZI;AQ;23;20/12/2025;10/02/2026;NON APPLICA;NO;0;Aliquota unica;;;;;;;;;;;;;;;;;;;;;;;1;0
A319;ANZANO DEL PARCO;CO;29;19/12/2025;13/01/2026;DELIBERA ADOTTATA EX ART. 1, COMMA 751, L. 207/2024;SI;0,4;Applicabile a scaglione di reddito fino a euro 15.000,00;,4;Applicabile a scaglione di reddito da euro 15.000,01 fino a euro 28.000,00;,4;Applicabile a scaglione di reddito da euro 28.000,01 fino a euro 50.000,00;,6;Applicabile a scaglione di reddito oltre euro 50.000,00;0;Esenzione per redditi imponibili fino a euro 15.000,00;;;;;;;;;;;;;;;0;0
A320;ANZANO DI PUGLIA;FG;;;;;NO;0*;;;;;;;;;;;;;;;;;;;;;;;;;0
A321;ANZI;PZ;45;30/12/2025;16/06/2026;CONFERMA;NO;0,4;Aliquota unica;;;;;;;;;;;;;;;;;;;;;;;1;0
A323;ANZIO;RM;;;;;NO;0*;;;;;;;;;;;;;;;;;;;;;;;;;0
A324;ANZOLA DELL'EMILIA;BO;65;18/12/2025;02/01/2026;CONFERMA;SI;0;Esenzione per redditi imponibili fino a euro 13.000,00;,8;Aliquota unica;;;;;;;;;;;;;;;;;;;;;2;13000
A325;ANZOLA D'OSSOLA;VB;;;;;NO;0*;;;;;;;;;;;;;;;;;;;;;;;;;0
A326;AOSTA;AO;;;;;NO;0*;;;;;;;;;;;;;;;;;;;;;;;;;0
A327;APECCHIO;PU;12;12/03/2026;21/07/2026;CONFERMA;NO;0,8;Aliquota unica;;;;;;;;;;;;;;;;;;;;;;;1;0
A328;APICE;BN;35;22/12/2025;02/04/2026;CONFERMA;NO;0,8;Aliquota unica;;;;;;;;;;;;;;;;;;;;;;;1;0
A329;APIRO;MC;;;;;NO;0*;;;;;;;;;;;;;;;;;;;;;;;;;0
A330;APOLLOSA;BN;;;;;NO;0*;;;;;;;;;;;;;;;;;;;;;;;;;0
A333;APPIANO GENTILE;CO;40;22/12/2025;16/02/2026;CONFERMA;SI;0,27;Applicabile a scaglione di reddito fino a euro 28.000,00;,6;Applicabile a scaglione di reddito da euro 28.000,01 fino a euro 50.000,00;,8;Applicabile a scaglione di reddito oltre euro 50.000,00;;;;;;;;;;;;;;;;;;;3;0
A332;APPIANO SULLA STRADA DEL VINO;BZ;;;;;NO;0*;;;;;;;;;;;;;;;;;;;;;;;;;0
A334;APPIGNANO;MC;47;18/12/2024;23/01/2026;MODIFICA;NO;0,8;Aliquota unica;;;;;;;;;;;;;;;;;;;;;;;1;0
A335;APPIGNANO DEL TRONTO;AP;;;;;NO;0*;;;;;;;;;;;;;;;;;;;;;;;;;0
A337;APRICA;SO;29;23/12/2025;08/01/2026;CONFERMA;SI;0;Esenzione per redditi imponibili fino a euro 9.000,00;,8;Aliquota unica;;;;;;;;;;;;;;;;;;;;;2;9000
A338;APRICALE;IM;;;;;NO;0*;;;;;;;;;;;;;;;;;;;;;;;;;0
A339;APRICENA;FG;;;;;NO;0*;;;;;;;;;;;;;;;;;;;;;;;;;0
A340;APRIGLIANO;CS;26;29/12/2025;03/02/2026;CONFERMA;NO;0,8;Aliquota unica;;;;;;;;;;;;;;;;;;;;;;;1;0
A341;APRILIA;LT;;;;;NO;0*;;;;;;;;;;;;;;;;;;;;;;;;;0
A343;AQUARA;SA;;;;;NO;0*;;;;;;;;;;;;;;;;;;;;;;;;;0
A344;AQUILA D'ARROSCIA;IM;28;12/12/2025;08/01/2026;CONFERMA;NO;0,8;Aliquota unica;;;;;;;;;;;;;;;;;;;;;;;1;0
A346;AQUILEIA;UD;58;22/12/2025;09/01/2026;DELIBERA ADOTTATA EX ART. 1, COMMA 751, L. 207/2024;SI;0,3;Applicabile a SCAGLIONE DI REDDITO FINO A EURO 15.000,00;,4;Applicabile a SCAGLIONE DI REDDITO DA EURO 15.000,01 FINO A EURO 28.000,00;,6;Applicabile a SCAGLIONE DI REDDITO DA EURO 28.000,01 FINO A EURO 50.000,00;,78;Applicabile a SCAGLIONE DI REDDITO OLTRE EURO 50.000,00;0;Esenzione per redditi imponibili fino a euro 15.000,00;;;;;;;;;;;;;;;0;0
A347;AQUILONIA;AV;;;;;NO;0*;;;;;;;;;;;;;;;;;;;;;;;;;0
A348;AQUINO;FR;;;;;NO;0*;;;;;;;;;;;;;;;;;;;;;;;;;0
A350;ARADEO;LE;41;30/12/2025;03/02/2026;CONFERMA;NO;0,8;Aliquota unica;;;;;;;;;;;;;;;;;;;;;;;1;0
A351;ARAGONA;AG;;;;;NO;0*;;;;;;;;;;;;;;;;;;;;;;;;;0
A352;ARAMENGO;AT;;;;;NO;0*;;;;;;;;;;;;;;;;;;;;;;;;;0
A354;ARBA;PN;;;;;NO;0*;;;;;;;;;;;;;;;;;;;;;;;;;0
A357;ARBOREA;OR;;;;;NO;0*;;;;;;;;;;;;;;;;;;;;;;;;;0
A358;ARBORIO;VC;25;20/11/2025;27/01/2026;CONFERMA;NO;0,8;Aliquota unica;;;;;;;;;;;;;;;;;;;;;;;1;0
A359;ARBUS;SU;10;27/03/2026;26/05/2026;CONFERMA;NO;0,1;Aliquota unica;;;;;;;;;;;;;;;;;;;;;;;1;0
A360;ARCADE;TV;;;;;NO;0*;;;;;;;;;;;;;;;;;;;;;;;;;0
A363;ARCE;FR;;;;;NO;0*;;;;;;;;;;;;;;;;;;;;;;;;;0
A365;ARCENE;BG;49;30/12/2025;09/01/2026;DELIBERA ADOTTATA EX ART. 1, COMMA 751, L. 207/2024;SI;0,65;Applicabile a scaglione di reddito fino a euro 15.000,00;,68;Applicabile a scaglione di reddito da euro 15.000,01 fino a euro 28.000,00;,72;Applicabile a scaglione di reddito da euro 28.000,01 fino a euro 50.000,00;,8;Applicabile a scaglione di reddito oltre euro 50.000,00;0;Esenzione per redditi imponibili fino a euro 7.500,00;;;;;;;;;;;;;;;0;0
A366;ARCEVIA;AN;;;;;NO;0*;;;;;;;;;;;;;;;;;;;;;;;;;0
A367;ARCHI;CH;;;;;NO;0*;;;;;;;;;;;;;;;;;;;;;;;;;0
A369;ARCIDOSSO;GR;106;29/12/2025;03/02/2026;CONFERMA;NO;0,6;Aliquota unica;;;;;;;;;;;;;;;;;;;;;;;1;0
A370;ARCINAZZO ROMANO;RM;;;;;NO;0*;;;;;;;;;;;;;;;;;;;;;;;;;0
A371;ARCISATE;VA;;;;;NO;0*;;;;;;;;;;;;;;;;;;;;;;;;;0
A372;ARCO;TN;;;;;NO;0*;;;;;;;;;;;;;;;;;;;;;;;;;0
A373;ARCOLA;SP;87;04/12/2025;14/01/2026;CONFERMA;SI;0;Esenzione per redditi imponibili fino a euro 12.000,00;,8;Aliquota unica;;;;;;;;;;;;;;;;;;;;;2;12000
A374;ARCOLE;VR;;;;;NO;0*;;;;;;;;;;;;;;;;;;;;;;;;;0
A375;ARCONATE;MI;45;29/12/2025;08/01/2026;CONFERMA;SI;0;Esenzione per redditi imponibili fino a euro 10.000,00;,8;Aliquota unica;;;;;;;;;;;;;;;;;;;;;2;10000
A376;ARCORE;MB;;;;;NO;0*;;;;;;;;;;;;;;;;;;;;;;;;;0
A377;ARCUGNANO;VI;;;;;NO;0*;;;;;;;;;;;;;;;;;;;;;;;;;0
A379;ARDARA;SS;;;;;NO;0*;;;;;;;;;;;;;;;;;;;;;;;;;0
A380;ARDAULI;OR;;;;;NO;0*;;;;;;;;;;;;;;;;;;;;;;;;;0
M213;ARDEA;RM;7;16/02/2026;02/04/2026;CONFERMA;NO;0,8;Aliquota unica;;;;;;;;;;;;;;;;;;;;;;;1;0
A382;ARDENNO;SO;;;;;NO;0*;;;;;;;;;;;;;;;;;;;;;;;;;0
A383;ARDESIO;BG;38;20/12/2025;14/01/2026;CONFERMA;NO;0,8;Aliquota unica;;;;;;;;;;;;;;;;;;;;;;;1;0
A385;ARDORE;RC;;;;;NO;0*;;;;;;;;;;;;;;;;;;;;;;;;;0
A386;ARENA;VV;;;;;NO;0*;;;;;;;;;;;;;;;;;;;;;;;;;0
A387;ARENA PO;PV;33;29/11/2025;17/04/2026;CONFERMA;SI;0;Esenzione per redditi imponibili fino a euro 10.500,00;,8;Aliquota unica;;;;;;;;;;;;;;;;;;;;;2;10500
A388;ARENZANO;GE;29;23/12/2025;19/08/2026;CONFERMA;SI;0;Esenzione per redditi imponibili fino a euro 10.000,00;,2;Aliquota unica;;;;;;;;;;;;;;;;;;;;;2;10000
A389;ARESE;MI;102;16/12/2025;05/01/2026;CONFERMA;SI;0;Esenzione per redditi imponibili fino a euro 19.999,99;,8;Aliquota unica;;;;;;;;;;;;;;;;;;;;;2;19999,99
A390;AREZZO;AR;;;;;NO;0*;;;;;;;;;;;;;;;;;;;;;;;;;0
A391;ARGEGNO;CO;5;29/01/2026;20/02/2026;CONFERMA;SI;0;Esenzione per redditi imponibili fino a euro 10.000,00;,6;Aliquota unica;;;;;;;;;;;;;;;;;;;;;2;10000
A392;ARGELATO;BO;;;;;NO;0*;;;;;;;;;;;;;;;;;;;;;;;;;0
A393;ARGENTA;FE;;;;;NO;0*;;;;;;;;;;;;;;;;;;;;;;;;;0
A394;ARGENTERA;CN;32;20/12/2025;04/08/2026;CONFERMA;NO;0,8;Aliquota unica;;;;;;;;;;;;;;;;;;;;;;;1;0
A396;ARGUELLO;CN;;;;;NO;0*;;;;;;;;;;;;;;;;;;;;;;;;;0
A397;ARGUSTO;CZ;;;;;NO;0*;;;;;;;;;;;;;;;;;;;;;;;;;0
A398;ARI;CH;;;;;NO;0*;;;;;;;;;;;;;;;;;;;;;;;;;0
A399;ARIANO IRPINO;AV;;;;;NO;0*;;;;;;;;;;;;;;;;;;;;;;;;;0
A400;ARIANO NEL POLESINE;RO;53;28/11/2025;16/01/2026;CONFERMA;NO;0,7;Aliquota unica;;;;;;;;;;;;;;;;;;;;;;;1;0
A401;ARICCIA;RM;;;;;NO;0*;;;;;;;;;;;;;;;;;;;;;;;;;0
A402;ARIELLI;CH;15;20/12/2025;06/03/2026;NON APPLICA;NO;0;Aliquota unica;;;;;;;;;;;;;;;;;;;;;;;1;0
A403;ARIENZO;CE;;;;;NO;0*;;;;;;;;;;;;;;;;;;;;;;;;;0
A405;ARIGNANO;TO;33;18/12/2025;09/01/2026;CONFERMA;NO;0,5;Aliquota unica;;;;;;;;;;;;;;;;;;;;;;;1;0
A407;ARITZO;NU;38;28/11/2025;29/01/2026;CONFERMA;NO;0,2;Aliquota unica;;;;;;;;;;;;;;;;;;;;;;;1;0
A409;ARIZZANO;VB;;;;;NO;0*;;;;;;;;;;;;;;;;;;;;;;;;;0
A412;ARLENA DI CASTRO;VT;;;;;NO;0*;;;;;;;;;;;;;;;;;;;;;;;;;0
A413;ARLUNO;MI;47;17/12/2025;14/04/2026;CONFERMA;NO;0,8;Aliquota unica;;;;;;;;;;;;;;;;;;;;;;;1;0
A414;ARMENO;NO;;;;;NO;0*;;;;;;;;;;;;;;;;;;;;;;;;;0
A415;ARMENTO;PZ;;;;;NO;0*;;;;;;;;;;;;;;;;;;;;;;;;;0
A418;ARMO;IM;15;27/11/2025;14/04/2026;CONFERMA;NO;0,8;Aliquota unica;;;;;;;;;;;;;;;;;;;;;;;1;0
A419;ARMUNGIA;SU;;;;;NO;0*;;;;;;;;;;;;;;;;;;;;;;;;;0
A424;ARNAD;AO;;;;;NO;0*;;;;;;;;;;;;;;;;;;;;;;;;;0
A421;ARNARA;FR;24;19/12/2025;20/04/2026;MODIFICA;NO;0,8;Aliquota unica;;;;;;;;;;;;;;;;;;;;;;;1;0
A422;ARNASCO;SV;23;16/12/2025;18/02/2026;CONFERMA;NO;0,8;Aliquota unica;;;;;;;;;;;;;;;;;;;;;;;1;0
A425;ARNESANO;LE;3;30/01/2026;23/04/2026;CONFERMA;SI;0;Esenzione per redditi imponibili fino a euro 10.000,00;,45;Applicabile a scaglione di reddito fino a euro 28.000,00;,5;Applicabile a scaglione di reddito da euro 28.000,01 fino a euro 50.000,00;,8;Applicabile a scaglione di reddito oltre euro 50.000,00;;;;;;;;;;;;;;;;;4;10000
A427;AROLA;VB;;;;;NO;0*;;;;;;;;;;;;;;;;;;;;;;;;;0
A429;ARONA;NO;;;;;NO;0*;;;;;;;;;;;;;;;;;;;;;;;;;0
A430;AROSIO;CO;46;22/12/2025;15/01/2026;CONFERMA;NO;0,8;Aliquota unica;;;;;;;;;;;;;;;;;;;;;;;1;0
A431;ARPAIA;BN;;;;;NO;0*;;;;;;;;;;;;;;;;;;;;;;;;;0
A432;ARPAISE;BN;;;;;NO;0*;;;;;;;;;;;;;;;;;;;;;;;;;0
A433;ARPINO;FR;;;;;NO;0*;;;;;;;;;;;;;;;;;;;;;;;;;0
A434;ARQUA' PETRARCA;PD;12;26/02/2026;08/04/2026;CONFERMA;SI;0;Esenzione per redditi imponibili fino a euro 10.000,00;,65;Applicabile a scaglione di reddito fino a euro 28.000,00;,72;Applicabile a scaglione di reddito da euro 28.000,01 fino a euro 50.000,00;,74;Applicabile a scaglione di reddito oltre euro 50.000,00;;;;;;;;;;;;;;;;;4;10000
A435;ARQUA' POLESINE;RO;;;;;NO;0*;;;;;;;;;;;;;;;;;;;;;;;;;0
A437;ARQUATA DEL TRONTO;AP;;;;;NO;0*;;;;;;;;;;;;;;;;;;;;;;;;;0
A436;ARQUATA SCRIVIA;AL;;;;;NO;0*;;;;;;;;;;;;;;;;;;;;;;;;;0
A438;ARRE;PD;;;;;NO;0*;;;;;;;;;;;;;;;;;;;;;;;;;0
A439;ARRONE;TR;;;;;NO;0*;;;;;;;;;;;;;;;;;;;;;;;;;0
A441;ARSAGO SEPRIO;VA;25;17/12/2025;04/03/2026;CONFERMA;SI;0;Esenzione per redditi imponibili fino a euro 12.000,00;,8;Aliquota unica;;;;;;;;;;;;;;;;;;;;;2;12000
A443;ARSIE';BL;33;19/12/2025;07/04/2026;CONFERMA;NO;0,8;Aliquota unica;;;;;;;;;;;;;;;;;;;;;;;1;0
A444;ARSIERO;VI;45;27/12/2025;18/08/2026;DELIBERA ADOTTATA EX ART. 1, COMMA 751, L. 207/2024;SI;0,73;Applicabile a scaglione di reddito fino a euro 15.000,00;,76;Applicabile a scaglione di reddito da euro 15.000,01 fino a euro 28.000,00;,78;Applicabile a scaglione di reddito da euro 28.000,01 fino a euro 50.000,00;,8;Applicabile a scaglione di reddito oltre euro 50.000,00;0;Esenzione per redditi imponibili fino a euro 15.000,00;;;;;;;;;;;;;;;0;0
A445;ARSITA;TE;21;30/12/2025;16/04/2026;CONFERMA;NO;0,6;Aliquota unica;;;;;;;;;;;;;;;;;;;;;;;1;0
A446;ARSOLI;RM;17;22/12/2025;05/02/2026;CONFERMA;NO;0,8;Aliquota unica;;;;;;;;;;;;;;;;;;;;;;;1;0
A447;ARTA TERME;UD;45;19/12/2025;18/03/2026;CONFERMA;NO;0,6;Aliquota unica;;;;;;;;;;;;;;;;;;;;;;;1;0
A448;ARTEGNA;UD;46;18/12/2025;03/02/2026;CONFERMA;NO;0,5;Aliquota unica;;;;;;;;;;;;;;;;;;;;;;;1;0
A449;ARTENA;RM;;;;;NO;0*;;;;;;;;;;;;;;;;;;;;;;;;;0
A451;ARTOGNE;BS;;;;;NO;0*;;;;;;;;;;;;;;;;;;;;;;;;;0
A452;ARVIER;AO;;;;;NO;0*;;;;;;;;;;;;;;;;;;;;;;;;;0
A453;ARZACHENA;SS;;;;;NO;0*;;;;;;;;;;;;;;;;;;;;;;;;;0
A440;ARZAGO D'ADDA;BG;;;;;NO;0*;;;;;;;;;;;;;;;;;;;;;;;;;0
A454;ARZANA;NU;;;;;NO;0*;;;;;;;;;;;;;;;;;;;;;;;;;0
A455;ARZANO;NA;;;;;NO;0*;;;;;;;;;;;;;;;;;;;;;;;;;0
A458;ARZERGRANDE;PD;;;;;NO;0*;;;;;;;;;;;;;;;;;;;;;;;;;0
A459;ARZIGNANO;VI;;;;;NO;0*;;;;;;;;;;;;;;;;;;;;;;;;;0
A460;ASCEA;SA;44;30/12/2025;06/02/2026;CONFERMA;NO;0,8;Aliquota unica;;;;;;;;;;;;;;;;;;;;;;;1;0
A461;ASCIANO;SI;;;;;NO;0*;;;;;;;;;;;;;;;;;;;;;;;;;0
A462;ASCOLI PICENO;AP;;;;;NO;0*;;;;;;;;;;;;;;;;;;;;;;;;;0
A463;ASCOLI SATRIANO;FG;1;10/02/2026;17/03/2026;MODIFICA;NO;0,5;Aliquota unica;;;;;;;;;;;;;;;;;;;;;;;1;0
A464;ASCREA;RI;;;;;NO;0*;;;;;;;;;;;;;;;;;;;;;;;;;0
A465;ASIAGO;VI;49;29/12/2025;20/02/2026;CONFERMA;NO;0,8;Aliquota unica;;;;;;;;;;;;;;;;;;;;;;;1;0
A467;ASIGLIANO VENETO;VI;22;18/12/2025;20/02/2026;MODIFICA;SI;0;Esenzione per redditi imponibili fino a euro 15.000,00;,5;Aliquota unica;;;;;;;;;;;;;;;;;;;;;2;15000
A466;ASIGLIANO VERCELLESE;VC;;;;;NO;0*;;;;;;;;;;;;;;;;;;;;;;;;;0
A470;ASOLA;MN;59;22/12/2025;06/07/2026;CONFERMA;SI;0;Esenzione per redditi imponibili fino a euro 16.000,00;,65;Applicabile a scaglione di reddito fino a euro 28.000,00;,79;Applicabile a scaglione di reddito da euro 28.000,01 fino a euro 50.000,00;,8;Applicabile a scaglione di reddito oltre euro 50.000,00;;;;;;;;;;;;;;;;;4;16000
A471;ASOLO;TV;;;;;NO;0*;;;;;;;;;;;;;;;;;;;;;;;;;0
A473;ASSAGO;MI;;;;;NO;0*;;;;;;;;;;;;;;;;;;;;;;;;;0
A474;ASSEMINI;CA;;;;;NO;0*;;;;;;;;;;;;;;;;;;;;;;;;;0
A475;ASSISI;PG;;;;;NO;0*;;;;;;;;;;;;;;;;;;;;;;;;;0
A476;ASSO;CO;41;16/12/2025;29/01/2026;CONFERMA;SI;0;Esenzione per redditi imponibili fino a euro 12.000,00;,7;Aliquota unica;;;;;;;;;;;;;;;;;;;;;2;12000
A477;ASSOLO;OR;;;;;NO;0*;;;;;;;;;;;;;;;;;;;;;;;;;0
A478;ASSORO;EN;59;28/11/2025;27/02/2026;CONFERMA;SI;0;Esenzione per redditi imponibili fino a euro 10.000,00;,8;Aliquota unica;;;;;;;;;;;;;;;;;;;;;2;10000
A479;ASTI;AT;;;;;NO;0*;;;;;;;;;;;;;;;;;;;;;;;;;0
A480;ASUNI;OR;;;;;NO;0*;;;;;;;;;;;;;;;;;;;;;;;;;0
A481;ATELETA;AQ;;;;;NO;0*;;;;;;;;;;;;;;;;;;;;;;;;;0
A482;ATELLA;PZ;35;30/12/2025;30/04/2026;MODIFICA;SI;0;Esenzione per redditi imponibili fino a euro 1.000,00;,8;Aliquota unica;;;;;;;;;;;;;;;;;;;;;2;1000
A484;ATENA LUCANA;SA;;;;;NO;0*;;;;;;;;;;;;;;;;;;;;;;;;;0
A485;ATESSA;CH;;;;;NO;0*;;;;;;;;;;;;;;;;;;;;;;;;;0
A486;ATINA;FR;;;;;NO;0*;;;;;;;;;;;;;;;;;;;;;;;;;0
A487;ATRANI;SA;;;;;NO;0*;;;;;;;;;;;;;;;;;;;;;;;;;0
A488;ATRI;TE;;;;;NO;0*;;;;;;;;;;;;;;;;;;;;;;;;;0
A489;ATRIPALDA;AV;38;29/12/2025;12/02/2026;CONFERMA;NO;0,8;Aliquota unica;;;;;;;;;;;;;;;;;;;;;;;1;0
A490;ATTIGLIANO;TR;;;;;NO;0*;;;;;;;;;;;;;;;;;;;;;;;;;0
A491;ATTIMIS;UD;;;;;NO;0*;;;;;;;;;;;;;;;;;;;;;;;;;0
A492;ATZARA;NU;;;;;NO;0*;;;;;;;;;;;;;;;;;;;;;;;;;0
A494;AUGUSTA;SR;;;;;NO;0*;;;;;;;;;;;;;;;;;;;;;;;;;0
A495;AULETTA;SA;;;;;NO;0*;;;;;;;;;;;;;;;;;;;;;;;;;0
A496;AULLA;MS;37;29/12/2025;11/05/2026;CONFERMA;SI;0;Esenzione per redditi imponibili fino a euro 7.999,99;,8;Aliquota unica;;;;;;;;;;;;;;;;;;;;;2;7999,99
A497;AURANO;VB;;;;;NO;0*;;;;;;;;;;;;;;;;;;;;;;;;;0
A499;AURIGO;IM;;;;;NO;0*;;;;;;;;;;;;;;;;;;;;;;;;;0
A501;AURONZO DI CADORE;BL;46;29/12/2025;12/01/2026;CONFERMA;SI;0;Esenzione per redditi imponibili fino a euro 5.999,99;,4;Aliquota unica;;;;;;;;;;;;;;;;;;;;;2;5999,99
A502;AUSONIA;FR;;;;;NO;0*;;;;;;;;;;;;;;;;;;;;;;;;;0
A503;AUSTIS;NU;;;;;NO;0*;;;;;;;;;;;;;;;;;;;;;;;;;0
A506;AVEGNO;GE;;;;;NO;0*;;;;;;;;;;;;;;;;;;;;;;;;;0
A507;AVELENGO;BZ;;;;;NO;0*;;;;;;;;;;;;;;;;;;;;;;;;;0
A508;AVELLA;AV;49;22/12/2025;02/01/2026;CONFERMA;NO;0,8;Aliquota unica;;;;;;;;;;;;;;;;;;;;;;;1;0
A509;AVELLINO;AV;;;;;NO;0*;;;;;;;;;;;;;;;;;;;;;;;;;0
A511;AVERARA;BG;29;16/12/2025;12/01/2026;CONFERMA;NO;0,4;Aliquota unica;;;;;;;;;;;;;;;;;;;;;;;1;0
A512;AVERSA;CE;;;;;NO;0*;;;;;;;;;;;;;;;;;;;;;;;;;0
A514;AVETRANA;TA;;;;;NO;0*;;;;;;;;;;;;;;;;;;;;;;;;;0
A515;AVEZZANO;AQ;;;;;NO;0*;;;;;;;;;;;;;;;;;;;;;;;;;0
A516;AVIANO;PN;85;18/12/2025;09/02/2026;CONFERMA;SI;0;Esenzione per redditi imponibili fino a euro 15.000,00;,28;Applicabile a scaglione di reddito fino a euro 28.000,00;,42;Applicabile a scaglione di reddito da euro 28.000,01 fino a euro 50.000,00;,54;Applicabile a scaglione di reddito oltre euro 50.000,00;;;;;;;;;;;;;;;;;4;15000
A517;AVIATICO;BG;35;30/12/2025;13/01/2026;CONFERMA;NO;0,8;Aliquota unica;;;;;;;;;;;;;;;;;;;;;;;1;0
A518;AVIGLIANA;TO;;;;;NO;0*;;;;;;;;;;;;;;;;;;;;;;;;;0
A519;AVIGLIANO;PZ;;;;;NO;0*;;;;;;;;;;;;;;;;;;;;;;;;;0
M258;AVIGLIANO UMBRO;TR;;;;;NO;0*;;;;;;;;;;;;;;;;;;;;;;;;;0
A520;AVIO;TN;;;;;NO;0*;;;;;;;;;;;;;;;;;;;;;;;;;0
A521;AVISE;AO;;;;;NO;0*;;;;;;;;;;;;;;;;;;;;;;;;;0
A522;AVOLA;SR;;;;;NO;0*;;;;;;;;;;;;;;;;;;;;;;;;;0
A523;AVOLASCA;AL;;;;;NO;0*;;;;;;;;;;;;;;;;;;;;;;;;;0
A094;AYAS;AO;;;;;NO;0*;;;;;;;;;;;;;;;;;;;;;;;;;0
A108;AYMAVILLES;AO;61;22/12/2025;20/01/2026;CONFERMA;SI;0;Esenzione per redditi imponibili fino a euro 18.000,00;,15;Aliquota unica;;;;;;;;;;;;;;;;;;;;;2;18000
A525;AZEGLIO;TO;;;;;NO;0*;;;;;;;;;;;;;;;;;;;;;;;;;0
A526;AZZANELLO;CR;28;22/12/2025;03/02/2026;CONFERMA;NO;0,8;Aliquota unica;;;;;;;;;;;;;;;;;;;;;;;1;0
A527;AZZANO D'ASTI;AT;;;;;NO;0*;;;;;;;;;;;;;;;;;;;;;;;;;0
A530;AZZANO DECIMO;PN;;;;;NO;0*;;;;;;;;;;;;;;;;;;;;;;;;;0
A529;AZZANO MELLA;BS;;;;;NO;0*;;;;;;;;;;;;;;;;;;;;;;;;;0
A528;AZZANO SAN PAOLO;BG;60;15/12/2025;29/05/2026;CONFERMA;SI;0;Esenzione per redditi imponibili fino a euro 10.000,00;,64;Applicabile a scaglione di reddito fino a euro 28.000,00;,66;Applicabile a scaglione di reddito da euro 28.000,01 fino a euro 50.000,00;,7;Applicabile a scaglione di reddito oltre euro 50.000,00;;;;;;;;;;;;;;;;;4;10000
A531;AZZATE;VA;48;22/12/2025;10/02/2026;MODIFICA;SI;0;Esenzione per redditi imponibili fino a euro 16.000,00;,75;Applicabile a scaglione di reddito fino a euro 28.000,00;,8;Applicabile a scaglione di reddito da euro 28.000,01 fino a euro 50.000,00;,8;Applicabile a scaglione di reddito oltre euro 50.000,00;;;;;;;;;;;;;;;;;4;16000
A532;AZZIO;VA;;;;;NO;0*;;;;;;;;;;;;;;;;;;;;;;;;;0
A533;AZZONE;BG;;;;;NO;0*;;;;;;;;;;;;;;;;;;;;;;;;;0
A534;BACENO;VB;;;;;NO;0*;;;;;;;;;;;;;;;;;;;;;;;;;0
A535;BACOLI;NA;;;;;NO;0*;;;;;;;;;;;;;;;;;;;;;;;;;0
A536;BADALUCCO;IM;;;;;NO;0*;;;;;;;;;;;;;;;;;;;;;;;;;0
M214;BADESI;SS;;;;;NO;0*;;;;;;;;;;;;;;;;;;;;;;;;;0
A537;BADIA;BZ;;;;;NO;0*;;;;;;;;;;;;;;;;;;;;;;;;;0
A540;BADIA CALAVENA;VR;;;;;NO;0*;;;;;;;;;;;;;;;;;;;;;;;;;0
A538;BADIA PAVESE;PV;;;;;NO;0*;;;;;;;;;;;;;;;;;;;;;;;;;0
A539;BADIA POLESINE;RO;;;;;NO;0*;;;;;;;;;;;;;;;;;;;;;;;;;0
A541;BADIA TEDALDA;AR;;;;;NO;0*;;;;;;;;;;;;;;;;;;;;;;;;;0
A542;BADOLATO;CZ;;;;;NO;0*;;;;;;;;;;;;;;;;;;;;;;;;;0
A544;BAGALADI;RC;;;;;NO;0*;;;;;;;;;;;;;;;;;;;;;;;;;0
A546;BAGHERIA;PA;;;;;NO;0*;;;;;;;;;;;;;;;;;;;;;;;;;0
A547;BAGNACAVALLO;RA;;;;;NO;0*;;;;;;;;;;;;;;;;;;;;;;;;;0
A552;BAGNARA CALABRA;RC;;;;;NO;0*;;;;;;;;;;;;;;;;;;;;;;;;;0
A551;BAGNARA DI ROMAGNA;RA;;;;;NO;0*;;;;;;;;;;;;;;;;;;;;;;;;;0
A550;BAGNARIA;PV;;;;;NO;0*;;;;;;;;;;;;;;;;;;;;;;;;;0
A553;BAGNARIA ARSA;UD;;;;;NO;0*;;;;;;;;;;;;;;;;;;;;;;;;;0
A555;BAGNASCO;CN;24;23/12/2025;08/01/2026;MODIFICA;NO;0,8;Aliquota unica;;;;;;;;;;;;;;;;;;;;;;;1;0
A557;BAGNATICA;BG;19;22/12/2025;16/02/2026;CONFERMA;SI;0;Esenzione per redditi imponibili fino a euro 15.000,00;,6;Applicabile a scaglione di reddito fino a euro 28.000,00;,7;Applicabile a scaglione di reddito da euro 28.000,01 fino a euro 50.000,00;,8;Applicabile a scaglione di reddito oltre euro 50.000,00;;;;;;;;;;;;;;;;;4;15000
A560;BAGNI DI LUCCA;LU;62;24/11/2025;04/12/2025;CONFERMA;SI;0;Esenzione per redditi imponibili fino a euro 10.000,00;,8;Aliquota unica;;;;;;;;;;;;;;;;;;;;;2;10000
A564;BAGNO A RIPOLI;FI;;;;;NO;0*;;;;;;;;;;;;;;;;;;;;;;;;;0
A565;BAGNO DI ROMAGNA;FC;;;;;NO;0*;;;;;;;;;;;;;;;;;;;;;;;;;0
A567;BAGNOLI DEL TRIGNO;IS;;;;;NO;0*;;;;;;;;;;;;;;;;;;;;;;;;;0
A568;BAGNOLI DI SOPRA;PD;35;27/12/2025;03/02/2026;CONFERMA;SI;0,6;Aliquota unica;0;Esenzione per i soggetti ultrasessantacinquenni il cui unico reddito derivi esclusivamente da redditi di pensione inferiori a euro 10000.00;;;;;;;;;;;;;;;;;;;;;5;0
A566;BAGNOLI IRPINO;AV;;;;;NO;0*;;;;;;;;;;;;;;;;;;;;;;;;;0
A570;BAGNOLO CREMASCO;CR;35;20/12/2025;22/01/2026;CONFERMA;SI;0;Esenzione per redditi imponibili fino a euro 13.000,00;,68;Applicabile a scaglione di reddito fino a euro 28.000,00;,75;Applicabile a scaglione di reddito da euro 28.000,01 fino a euro 50.000,00;,8;Applicabile a scaglione di reddito oltre euro 50.000,00;;;;;;;;;;;;;;;;;4;13000
A572;BAGNOLO DEL SALENTO;LE;24;28/11/2025;05/05/2026;CONFERMA;SI;0;Esenzione per redditi imponibili fino a euro 12.000,00;,7;Aliquota unica;;;;;;;;;;;;;;;;;;;;;2;12000
A574;BAGNOLO DI PO;RO;48;30/12/2025;30/01/2026;CONFERMA;NO;0,7;Aliquota unica;;;;;;;;;;;;;;;;;;;;;;;1;0
A573;BAGNOLO IN PIANO;RE;72;30/12/2025;18/03/2026;CONFERMA;SI;0;Esenzione per redditi imponibili fino a euro 10.000,00;,8;Aliquota unica;;;;;;;;;;;;;;;;;;;;;2;10000
A569;BAGNOLO MELLA;BS;;;;;NO;0*;;;;;;;;;;;;;;;;;;;;;;;;;0
A571;BAGNOLO PIEMONTE;CN;;;;;NO;0*;;;;;;;;;;;;;;;;;;;;;;;;;0
A575;BAGNOLO SAN VITO;MN;44;30/12/2025;14/01/2026;CONFERMA;SI;0;Esenzione per redditi imponibili fino a euro 15.000,00;,7;Aliquota unica;;;;;;;;;;;;;;;;;;;;;2;15000
A576;BAGNONE;MS;;;;;NO;0*;;;;;;;;;;;;;;;;;;;;;;;;;0
A577;BAGNOREGIO;VT;54;29/12/2025;27/01/2026;CONFERMA;NO;0,8;Aliquota unica;;;;;;;;;;;;;;;;;;;;;;;1;0
A578;BAGOLINO;BS;36;22/12/2025;04/02/2026;CONFERMA;SI;0;Esenzione per redditi imponibili fino a euro 9.999,99;,7;Aliquota unica;;;;;;;;;;;;;;;;;;;;;2;9999,99
A579;BAIA E LATINA;CE;;;;;NO;0*;;;;;;;;;;;;;;;;;;;;;;;;;0
A580;BAIANO;AV;22;13/11/2025;17/04/2026;CONFERMA;NO;0,7;Aliquota unica;;;;;;;;;;;;;;;;;;;;;;;1;0
A581;BAIARDO;IM;;;;;NO;0*;;;;;;;;;;;;;;;;;;;;;;;;;0
A584;BAIRO;TO;21;22/12/2025;21/01/2026;CONFERMA;NO;0,8;Aliquota unica;;;;;;;;;;;;;;;;;;;;;;;1;0
A586;BAISO;RE;42;29/12/2025;05/02/2026;MODIFICA;SI;0;Esenzione per redditi imponibili fino a euro 12.000,00;,7;Applicabile a scaglione di reddito fino a euro 28.000,00;,77;Applicabile a scaglione di reddito da euro 28.000,01 fino a euro 50.000,00;,8;Applicabile a scaglione di reddito oltre euro 50.000,00;;;;;;;;;;;;;;;;;4;12000
A587;BALANGERO;TO;28;17/12/2025;09/01/2026;MODIFICA;SI;0;Esenzione per redditi imponibili fino a euro 8.000,00;,75;Applicabile a scaglione di reddito fino a euro 28.000,00;,8;Applicabile a scaglione di reddito da euro 28.000,01 fino a euro 50.000,00;,8;Applicabile a scaglione di reddito oltre euro 50.000,00;;;;;;;;;;;;;;;;;4;8000
A588;BALDICHIERI D'ASTI;AT;;;;;NO;0*;;;;;;;;;;;;;;;;;;;;;;;;;0
A590;BALDISSERO CANAVESE;TO;;;;;NO;0*;;;;;;;;;;;;;;;;;;;;;;;;;0
A589;BALDISSERO D'ALBA;CN;27;17/12/2025;21/01/2026;CONFERMA;NO;0,8;Aliquota unica;;;;;;;;;;;;;;;;;;;;;;;1;0
A591;BALDISSERO TORINESE;TO;29;22/12/2025;10/02/2026;DELIBERA ADOTTATA EX ART. 1, COMMA 751, L. 207/2024;SI;0,5;Applicabile a scaglione di reddito fino a euro 15.000,00;,6;Applicabile a scaglione di reddito da euro 15.000,01 fino a euro 28.000,00;,75;Applicabile a scaglione di reddito da euro 28.000,01 fino a euro 50.000,00;,8;Applicabile a scaglione di reddito oltre euro 50.000,00;0;Esenzione per redditi imponibili fino a euro 10.000,00;;;;;;;;;;;;;;;0;0
A592;BALESTRATE;PA;;;;;NO;0*;;;;;;;;;;;;;;;;;;;;;;;;;0
A593;BALESTRINO;SV;15;17/12/2025;04/08/2026;CONFERMA;NO;0,8;Aliquota unica;;;;;;;;;;;;;;;;;;;;;;;1;0
A594;BALLABIO;LC;68;22/12/2025;10/06/2026;DELIBERA ADOTTATA EX ART. 1, COMMA 751, L. 207/2024;SI;0,35;Applicabile a scaglione di reddito fino a euro 15.000,00;,4;Applicabile a scaglione di reddito da euro 15.000,01 fino a euro 28.000,00;,5;Applicabile a scaglione di reddito da euro 28.000,01 fino a euro 50.000,00;,8;Applicabile a scaglione di reddito oltre euro 50.000,00;0;Esenzione per redditi imponibili fino a euro 8.000,00;;;;;;;;;;;;;;;0;0
A597;BALLAO;SU;;;;;NO;0*;;;;;;;;;;;;;;;;;;;;;;;;;0
A599;BALME;TO;;;;;NO;0*;;;;;;;;;;;;;;;;;;;;;;;;;0
A600;BALMUCCIA;VC;;;;;NO;0*;;;;;;;;;;;;;;;;;;;;;;;;;0
A601;BALOCCO;VC;25;11/12/2025;21/01/2026;CONFERMA;NO;0,8;Aliquota unica;;;;;;;;;;;;;;;;;;;;;;;1;0
A603;BALSORANO;AQ;;;;;NO;0*;;;;;;;;;;;;;;;;;;;;;;;;;0
A604;BALVANO;PZ;;;;;NO;0*;;;;;;;;;;;;;;;;;;;;;;;;;0
A605;BALZOLA;AL;;;;;NO;0*;;;;;;;;;;;;;;;;;;;;;;;;;0
A606;BANARI;SS;;;;;NO;0*;;;;;;;;;;;;;;;;;;;;;;;;;0
A607;BANCHETTE;TO;28;17/12/2025;15/06/2026;CONFERMA;NO;0,8;Aliquota unica;;;;;;;;;;;;;;;;;;;;;;;1;0
A610;BANNIO ANZINO;VB;27;30/12/2025;08/01/2026;CONFERMA;SI;0;Esenzione per redditi imponibili fino a euro 7.999,99;,4;Aliquota unica;;;;;;;;;;;;;;;;;;;;;2;7999,99
A612;BANZI;PZ;;;;;NO;0*;;;;;;;;;;;;;;;;;;;;;;;;;0
A613;BAONE;PD;;;;;NO;0*;;;;;;;;;;;;;;;;;;;;;;;;;0
A614;BARADILI;OR;;;;;NO;0*;;;;;;;;;;;;;;;;;;;;;;;;;0
A615;BARAGIANO;PZ;;;;;NO;0*;;;;;;;;;;;;;;;;;;;;;;;;;0
A616;BARANELLO;CB;42;27/11/2025;12/02/2026;CONFERMA;SI;0,8;Aliquota unica;0;Esenzione per i contribuenti che abbiano un reddito complessivo annuo imponibile derivante da lavoro dipendente -art. 49, comma 1,TUIR- e assimilato -art. 50, TUIR lett. a, b, c, c-bis, d, h-bis e l-, o pensione ---art.49 comma 2-, inferiore ad euro 10.000,00;0;Esenzione per i contribuenti che abbiano un reddito complessivo annuo imponibile derivante da redditi assimilati a lavoro dipendente - art. 50, comma 1, TUIR, lett.e, f, g, h,i -, da redditi di lavoro autonomo - art.53 TUIR -, redditi di imprese minori -art.66 TUIR - e redditi diversi -art.67 TUIR, lett.i ed l -, inferiore a euro 4.000,00;;;;;;;;;;;;;;;;;;;5;0
A617;BARANO D'ISCHIA;NA;;;;;NO;0*;;;;;;;;;;;;;;;;;;;;;;;;;0
A618;BARANZATE;MI;44;29/12/2025;03/02/2026;CONFERMA;SI;0;Esenzione per redditi imponibili fino a euro 10.000,00;,8;Aliquota unica;;;;;;;;;;;;;;;;;;;;;2;10000
A619;BARASSO;VA;;;;;NO;0*;;;;;;;;;;;;;;;;;;;;;;;;;0
A621;BARATILI SAN PIETRO;OR;;;;;NO;0*;;;;;;;;;;;;;;;;;;;;;;;;;0
A625;BARBANIA;TO;42;23/12/2025;28/01/2026;CONFERMA;SI;0;Esenzione per redditi imponibili fino a euro 9.999,99;,6;Aliquota unica;;;;;;;;;;;;;;;;;;;;;2;9999,99
A626;BARBARA;AN;26;22/12/2025;28/01/2026;CONFERMA;NO;0,8;Aliquota unica;;;;;;;;;;;;;;;;;;;;;;;1;0
M401;BARBARANO MOSSANO;VI;39;17/12/2025;16/01/2026;CONFERMA;NO;0,65;Aliquota unica;;;;;;;;;;;;;;;;;;;;;;;1;0
A628;BARBARANO ROMANO;VT;;;;;NO;0*;;;;;;;;;;;;;;;;;;;;;;;;;0
A629;BARBARESCO;CN;;;;;NO;0*;;;;;;;;;;;;;;;;;;;;;;;;;0
A630;BARBARIGA;BS;49;23/12/2025;27/01/2026;CONFERMA;NO;0,8;Aliquota unica;;;;;;;;;;;;;;;;;;;;;;;1;0
A631;BARBATA;BG;;;;;NO;0*;;;;;;;;;;;;;;;;;;;;;;;;;0
A632;BARBERINO DI MUGELLO;FI;89;29/12/2025;14/07/2026;MODIFICA;SI;0;Esenzione per redditi imponibili fino a euro 15.000,00;,7;Applicabile a scaglione di reddito fino a euro 28.000,00;,79;Applicabile a scaglione di reddito da euro 28.000,01 fino a euro 50.000,00;,8;Applicabile a scaglione di reddito oltre euro 50.000,00;;;;;;;;;;;;;;;;;4;15000
M408;BARBERINO TAVARNELLE;FI;;;;;NO;0*;;;;;;;;;;;;;;;;;;;;;;;;;0
A634;BARBIANELLO;PV;;;;;NO;0*;;;;;;;;;;;;;;;;;;;;;;;;;0
A635;BARBIANO;BZ;;;;;NO;0*;;;;;;;;;;;;;;;;;;;;;;;;;0
A637;BARBONA;PD;;;;;NO;0*;;;;;;;;;;;;;;;;;;;;;;;;;0
A638;BARCELLONA POZZO DI GOTTO;ME;;;;;NO;0*;;;;;;;;;;;;;;;;;;;;;;;;;0
A640;BARCIS;PN;;;;;NO;0*;;;;;;;;;;;;;;;;;;;;;;;;;0
A643;BARD;AO;;;;;NO;0*;;;;;;;;;;;;;;;;;;;;;;;;;0
M433;BARDELLO CON MALGESSO E BREGANO;VA;21;12/12/2025;27/02/2026;CONFERMA;SI;0;Esenzione per redditi imponibili fino a euro 15.000,00;,56;Applicabile a scaglione di reddito fino a euro 28.000,00;,75;Applicabile a scaglione di reddito da euro 28.000,01 fino a euro 50.000,00;,8;Applicabile a scaglione di reddito oltre euro 50.000,00;;;;;;;;;;;;;;;;;4;15000
A646;BARDI;PR;;;;;NO;0*;;;;;;;;;;;;;;;;;;;;;;;;;0
A647;BARDINETO;SV;34;23/12/2025;12/01/2026;CONFERMA;SI;0;Esenzione per redditi imponibili fino a euro 10.000,00;,6;Applicabile a scaglione di reddito fino a euro 28.000,00;,75;Applicabile a scaglione di reddito da euro 28.000,01 fino a euro 50.000,00;,8;Applicabile a scaglione di reddito oltre euro 50.000,00;;;;;;;;;;;;;;;;;4;10000
A650;BARDOLINO;VR;41;22/12/2025;29/01/2026;CONFERMA;SI;0,4;Aliquota unica;0;Esenzione per redditi fino a 28.000,00 euro;0;Esenzione per  famiglie con reddito complessivo imponibile non superiore a 35.000,00 euro  - ed aventi fiscalmente a carico tre o più figli, con innalzamento di euro 10.000,00 - per ogni figlio a carico oltre il terzo;;;;;;;;;;;;;;;;;;;5;0
A651;BARDONECCHIA;TO;;;;;NO;0*;;;;;;;;;;;;;;;;;;;;;;;;;0
A652;BAREGGIO;MI;6;13/01/2026;15/05/2026;CONFERMA;NO;0,8;Aliquota unica;;;;;;;;;;;;;;;;;;;;;;;1;0
A653;BARENGO;NO;29;30/12/2025;01/04/2026;MODIFICA;NO;0,6;Aliquota unica;;;;;;;;;;;;;;;;;;;;;;;1;0
A655;BARESSA;OR;;;;;NO;0*;;;;;;;;;;;;;;;;;;;;;;;;;0
A656;BARETE;AQ;;;;;NO;0*;;;;;;;;;;;;;;;;;;;;;;;;;0
A657;BARGA;LU;;;;;NO;0*;;;;;;;;;;;;;;;;;;;;;;;;;0
A658;BARGAGLI;GE;;;;;NO;0*;;;;;;;;;;;;;;;;;;;;;;;;;0
A660;BARGE;CN;51;16/12/2025;12/08/2026;CONFERMA;NO;0,75;Aliquota unica;;;;;;;;;;;;;;;;;;;;;;;1;0
A661;BARGHE;BS;26;18/12/2025;20/01/2026;CONFERMA;NO;0,8;Aliquota unica;;;;;;;;;;;;;;;;;;;;;;;1;0
A662;BARI;BA;;;;;NO;0*;;;;;;;;;;;;;;;;;;;;;;;;;0
A663;BARI SARDO;NU;;;;;NO;0*;;;;;;;;;;;;;;;;;;;;;;;;;0
A664;BARIANO;BG;46;19/12/2025;15/01/2026;CONFERMA;SI;0;Esenzione per redditi imponibili fino a euro 10.000,00;,8;Aliquota unica;;;;;;;;;;;;;;;;;;;;;2;10000
A665;BARICELLA;BO;;;;;NO;0*;;;;;;;;;;;;;;;;;;;;;;;;;0
A666;BARILE;PZ;;;;;NO;0*;;;;;;;;;;;;;;;;;;;;;;;;;0
A667;BARISCIANO;AQ;;;;;NO;0*;;;;;;;;;;;;;;;;;;;;;;;;;0
A668;BARLASSINA;MB;92;26/11/2025;12/03/2026;CONFERMA;SI;0;Esenzione per redditi imponibili fino a euro 8.000,00;,8;Aliquota unica;;;;;;;;;;;;;;;;;;;;;2;8000
A669;BARLETTA;BT;;;;;NO;0*;;;;;;;;;;;;;;;;;;;;;;;;;0
A670;BARNI;CO;;;;;NO;0*;;;;;;;;;;;;;;;;;;;;;;;;;0
A671;BAROLO;CN;;;;;NO;0*;;;;;;;;;;;;;;;;;;;;;;;;;0
A673;BARONE CANAVESE;TO;;;;;NO;0*;;;;;;;;;;;;;;;;;;;;;;;;;0
A674;BARONISSI;SA;67;22/12/2025;13/01/2026;CONFERMA;NO;0,7;Aliquota unica;;;;;;;;;;;;;;;;;;;;;;;1;0
A676;BARRAFRANCA;EN;;;;;NO;0*;;;;;;;;;;;;;;;;;;;;;;;;;0
A677;BARRALI;SU;18;17/11/2025;29/04/2026;CONFERMA;NO;0,2;Aliquota unica;;;;;;;;;;;;;;;;;;;;;;;1;0
A678;BARREA;AQ;;;;;NO;0*;;;;;;;;;;;;;;;;;;;;;;;;;0
A681;BARUMINI;SU;;;;;NO;0*;;;;;;;;;;;;;;;;;;;;;;;;;0
A683;BARZAGO;LC;37;18/12/2025;10/04/2026;CONFERMA;SI;0;Esenzione per redditi imponibili fino a euro 15.000,00;,8;Aliquota unica;;;;;;;;;;;;;;;;;;;;;2;15000
A684;BARZANA;BG;26;27/12/2025;08/01/2026;MODIFICA;SI;0;Esenzione per redditi imponibili fino a euro 9.999,99;,6;Applicabile a scaglione di reddito fino a euro 28.000,00;,78;Applicabile a scaglione di reddito da euro 28.000,01 fino a euro 50.000,00;,8;Applicabile a scaglione di reddito oltre euro 50.000,00;;;;;;;;;;;;;;;;;4;9999,99
A686;BARZANO';LC;3;26/02/2026;05/03/2026;CONFERMA;SI;0;Esenzione per redditi imponibili fino a euro 15.000,00;,5;Applicabile a scaglione di reddito fino a euro 28.000,00;,65;Applicabile a scaglione di reddito da euro 28.000,01 fino a euro 50.000,00;,8;Applicabile a scaglione di reddito oltre euro 50.000,00;;;;;;;;;;;;;;;;;4;15000
A687;BARZIO;LC;54;10/12/2025;28/04/2026;CONFERMA;NO;0,3;Aliquota unica;;;;;;;;;;;;;;;;;;;;;;;1;0
A689;BASALUZZO;AL;;;;;NO;0*;;;;;;;;;;;;;;;;;;;;;;;;;0
A690;BASCAPE';PV;3;04/02/2026;07/04/2026;CONFERMA;SI;0;Esenzione per redditi imponibili fino a euro 13.000,00;,7;Aliquota unica;;;;;;;;;;;;;;;;;;;;;2;13000
A691;BASCHI;TR;35;22/11/2025;16/06/2026;CONFERMA;SI;0;Esenzione per redditi imponibili fino a euro 8.500,00;,65;Applicabile a scaglione di reddito fino a euro 28.000,00;,75;Applicabile a scaglione di reddito da euro 28.000,01 fino a euro 50.000,00;,8;Applicabile a scaglione di reddito oltre euro 50.000,00;;;;;;;;;;;;;;;;;4;8500
A692;BASCIANO;TE;;;;;NO;0*;;;;;;;;;;;;;;;;;;;;;;;;;0
A694;BASELGA DI PINE';TN;;;;;NO;0*;;;;;;;;;;;;;;;;;;;;;;;;;0
A696;BASELICE;BN;21;20/12/2025;17/06/2026;CONFERMA;NO;0,4;Aliquota unica;;;;;;;;;;;;;;;;;;;;;;;1;0
A697;BASIANO;MI;49;17/12/2025;18/03/2026;CONFERMA;SI;0;Esenzione per redditi imponibili fino a euro 17.000,00;,8;Aliquota unica;;;;;;;;;;;;;;;;;;;;;2;17000
A698;BASICO';ME;;;;;NO;0*;;;;;;;;;;;;;;;;;;;;;;;;;0
A699;BASIGLIO;MI;;;;;NO;0*;;;;;;;;;;;;;;;;;;;;;;;;;0
A700;BASILIANO;UD;;;;;NO;0*;;;;;;;;;;;;;;;;;;;;;;;;;0
A702;BASSANO BRESCIANO;BS;;;;;NO;0*;;;;;;;;;;;;;;;;;;;;;;;;;0
A703;BASSANO DEL GRAPPA;VI;101;22/12/2025;13/03/2026;CONFERMA;SI;0;Esenzione per redditi imponibili fino a euro 15.000,00;,8;Aliquota unica;;;;;;;;;;;;;;;;;;;;;2;15000
A706;BASSANO IN TEVERINA;VT;;;;;NO;0*;;;;;;;;;;;;;;;;;;;;;;;;;0
A704;BASSANO ROMANO;VT;;;;;NO;0*;;;;;;;;;;;;;;;;;;;;;;;;;0
A707;BASSIANO;LT;;;;;NO;0*;;;;;;;;;;;;;;;;;;;;;;;;;0
A708;BASSIGNANA;AL;25;23/12/2025;26/05/2026;CONFERMA;NO;0,8;Aliquota unica;;;;;;;;;;;;;;;;;;;;;;;1;0
A709;BASTIA MONDOVI';CN;38;19/12/2025;09/02/2026;CONFERMA;NO;0,8;Aliquota unica;;;;;;;;;;;;;;;;;;;;;;;1;0
A710;BASTIA UMBRA;PG;80;23/12/2025;12/02/2026;MODIFICA;SI;0;Esenzione per redditi imponibili fino a euro 12.000,00;,8;Aliquota unica;;;;;;;;;;;;;;;;;;;;;2;12000
A712;BASTIDA PANCARANA;PV;;;;;NO;0*;;;;;;;;;;;;;;;;;;;;;;;;;0
A713;BASTIGLIA;MO;2;26/01/2026;11/02/2026;MODIFICA;SI;0;Esenzione per redditi imponibili fino a euro 12.000,00;,8;Aliquota unica;;;;;;;;;;;;;;;;;;;;;2;12000
A714;BATTAGLIA TERME;PD;40;17/12/2025;04/06/2026;CONFERMA;NO;0,7;Aliquota unica;;;;;;;;;;;;;;;;;;;;;;;1;0
A716;BATTIFOLLO;CN;;;;;NO;0*;;;;;;;;;;;;;;;;;;;;;;;;;0
A717;BATTIPAGLIA;SA;68;29/12/2025;13/01/2026;CONFERMA;SI;0;Esenzione per redditi imponibili fino a euro 7.499,99;,8;Aliquota unica;;;;;;;;;;;;;;;;;;;;;2;7499,99
A718;BATTUDA;PV;;;;;NO;0*;;;;;;;;;;;;;;;;;;;;;;;;;0
A719;BAUCINA;PA;;;;;NO;0*;;;;;;;;;;;;;;;;;;;;;;;;;0
A721;BAULADU;OR;;;;;NO;0*;;;;;;;;;;;;;;;;;;;;;;;;;0
A722;BAUNEI;NU;;;;;NO;0*;;;;;;;;;;;;;;;;;;;;;;;;;0
A725;BAVENO;VB;;;;;NO;0*;;;;;;;;;;;;;;;;;;;;;;;;;0
A728;BEDERO VALCUVIA;VA;;;;;NO;0*;;;;;;;;;;;;;;;;;;;;;;;;;0
A729;BEDIZZOLE;BS;64;22/12/2025;28/04/2026;CONFERMA;SI;0,5;Applicabile a scaglione di reddito fino a euro 15.000,00 ;,65;Applicabile a scaglione di reddito da euro 15.000,01 fino a euro 28.000,00 ;,7;Applicabile a scaglione di reddito da euro 28.000,01 fino a euro 50.000,00 ;,8;Applicabile a scaglione di reddito oltre euro 50.000,00  ;0;Esenzione per redditi imponibili fino a euro 15.000,00;;;;;;;;;;;;;;;0;0
A730;BEDOLLO;TN;;;;;NO;0*;;;;;;;;;;;;;;;;;;;;;;;;;0
A731;BEDONIA;PR;;;;;NO;0*;;;;;;;;;;;;;;;;;;;;;;;;;0
A732;BEDULITA;BG;;;;;NO;0*;;;;;;;;;;;;;;;;;;;;;;;;;0
A733;BEE;VB;;;;;NO;0*;;;;;;;;;;;;;;;;;;;;;;;;;0
A734;BEINASCO;TO;59;22/12/2025;16/02/2026;CONFERMA;SI;0;Esenzione per redditi imponibili fino a euro 10.000,00;,6;Applicabile a scaglione di reddito fino a euro 28.000,00;,75;Applicabile a scaglione di reddito da euro 28.000,01 fino a euro 50.000,00;,8;Applicabile a scaglione di reddito oltre euro 50.000,00;;;;;;;;;;;;;;;;;4;10000
A735;BEINETTE;CN;39;17/12/2025;05/03/2026;CONFERMA;NO;0,8;Aliquota unica;;;;;;;;;;;;;;;;;;;;;;;1;0
A736;BELCASTRO;CZ;;;;;NO;0*;;;;;;;;;;;;;;;;;;;;;;;;;0
A737;BELFIORE;VR;22;23/12/2025;19/01/2026;CONFERMA;NO;0,7;Aliquota unica;;;;;;;;;;;;;;;;;;;;;;;1;0
A740;BELFORTE ALL'ISAURO;PU;53;10/12/2025;16/01/2026;CONFERMA;NO;0,8;Aliquota unica;;;;;;;;;;;;;;;;;;;;;;;1;0
A739;BELFORTE DEL CHIENTI;MC;;;;;NO;0*;;;;;;;;;;;;;;;;;;;;;;;;;0
A738;BELFORTE MONFERRATO;AL;;;;;NO;0*;;;;;;;;;;;;;;;;;;;;;;;;;0
A741;BELGIOIOSO;PV;9;26/02/2026;26/03/2026;CONFERMA;SI;0;Esenzione per redditi imponibili fino a euro 10.000,00;,8;Aliquota unica;;;;;;;;;;;;;;;;;;;;;2;10000
A742;BELGIRATE;VB;39;22/12/2025;26/01/2026;CONFERMA;SI;0;Esenzione per redditi imponibili fino a euro 20.000,00;,8;Aliquota unica;;;;;;;;;;;;;;;;;;;;;2;20000
A743;BELLA;PZ;;;;;NO;0*;;;;;;;;;;;;;;;;;;;;;;;;;0
M335;BELLAGIO;CO;;;;;NO;0*;;;;;;;;;;;;;;;;;;;;;;;;;0
A745;BELLANO;LC;;;;;NO;0*;;;;;;;;;;;;;;;;;;;;;;;;;0
A746;BELLANTE;TE;;;;;NO;0*;;;;;;;;;;;;;;;;;;;;;;;;;0
A747;BELLARIA-IGEA MARINA;RN;;;;;NO;0*;;;;;;;;;;;;;;;;;;;;;;;;;0
A749;BELLEGRA;RM;;;;;NO;0*;;;;;;;;;;;;;;;;;;;;;;;;;0
A750;BELLINO;CN;;;;;NO;0*;;;;;;;;;;;;;;;;;;;;;;;;;0
A751;BELLINZAGO LOMBARDO;MI;28;15/12/2025;09/01/2026;CONFERMA;NO;0,8;Aliquota unica;;;;;;;;;;;;;;;;;;;;;;;1;0
A752;BELLINZAGO NOVARESE;NO;41;23/12/2025;26/02/2026;CONFERMA;SI;0;Esenzione per redditi imponibili fino a euro 12.500,00;,8;Aliquota unica;;;;;;;;;;;;;;;;;;;;;2;12500
M294;BELLIZZI;SA;;;;;NO;0*;;;;;;;;;;;;;;;;;;;;;;;;;0
A755;BELLONA;CE;;;;;NO;0*;;;;;;;;;;;;;;;;;;;;;;;;;0
A756;BELLOSGUARDO;SA;;;;;NO;0*;;;;;;;;;;;;;;;;;;;;;;;;;0
A757;BELLUNO;BL;;;;;NO;0*;;;;;;;;;;;;;;;;;;;;;;;;;0
A759;BELLUSCO;MB;47;18/12/2025;09/01/2026;CONFERMA;SI;0;Esenzione per redditi imponibili fino a euro 15.000,00;,7;Applicabile a scaglione di reddito fino a euro 28.000,00;,75;Applicabile a scaglione di reddito da euro 28.000,01 fino a euro 50.000,00;,8;Applicabile a scaglione di reddito oltre euro 50.000,00;;;;;;;;;;;;;;;;;4;15000
A762;BELMONTE CALABRO;CS;;;;;NO;0*;;;;;;;;;;;;;;;;;;;;;;;;;0
A763;BELMONTE CASTELLO;FR;13;30/12/2025;19/01/2026;CONFERMA;SI;0;Esenzione per redditi imponibili fino a euro 8.000,00;,6;Aliquota unica;;;;;;;;;;;;;;;;;;;;;2;8000
A761;BELMONTE DEL SANNIO;IS;;;;;NO;0*;;;;;;;;;;;;;;;;;;;;;;;;;0
A765;BELMONTE IN SABINA;RI;;;;;NO;0*;;;;;;;;;;;;;;;;;;;;;;;;;0
A764;BELMONTE MEZZAGNO;PA;;;;;NO;0*;;;;;;;;;;;;;;;;;;;;;;;;;0
A760;BELMONTE PICENO;FM;;;;;NO;0*;;;;;;;;;;;;;;;;;;;;;;;;;0
A766;BELPASSO;CT;;;;;NO;0*;;;;;;;;;;;;;;;;;;;;;;;;;0
A768;BELSITO;CS;;;;;NO;0*;;;;;;;;;;;;;;;;;;;;;;;;;0
A772;BELVEDERE DI SPINELLO;KR;;;;;NO;0*;;;;;;;;;;;;;;;;;;;;;;;;;0
A774;BELVEDERE LANGHE;CN;;;;;NO;0*;;;;;;;;;;;;;;;;;;;;;;;;;0
A773;BELVEDERE MARITTIMO;CS;;;;;NO;0*;;;;;;;;;;;;;;;;;;;;;;;;;0
A769;BELVEDERE OSTRENSE;AN;55;29/12/2025;06/03/2026;MODIFICA;NO;0,8;Aliquota unica;;;;;;;;;;;;;;;;;;;;;;;1;0
A770;BELVEGLIO;AT;31;17/12/2025;14/01/2026;CONFERMA;NO;0,8;Aliquota unica;;;;;;;;;;;;;;;;;;;;;;;1;0
A776;BELVI';NU;;;;;NO;0*;;;;;;;;;;;;;;;;;;;;;;;;;0
A777;BEMA;SO;;;;;NO;0*;;;;;;;;;;;;;;;;;;;;;;;;;0
A778;BENE LARIO;CO;;;;;NO;0*;;;;;;;;;;;;;;;;;;;;;;;;;0
A779;BENE VAGIENNA;CN;;;;;NO;0*;;;;;;;;;;;;;;;;;;;;;;;;;0
A780;BENESTARE;RC;;;;;NO;0*;;;;;;;;;;;;;;;;;;;;;;;;;0
A781;BENETUTTI;SS;;;;;NO;0*;;;;;;;;;;;;;;;;;;;;;;;;;0
A782;BENEVELLO;CN;;;;;NO;0*;;;;;;;;;;;;;;;;;;;;;;;;;0
A783;BENEVENTO;BN;;;;;NO;0*;;;;;;;;;;;;;;;;;;;;;;;;;0
A784;BENNA;BI;19;13/12/2025;12/08/2026;CONFERMA;NO;0,6;Aliquota unica;;;;;;;;;;;;;;;;;;;;;;;1;0
A785;BENTIVOGLIO;BO;47;22/12/2025;19/01/2026;DELIBERA ADOTTATA EX ART. 1, COMMA 751, L. 207/2024;SI;0,4;Applicabile a scaglione di reddito fino a euro 15.000,00;,5;Applicabile a scaglione di reddito da euro 15.000,01 fino a euro 28.000,00;,55;Applicabile a scaglione di reddito da euro 15.000,01 fino a euro 28.000,00;,65;Applicabile a scaglione di reddito oltre euro 50.000,00;0;Esenzione per redditi imponibili fino a euro 7.499,99;;;;;;;;;;;;;;;0;0
A786;BERBENNO;BG;54;13/12/2025;10/02/2026;CONFERMA;SI;0;Esenzione per redditi imponibili fino a euro 10.000,00;,8;Aliquota unica;;;;;;;;;;;;;;;;;;;;;2;10000
A787;BERBENNO DI VALTELLINA;SO;4;27/02/2026;13/03/2026;MODIFICA;SI;0;Esenzione per redditi imponibili fino a euro 10.000,00;,5;Aliquota unica;;;;;;;;;;;;;;;;;;;;;2;10000
A788;BERCETO;PR;;;;;NO;0*;;;;;;;;;;;;;;;;;;;;;;;;;0
A789;BERCHIDDA;SS;;;;;NO;0*;;;;;;;;;;;;;;;;;;;;;;;;;0
A791;BEREGAZZO CON FIGLIARO;CO;29;12/12/2025;21/01/2026;MODIFICA;SI;0;Esenzione per redditi imponibili fino a euro 15.000,00;,27;Aliquota unica;;;;;;;;;;;;;;;;;;;;;2;15000
A792;BEREGUARDO;PV;28;27/12/2025;22/01/2026;CONFERMA;SI;0;Esenzione per redditi imponibili fino a euro 6.000,00;,8;Aliquota unica;;;;;;;;;;;;;;;;;;;;;2;6000
A793;BERGAMASCO;AL;16;29/12/2025;24/08/2026;CONFERMA;SI;0;Esenzione per redditi imponibili fino a euro 13.000,00;,8;Aliquota unica;;;;;;;;;;;;;;;;;;;;;2;13000
A794;BERGAMO;BG;;;;;NO;0*;;;;;;;;;;;;;;;;;;;;;;;;;0
A795;BERGANTINO;RO;;;;;NO;0*;;;;;;;;;;;;;;;;;;;;;;;;;0
A796;BERGEGGI;SV;;;;;NO;0*;;;;;;;;;;;;;;;;;;;;;;;;;0
A798;BERGOLO;CN;13;17/12/2025;11/02/2026;CONFERMA;NO;0,8;Aliquota unica;;;;;;;;;;;;;;;;;;;;;;;1;0
A799;BERLINGO;BS;;;;;NO;0*;;;;;;;;;;;;;;;;;;;;;;;;;0
A801;BERNALDA;MT;;;;;NO;0*;;;;;;;;;;;;;;;;;;;;;;;;;0
A802;BERNAREGGIO;MB;57;22/12/2025;14/01/2026;MODIFICA;SI;0;Esenzione per redditi imponibili fino a euro 17.000,00;,76;Applicabile a scaglione di reddito fino a euro 28.000,00;,78;Applicabile a scaglione di reddito da euro 28.000,01 fino a euro 50.000,00;,8;Applicabile a scaglione di reddito oltre euro 50.000,00;;;;;;;;;;;;;;;;;4;17000
A804;BERNATE TICINO;MI;34;29/12/2025;09/01/2026;CONFERMA;SI;0;Esenzione per redditi imponibili fino a euro 7.500,00;,5;Aliquota unica;;;;;;;;;;;;;;;;;;;;;2;7500
A805;BERNEZZO;CN;33;22/12/2025;19/03/2026;CONFERMA;NO;0,8;Aliquota unica;;;;;;;;;;;;;;;;;;;;;;;1;0
A809;BERTINORO;FC;79;30/12/2025;06/02/2026;CONFERMA;SI;0;Esenzione per redditi imponibili fino a euro 12.000,00;,7;Applicabile a scaglione di reddito fino a euro 28.000,00;,75;Applicabile a scaglione di reddito da euro 28.000,01 fino a euro 50.000,00;,8;Applicabile a scaglione di reddito oltre euro 50.000,00;;;;;;;;;;;;;;;;;4;12000
A810;BERTIOLO;UD;2;02/02/2026;19/03/2026;DELIBERA ADOTTATA EX ART. 1, COMMA 751, L. 207/2024;SI;0,55;Applicabile a  scaglione di reddito fino a euro 15.000,00;,6;Applicabile a scaglione di reddito da euro 15.000,01 fino a euro 28.000,00;,65;Applicabile a scaglione di reddito da euro 28.000,01 fino a euro 50.000,00;,75;Applicabile a scaglione di reddito oltre euro 50.000,00;;;;;;;;;;;;;;;;;0;0
A811;BERTONICO;LO;;;;;NO;0*;;;;;;;;;;;;;;;;;;;;;;;;;0
A812;BERZANO DI SAN PIETRO;AT;23;27/11/2025;18/06/2026;CONFERMA;NO;0,5;Aliquota unica;;;;;;;;;;;;;;;;;;;;;;;1;0
A813;BERZANO DI TORTONA;AL;;;;;NO;0*;;;;;;;;;;;;;;;;;;;;;;;;;0
A816;BERZO DEMO;BS;;;;;NO;0*;;;;;;;;;;;;;;;;;;;;;;;;;0
A817;BERZO INFERIORE;BS;;;;;NO;0*;;;;;;;;;;;;;;;;;;;;;;;;;0
A815;BERZO SAN FERMO;BG;;;;;NO;0*;;;;;;;;;;;;;;;;;;;;;;;;;0
A818;BESANA IN BRIANZA;MB;71;29/12/2025;21/01/2026;CONFERMA;SI;0;Esenzione per redditi imponibili fino a euro 11.999,99;,7;Aliquota unica;;;;;;;;;;;;;;;;;;;;;2;11999,99
A819;BESANO;VA;31;18/12/2025;16/03/2026;CONFERMA;SI;0;Esenzione per redditi imponibili fino a euro 8.500,00;,6;Aliquota unica;;;;;;;;;;;;;;;;;;;;;2;8500
A820;BESATE;MI;;;;;NO;0*;;;;;;;;;;;;;;;;;;;;;;;;;0
A821;BESENELLO;TN;;;;;NO;0*;;;;;;;;;;;;;;;;;;;;;;;;;0
A823;BESENZONE;PC;;;;;NO;0*;;;;;;;;;;;;;;;;;;;;;;;;;0
A825;BESNATE;VA;46;17/12/2025;22/01/2026;CONFERMA;NO;0,8;Aliquota unica;;;;;;;;;;;;;;;;;;;;;;;1;0
A826;BESOZZO;VA;48;22/12/2025;09/01/2026;CONFERMA;SI;0;Esenzione per redditi imponibili fino a euro 15.000,00;,8;Aliquota unica;;;;;;;;;;;;;;;;;;;;;2;15000
A827;BESSUDE;SS;;;;;NO;0*;;;;;;;;;;;;;;;;;;;;;;;;;0
A831;BETTOLA;PC;28;23/12/2025;08/01/2026;CONFERMA;NO;0,6;Aliquota unica;;;;;;;;;;;;;;;;;;;;;;;1;0
A832;BETTONA;PG;41;23/12/2025;24/04/2026;CONFERMA;NO;0,8;Aliquota unica;;;;;;;;;;;;;;;;;;;;;;;1;0
A834;BEURA-CARDEZZA;VB;26;10/12/2025;12/01/2026;CONFERMA;NO;0,5;Aliquota unica;;;;;;;;;;;;;;;;;;;;;;;1;0
A835;BEVAGNA;PG;;;;;NO;0*;;;;;;;;;;;;;;;;;;;;;;;;;0
A836;BEVERINO;SP;;;;;NO;0*;;;;;;;;;;;;;;;;;;;;;;;;;0
A837;BEVILACQUA;VR;47;23/12/2025;03/03/2026;CONFERMA;NO;0,7;Aliquota unica;;;;;;;;;;;;;;;;;;;;;;;1;0
A841;BIANCAVILLA;CT;;;;;NO;0*;;;;;;;;;;;;;;;;;;;;;;;;;0
A842;BIANCHI;CS;;;;;NO;0*;;;;;;;;;;;;;;;;;;;;;;;;;0
A843;BIANCO;RC;;;;;NO;0*;;;;;;;;;;;;;;;;;;;;;;;;;0
A844;BIANDRATE;NO;;;;;NO;0*;;;;;;;;;;;;;;;;;;;;;;;;;0
A845;BIANDRONNO;VA;28;18/12/2025;23/01/2026;CONFERMA;SI;0;Esenzione per redditi imponibili fino a euro 11.500,00;,8;Aliquota unica;;;;;;;;;;;;;;;;;;;;;2;11500
A846;BIANZANO;BG;3;26/02/2026;06/03/2026;CONFERMA;NO;0,8;Aliquota unica;;;;;;;;;;;;;;;;;;;;;;;1;0
A847;BIANZE';VC;101;25/11/2025;27/01/2026;CONFERMA;SI;0;Esenzione per redditi imponibili fino a euro 10.000,00;,8;Aliquota unica;;;;;;;;;;;;;;;;;;;;;2;10000
A848;BIANZONE;SO;;;;;NO;0*;;;;;;;;;;;;;;;;;;;;;;;;;0
A849;BIASSONO;MB;;;;;NO;0*;;;;;;;;;;;;;;;;;;;;;;;;;0
A850;BIBBIANO;RE;;;;;NO;0*;;;;;;;;;;;;;;;;;;;;;;;;;0
A851;BIBBIENA;AR;;;;;NO;0*;;;;;;;;;;;;;;;;;;;;;;;;;0
A852;BIBBONA;LI;;;;;NO;0*;;;;;;;;;;;;;;;;;;;;;;;;;0
A853;BIBIANA;TO;;;;;NO;0*;;;;;;;;;;;;;;;;;;;;;;;;;0
A854;BICCARI;FG;;;;;NO;0*;;;;;;;;;;;;;;;;;;;;;;;;;0
A855;BICINICCO;UD;18;15/12/2025;15/01/2026;MODIFICA;SI;0;Esenzione per redditi imponibili fino a euro 12.999,99;,5;Applicabile a scaglione di reddito fino a euro 28.000,00;,7;Applicabile a scaglione di reddito da euro 28.000,01 fino a euro 50.000,00;,8;Applicabile a scaglione di reddito oltre euro 50.000,00;;;;;;;;;;;;;;;;;4;12999,99
A856;BIDONI';OR;;;;;NO;0*;;;;;;;;;;;;;;;;;;;;;;;;;0
A859;BIELLA;BI;65;19/12/2025;24/02/2026;CONFERMA;NO;0,8;Aliquota unica;;;;;;;;;;;;;;;;;;;;;;;1;0
A861;BIENNO;BS;30;27/12/2025;05/02/2026;CONFERMA;SI;0;Esenzione per redditi imponibili fino a euro 8.000,00;,45;Aliquota unica;;;;;;;;;;;;;;;;;;;;;2;8000
A863;BIENO;TN;;;;;NO;0*;;;;;;;;;;;;;;;;;;;;;;;;;0
A864;BIENTINA;PI;48;30/12/2025;21/01/2026;MODIFICA;SI;0,8;Aliquota unica;0;Esenzione per redditi complessivi annui imponibili inferiori o uguali a euro 12.000,00, se derivanti da lavoro dipendente e assimilato (art. 49 e 50 T.U.I.R.);;;;;;;;;;;;;;;;;;;;;5;0
A870;BINAGO;CO;41;29/12/2025;28/01/2026;CONFERMA;SI;0;Esenzione per redditi imponibili fino a euro 8.000,00;,6;Aliquota unica;;;;;;;;;;;;;;;;;;;;;2;8000
A872;BINASCO;MI;;;;;NO;0*;;;;;;;;;;;;;;;;;;;;;;;;;0
A874;BINETTO;BA;;;;;NO;0*;;;;;;;;;;;;;;;;;;;;;;;;;0
A876;BIOGLIO;BI;;;;;NO;0*;;;;;;;;;;;;;;;;;;;;;;;;;0
A877;BIONAZ;AO;;;;;NO;0*;;;;;;;;;;;;;;;;;;;;;;;;;0
A878;BIONE;BS;21;17/12/2025;04/03/2026;CONFERMA;NO;0,5;Aliquota unica;;;;;;;;;;;;;;;;;;;;;;;1;0
A880;BIRORI;NU;;;;;NO;0*;;;;;;;;;;;;;;;;;;;;;;;;;0
A881;BISACCIA;AV;;;;;NO;0*;;;;;;;;;;;;;;;;;;;;;;;;;0
A882;BISACQUINO;PA;;;;;NO;0*;;;;;;;;;;;;;;;;;;;;;;;;;0
A883;BISCEGLIE;BT;4;27/01/2026;10/02/2026;CONFERMA;NO;0,8;Aliquota unica;;;;;;;;;;;;;;;;;;;;;;;1;0
A884;BISEGNA;AQ;;;;;NO;0*;;;;;;;;;;;;;;;;;;;;;;;;;0
A885;BISENTI;TE;4;27/02/2026;16/03/2026;CONFERMA;NO;0,8;Aliquota unica;;;;;;;;;;;;;;;;;;;;;;;1;0
A887;BISIGNANO;CS;;;;;NO;0*;;;;;;;;;;;;;;;;;;;;;;;;;0
A889;BISTAGNO;AL;24;10/12/2025;21/01/2026;CONFERMA;NO;0,6;Aliquota unica;;;;;;;;;;;;;;;;;;;;;;;1;0
A891;BISUSCHIO;VA;;;;;NO;0*;;;;;;;;;;;;;;;;;;;;;;;;;0
A892;BITETTO;BA;45;18/12/2025;20/02/2026;CONFERMA;SI;0;Esenzione per redditi imponibili fino a euro 12.000,00;,8;Aliquota unica;;;;;;;;;;;;;;;;;;;;;2;12000
A893;BITONTO;BA;;;;;NO;0*;;;;;;;;;;;;;;;;;;;;;;;;;0
A894;BITRITTO;BA;;;;;NO;0*;;;;;;;;;;;;;;;;;;;;;;;;;0
A895;BITTI;NU;;;;;NO;0*;;;;;;;;;;;;;;;;;;;;;;;;;0
A896;BIVONA;AG;;;;;NO;0*;;;;;;;;;;;;;;;;;;;;;;;;;0
A897;BIVONGI;RC;24;20/12/2025;12/01/2026;CONFERMA;SI;0;Esenzione per redditi imponibili fino a euro 7.999,99;,65;Aliquota unica;;;;;;;;;;;;;;;;;;;;;2;7999,99
A898;BIZZARONE;CO;;;;;NO;0*;;;;;;;;;;;;;;;;;;;;;;;;;0
A902;BLEGGIO SUPERIORE;TN;;;;;NO;0*;;;;;;;;;;;;;;;;;;;;;;;;;0
A903;BLELLO;BG;;;;;NO;0*;;;;;;;;;;;;;;;;;;;;;;;;;0
A857;BLERA;VT;31;30/12/2025;04/05/2026;CONFERMA;NO;0,8;Aliquota unica;;;;;;;;;;;;;;;;;;;;;;;1;0
A904;BLESSAGNO;CO;19;25/09/2025;04/06/2026;CONFERMA;NO;0,6;Aliquota unica;;;;;;;;;;;;;;;;;;;;;;;1;0
A905;BLEVIO;CO;39;23/12/2025;15/01/2026;DELIBERA ADOTTATA EX ART. 1, COMMA 751, L. 207/2024;SI;0,3;Applicabile a scaglione di reddito fino a euro 15.000,00;,45;Applicabile a scaglione di reddito da euro 15.000,01 fino a euro 28.000,00;,55;Applicabile a scaglione di reddito da euro 28.000,01 fino a euro 50.000,00;,8;Applicabile a scaglione di reddito oltre euro 50.000,00;0;Esenzione per redditi imponibili fino a euro 10.000,00;;;;;;;;;;;;;;;0;0
M268;BLUFI;PA;;;;;NO;0*;;;;;;;;;;;;;;;;;;;;;;;;;0
A906;BOARA PISANI;PD;;;;;NO;0*;;;;;;;;;;;;;;;;;;;;;;;;;0
A909;BOBBIO;PC;48;22/12/2025;06/03/2026;CONFERMA;NO;0,8;Aliquota unica;;;;;;;;;;;;;;;;;;;;;;;1;0
A910;BOBBIO PELLICE;TO;29;23/12/2025;19/01/2026;CONFERMA;NO;0,5;Aliquota unica;;;;;;;;;;;;;;;;;;;;;;;1;0
A911;BOCA;NO;;;;;NO;0*;;;;;;;;;;;;;;;;;;;;;;;;;0
A912;BOCCHIGLIERO;CS;;;;;NO;0*;;;;;;;;;;;;;;;;;;;;;;;;;0
A914;BOCCIOLETO;VC;;;;;NO;0*;;;;;;;;;;;;;;;;;;;;;;;;;0
A916;BOCENAGO;TN;;;;;NO;0*;;;;;;;;;;;;;;;;;;;;;;;;;0
A918;BODIO LOMNAGO;VA;33;18/12/2025;04/02/2026;CONFERMA;NO;0,7;Aliquota unica;;;;;;;;;;;;;;;;;;;;;;;1;0
A919;BOFFALORA D'ADDA;LO;;;;;NO;0*;;;;;;;;;;;;;;;;;;;;;;;;;0
A920;BOFFALORA SOPRA TICINO;MI;2;19/01/2026;24/03/2026;CONFERMA;NO;0,7;Aliquota unica;;;;;;;;;;;;;;;;;;;;;;;1;0
A922;BOGLIASCO;GE;36;27/12/2025;20/01/2026;CONFERMA;NO;0,8;Aliquota unica;;;;;;;;;;;;;;;;;;;;;;;1;0
A925;BOGNANCO;VB;;;;;NO;0*;;;;;;;;;;;;;;;;;;;;;;;;;0
A929;BOGOGNO;NO;;;;;NO;0*;;;;;;;;;;;;;;;;;;;;;;;;;0
A931;BOISSANO;SV;;;;;NO;0*;;;;;;;;;;;;;;;;;;;;;;;;;0
A930;BOJANO;CB;;;;;NO;0*;;;;;;;;;;;;;;;;;;;;;;;;;0
A932;BOLANO;SP;;;;;NO;0*;;;;;;;;;;;;;;;;;;;;;;;;;0
A937;BOLGARE;BG;40;23/12/2025;19/01/2026;CONFERMA;NO;0,8;Aliquota unica;;;;;;;;;;;;;;;;;;;;;;;1;0
A940;BOLLATE;MI;71;22/12/2025;10/06/2026;CONFERMA;SI;0;Esenzione per redditi imponibili fino a euro 10.000,00;,8;Aliquota unica;;;;;;;;;;;;;;;;;;;;;2;10000
A941;BOLLENGO;TO;;;;;NO;0*;;;;;;;;;;;;;;;;;;;;;;;;;0
A944;BOLOGNA;BO;;;;;NO;0*;;;;;;;;;;;;;;;;;;;;;;;;;0
A945;BOLOGNANO;PE;;;;;NO;0*;;;;;;;;;;;;;;;;;;;;;;;;;0
A946;BOLOGNETTA;PA;;;;;NO;0*;;;;;;;;;;;;;;;;;;;;;;;;;0
A947;BOLOGNOLA;MC;27;22/12/2025;31/03/2026;CONFERMA;SI;0;Esenzione per redditi imponibili fino a euro 8.000,00;,8;Aliquota unica;;;;;;;;;;;;;;;;;;;;;2;8000
A948;BOLOTANA;NU;;;;;NO;0*;;;;;;;;;;;;;;;;;;;;;;;;;0
A949;BOLSENA;VT;62;12/12/2025;14/01/2026;CONFERMA;NO;0,6;Aliquota unica;;;;;;;;;;;;;;;;;;;;;;;1;0
A950;BOLTIERE;BG;39;17/12/2025;19/05/2026;CONFERMA;NO;0,8;Aliquota unica;;;;;;;;;;;;;;;;;;;;;;;1;0
A952;BOLZANO;BZ;;;;;NO;0*;;;;;;;;;;;;;;;;;;;;;;;;;0
A953;BOLZANO NOVARESE;NO;;;;;NO;0*;;;;;;;;;;;;;;;;;;;;;;;;;0
A954;BOLZANO VICENTINO;VI;;;;;NO;0*;;;;;;;;;;;;;;;;;;;;;;;;;0
A955;BOMARZO;VT;;;;;NO;0*;;;;;;;;;;;;;;;;;;;;;;;;;0
A956;BOMBA;CH;32;22/12/2025;07/01/2026;CONFERMA;NO;0,8;Aliquota unica;;;;;;;;;;;;;;;;;;;;;;;1;0
A957;BOMPENSIERE;CL;;;;;NO;0*;;;;;;;;;;;;;;;;;;;;;;;;;0
A958;BOMPIETRO;PA;;;;;NO;0*;;;;;;;;;;;;;;;;;;;;;;;;;0
A959;BOMPORTO;MO;;;;;NO;0*;;;;;;;;;;;;;;;;;;;;;;;;;0
A960;BONARCADO;OR;;;;;NO;0*;;;;;;;;;;;;;;;;;;;;;;;;;0
A961;BONASSOLA;SP;;;;;NO;0*;;;;;;;;;;;;;;;;;;;;;;;;;0
A963;BONATE SOPRA;BG;64;18/12/2025;02/01/2026;CONFERMA;SI;0;Esenzione per redditi imponibili fino a euro 9.000,00;,8;Aliquota unica;;;;;;;;;;;;;;;;;;;;;2;9000
A962;BONATE SOTTO;BG;51;22/12/2025;03/02/2026;CONFERMA;NO;0,8;Aliquota unica;;;;;;;;;;;;;;;;;;;;;;;1;0
A964;BONAVIGO;VR;26;30/12/2025;09/07/2026;CONFERMA;SI;0;Esenzione per redditi imponibili fino a euro 8.500,00;,73;Aliquota unica;;;;;;;;;;;;;;;;;;;;;2;8500
A965;BONDENO;FE;109;18/12/2025;20/02/2026;CONFERMA;NO;0,8;Aliquota unica;;;;;;;;;;;;;;;;;;;;;;;1;0
A968;BONDONE;TN;;;;;NO;0*;;;;;;;;;;;;;;;;;;;;;;;;;0
A970;BONEA;BN;;;;;NO;0*;;;;;;;;;;;;;;;;;;;;;;;;;0
A971;BONEFRO;CB;;;;;NO;0*;;;;;;;;;;;;;;;;;;;;;;;;;0
A972;BONEMERSE;CR;28;22/12/2025;27/01/2026;MODIFICA;SI;0;Esenzione per redditi imponibili fino a euro 8.000,00;,8;Aliquota unica;;;;;;;;;;;;;;;;;;;;;2;8000
A973;BONIFATI;CS;;;;;NO;0*;;;;;;;;;;;;;;;;;;;;;;;;;0
A975;BONITO;AV;;;;;NO;0*;;;;;;;;;;;;;;;;;;;;;;;;;0
A976;BONNANARO;SS;;;;;NO;0*;;;;;;;;;;;;;;;;;;;;;;;;;0
A977;BONO;SS;;;;;NO;0*;;;;;;;;;;;;;;;;;;;;;;;;;0
A978;BONORVA;SS;;;;;NO;0*;;;;;;;;;;;;;;;;;;;;;;;;;0
A979;BONVICINO;CN;;;;;NO;0*;;;;;;;;;;;;;;;;;;;;;;;;;0
A981;BORBONA;RI;;;;;NO;0*;;;;;;;;;;;;;;;;;;;;;;;;;0
A982;BORCA DI CADORE;BL;23;29/12/2025;23/04/2026;CONFERMA;NO;0,8;Aliquota unica;;;;;;;;;;;;;;;;;;;;;;;1;0
A983;BORDANO;UD;38;22/12/2025;27/07/2026;CONFERMA;NO;0,1;Aliquota unica;;;;;;;;;;;;;;;;;;;;;;;1;0
A984;BORDIGHERA;IM;5;29/01/2026;30/01/2026;CONFERMA;SI;0;Esenzione per redditi imponibili fino a euro 7.499,99;,8;Aliquota unica;;;;;;;;;;;;;;;;;;;;;2;7499,99
A986;BORDOLANO;CR;;;;;NO;0*;;;;;;;;;;;;;;;;;;;;;;;;;0
A987;BORE;PR;;;;;NO;0*;;;;;;;;;;;;;;;;;;;;;;;;;0
A988;BORETTO;RE;;;;;NO;0*;;;;;;;;;;;;;;;;;;;;;;;;;0
A989;BORGARELLO;PV;;;;;NO;0*;;;;;;;;;;;;;;;;;;;;;;;;;0
A990;BORGARO TORINESE;TO;64;22/12/2025;04/03/2026;CONFERMA;SI;0;Esenzione per redditi imponibili fino a euro 16.999,99;,8;Aliquota unica;;;;;;;;;;;;;;;;;;;;;2;16999,99
A991;BORGETTO;PA;;;;;NO;0*;;;;;;;;;;;;;;;;;;;;;;;;;0
A993;BORGHETTO D'ARROSCIA;IM;22;15/11/2025;07/01/2026;CONFERMA;SI;0;Esenzione per redditi imponibili fino a euro 10.000,00;,8;Aliquota unica;;;;;;;;;;;;;;;;;;;;;2;10000
A998;BORGHETTO DI BORBERA;AL;;;;;NO;0*;;;;;;;;;;;;;;;;;;;;;;;;;0
A992;BORGHETTO DI VARA;SP;31;19/12/2025;31/03/2026;CONFERMA;SI;0;Esenzione per redditi imponibili fino a euro 10.000,00;,6;Aliquota unica;;;;;;;;;;;;;;;;;;;;;2;10000
A995;BORGHETTO LODIGIANO;LO;52;22/12/2025;04/05/2026;CONFERMA;NO;0,66;Aliquota unica;;;;;;;;;;;;;;;;;;;;;;;1;0
A999;BORGHETTO SANTO SPIRITO;SV;;;;;NO;0*;;;;;;;;;;;;;;;;;;;;;;;;;0
B001;BORGHI;FC;27;27/12/2025;21/01/2026;MODIFICA;NO;0,6;Aliquota unica;;;;;;;;;;;;;;;;;;;;;;;1;0
B002;BORGIA;CZ;;;;;NO;0*;;;;;;;;;;;;;;;;;;;;;;;;;0
B003;BORGIALLO;TO;20;16/12/2025;09/01/2026;CONFERMA;SI;0,2;Applicabile a scaglione di reddito fino a euro 28.000,00;,6;Applicabile a scaglione di reddito da euro 28.000,01 fino a euro 50.000,00;,8;Applicabile a scaglione di reddito oltre euro 50.000,00;;;;;;;;;;;;;;;;;;;3;0
B005;BORGIO VEREZZI;SV;45;29/12/2025;02/07/2026;CONFERMA;NO;0,6;Aliquota unica;;;;;;;;;;;;;;;;;;;;;;;1;0
B007;BORGO A MOZZANO;LU;;;;;NO;0*;;;;;;;;;;;;;;;;;;;;;;;;;0
M352;BORGO CHIESE;TN;;;;;NO;0*;;;;;;;;;;;;;;;;;;;;;;;;;0
B009;BORGO D'ALE;VC;;;;;NO;0*;;;;;;;;;;;;;;;;;;;;;;;;;0
M429;BORGO D'ANAUNIA;TN;;;;;NO;0*;;;;;;;;;;;;;;;;;;;;;;;;;0
B010;BORGO DI TERZO;BG;33;29/12/2025;16/02/2026;CONFERMA;SI;0;Esenzione per redditi imponibili fino a euro 8.500,00;,8;Aliquota unica;;;;;;;;;;;;;;;;;;;;;2;8500
M353;BORGO LARES;TN;;;;;NO;0*;;;;;;;;;;;;;;;;;;;;;;;;;0
M396;BORGO MANTOVANO;MN;55;23/12/2025;03/02/2026;MODIFICA;SI;0;Esenzione per redditi imponibili fino a euro 7.500,00;,8;Aliquota unica;;;;;;;;;;;;;;;;;;;;;2;7500
B026;BORGO PACE;PU;48;29/12/2025;18/06/2026;CONFERMA;NO;0,8;Aliquota unica;;;;;;;;;;;;;;;;;;;;;;;1;0
B028;BORGO PRIOLO;PV;26;22/12/2025;12/01/2026;CONFERMA;NO;0,7;Aliquota unica;;;;;;;;;;;;;;;;;;;;;;;1;0
B033;BORGO SAN DALMAZZO;CN;66;16/12/2025;09/01/2026;CONFERMA;SI;0;Esenzione per redditi imponibili fino a euro 12.000,00;,75;Aliquota unica;;;;;;;;;;;;;;;;;;;;;2;12000
B035;BORGO SAN GIACOMO;BS;;;;;NO;0*;;;;;;;;;;;;;;;;;;;;;;;;;0
B017;BORGO SAN GIOVANNI;LO;25;22/12/2025;04/03/2026;CONFERMA;NO;0,55;Aliquota unica;;;;;;;;;;;;;;;;;;;;;;;1;0
B036;BORGO SAN LORENZO;FI;;;;;NO;0*;;;;;;;;;;;;;;;;;;;;;;;;;0
B037;BORGO SAN MARTINO;AL;37;29/12/2025;27/07/2026;CONFERMA;NO;0,8;Aliquota unica;;;;;;;;;;;;;;;;;;;;;;;1;0
B038;BORGO SAN SIRO;PV;23;18/12/2025;19/01/2026;CONFERMA;NO;0,8;Aliquota unica;;;;;;;;;;;;;;;;;;;;;;;1;0
B043;BORGO TICINO;NO;44;16/12/2025;26/05/2026;CONFERMA;SI;0,56;Applicabile a scaglione di reddito fino a euro 28.000,00;,71;Applicabile a scaglione di reddito da euro 28.000,01 fino a euro 50.000,00;,79;Applicabile a scaglione di reddito oltre euro 50.000,00;;;;;;;;;;;;;;;;;;;3;0
B044;BORGO TOSSIGNANO;BO;52;23/12/2025;09/04/2026;MODIFICA;NO;0,8;Aliquota unica;;;;;;;;;;;;;;;;;;;;;;;1;0
B042;BORGO VAL DI TARO;PR;;;;;NO;0*;;;;;;;;;;;;;;;;;;;;;;;;;0
M421;BORGO VALBELLUNA;BL;75;29/12/2025;07/04/2026;DELIBERA ADOTTATA EX ART. 1, COMMA 751, L. 207/2024;SI;0,6;Applicabile a scaglione di reddito fino a euro 15.000,00;,65;Applicabile a scaglione di reddito da euro 15.000,01 fino a euro 28.000,00;,75;Applicabile a scaglione di reddito da euro 28.000,01 fino a euro 50.000,00;,8;Applicabile a scaglione di reddito oltre euro 50.000,00;0;Esenzione per redditi imponibili fino a euro 10.000,00;;;;;;;;;;;;;;;0;0
B006;BORGO VALSUGANA;TN;;;;;NO;0*;;;;;;;;;;;;;;;;;;;;;;;;;0
A996;BORGO VELINO;RI;;;;;NO;0*;;;;;;;;;;;;;;;;;;;;;;;;;0
M402;BORGO VENETO;PD;54;10/12/2025;25/08/2026;CONFERMA;NO;0,4;Aliquota unica;;;;;;;;;;;;;;;;;;;;;;;1;0
B046;BORGO VERCELLI;VC;;;;;NO;0*;;;;;;;;;;;;;;;;;;;;;;;;;0
M340;BORGO VIRGILIO;MN;;;;;NO;0*;;;;;;;;;;;;;;;;;;;;;;;;;0
M406;BORGOCARBONARA;MN;35;01/12/2025;29/01/2026;CONFERMA;SI;0;Esenzione per redditi imponibili fino a euro 13.000,00;,65;Aliquota unica;;;;;;;;;;;;;;;;;;;;;2;13000
B015;BORGOFRANCO D'IVREA;TO;;;;;NO;0*;;;;;;;;;;;;;;;;;;;;;;;;;0
B016;BORGOLAVEZZARO;NO;;;;;NO;0*;;;;;;;;;;;;;;;;;;;;;;;;;0
B018;BORGOMALE;CN;;;;;NO;0*;;;;;;;;;;;;;;;;;;;;;;;;;0
B019;BORGOMANERO;NO;;;;;NO;0*;;;;;;;;;;;;;;;;;;;;;;;;;0
B020;BORGOMARO;IM;39;19/12/2025;07/01/2026;CONFERMA;NO;0,8;Aliquota unica;;;;;;;;;;;;;;;;;;;;;;;1;0
B021;BORGOMASINO;TO;;;;;NO;0*;;;;;;;;;;;;;;;;;;;;;;;;;0
M370;BORGOMEZZAVALLE;VB;;;;;NO;0*;;;;;;;;;;;;;;;;;;;;;;;;;0
B024;BORGONE SUSA;TO;;;;;NO;0*;;;;;;;;;;;;;;;;;;;;;;;;;0
B025;BORGONOVO VAL TIDONE;PC;;;;;NO;0*;;;;;;;;;;;;;;;;;;;;;;;;;0
B029;BORGORATTO ALESSANDRINO;AL;;;;;NO;0*;;;;;;;;;;;;;;;;;;;;;;;;;0
B030;BORGORATTO MORMOROLO;PV;19;12/12/2025;17/04/2026;CONFERMA;NO;0,3;Aliquota unica;;;;;;;;;;;;;;;;;;;;;;;1;0
B031;BORGORICCO;PD;;;;;NO;0*;;;;;;;;;;;;;;;;;;;;;;;;;0
B008;BORGOROSE;RI;;;;;NO;0*;;;;;;;;;;;;;;;;;;;;;;;;;0
B040;BORGOSATOLLO;BS;38;22/12/2025;09/01/2026;CONFERMA;SI;0;Esenzione per redditi imponibili fino a euro 10.000,00;,64;Applicabile a scaglione di reddito fino a euro 28.000,00;,78;Applicabile a scaglione di reddito da euro 28.000,01 fino a euro 50.000,00;,8;Applicabile a scaglione di reddito oltre euro 50.000,00;;;;;;;;;;;;;;;;;4;10000
B041;BORGOSESIA;VC;39;22/12/2025;31/07/2026;CONFERMA;SI;0;Esenzione per redditi imponibili fino a euro 15.000,00;,78;Aliquota unica;;;;;;;;;;;;;;;;;;;;;2;15000
B048;BORMIDA;SV;28;22/12/2025;04/08/2026;CONFERMA;NO;0,8;Aliquota unica;;;;;;;;;;;;;;;;;;;;;;;1;0
B049;BORMIO;SO;83;30/12/2025;17/02/2026;CONFERMA;NO;0,5;Aliquota unica;;;;;;;;;;;;;;;;;;;;;;;1;0
B051;BORNASCO;PV;30;28/11/2025;09/01/2026;CONFERMA;SI;0;Esenzione per redditi imponibili fino a euro 15.000,00;,8;Aliquota unica;;;;;;;;;;;;;;;;;;;;;2;15000
B054;BORNO;BS;;;;;NO;0*;;;;;;;;;;;;;;;;;;;;;;;;;0
B055;BORONEDDU;OR;;;;;NO;0*;;;;;;;;;;;;;;;;;;;;;;;;;0
B056;BORORE;NU;;;;;NO;0*;;;;;;;;;;;;;;;;;;;;;;;;;0
B057;BORRELLO;CH;;;;;NO;0*;;;;;;;;;;;;;;;;;;;;;;;;;0
B058;BORRIANA;BI;;;;;NO;0*;;;;;;;;;;;;;;;;;;;;;;;;;0
B061;BORSO DEL GRAPPA;TV;;;;;NO;0*;;;;;;;;;;;;;;;;;;;;;;;;;0
B062;BORTIGALI;NU;;;;;NO;0*;;;;;;;;;;;;;;;;;;;;;;;;;0
B063;BORTIGIADAS;SS;;;;;NO;0*;;;;;;;;;;;;;;;;;;;;;;;;;0
B064;BORUTTA;SS;;;;;NO;0*;;;;;;;;;;;;;;;;;;;;;;;;;0
B067;BORZONASCA;GE;37;30/12/2025;06/08/2026;CONFERMA;NO;0,6;Aliquota unica;;;;;;;;;;;;;;;;;;;;;;;1;0
B068;BOSA;OR;;;;;NO;0*;;;;;;;;;;;;;;;;;;;;;;;;;0
B069;BOSARO;RO;;;;;NO;0*;;;;;;;;;;;;;;;;;;;;;;;;;0
B070;BOSCHI SANT'ANNA;VR;31;30/12/2025;26/05/2026;CONFERMA;SI;0;Esenzione per redditi imponibili fino a euro 12.000,00;,75;Aliquota unica;;;;;;;;;;;;;;;;;;;;;2;12000
B073;BOSCO CHIESANUOVA;VR;55;30/12/2025;13/05/2026;MODIFICA;SI;0,7;Aliquota unica;0;Esenzione per per famiglie con reddito complessivo imponibile non superiore ad euro 50.000 ed aventi fiscalmente a carico quattro figli, con l'innalzamento di euro 10.000 per ogni figlio a carico oltre il quarto (art. 3 c. 1 reg.);0;Esenzione per portatori di handicap con invalidità non inf.all'80 per cento titolari di un reddito isee non sup.ad euro 50.000 e per i soggetti con reddito isee non sup.ad euro 50.000 ed aventi fiscalmente a carico un portatore di handicap con invalidità non inf. all'80 percento (art. 3 c. 3 reg.);;;;;;;;;;;;;;;;;;;5;0
B071;BOSCO MARENGO;AL;;;;;NO;0*;;;;;;;;;;;;;;;;;;;;;;;;;0
B075;BOSCONERO;TO;;;;;NO;0*;;;;;;;;;;;;;;;;;;;;;;;;;0
B076;BOSCOREALE;NA;;;;;NO;0*;;;;;;;;;;;;;;;;;;;;;;;;;0
B077;BOSCOTRECASE;NA;;;;;NO;0*;;;;;;;;;;;;;;;;;;;;;;;;;0
B079;BOSIA;CN;;;;;NO;0*;;;;;;;;;;;;;;;;;;;;;;;;;0
B080;BOSIO;AL;;;;;NO;0*;;;;;;;;;;;;;;;;;;;;;;;;;0
B081;BOSISIO PARINI;LC;;;;;NO;0*;;;;;;;;;;;;;;;;;;;;;;;;;0
B082;BOSNASCO;PV;21;20/12/2025;12/01/2026;DELIBERA ADOTTATA EX ART. 1, COMMA 751, L. 207/2024;SI;0,4;Applicabile a scaglione di reddito fino a €. 15.000,00;,45;Applicabile a scaglione di reddito da €. 15.000,01 fino a €. 28.000,00;,55;Applicabile a scaglione di reddito da €. 28.000,01 fino a €. 50.000,00;,8;Applicabile a scaglione di reddito oltre €. 50.000,00;0;Esenzione per redditi imponibili fino a euro 12.000,00;;;;;;;;;;;;;;;0;0
B083;BOSSICO;BG;;;;;NO;0*;;;;;;;;;;;;;;;;;;;;;;;;;0
B084;BOSSOLASCO;CN;12;23/12/2025;27/03/2026;CONFERMA;NO;0,7;Aliquota unica;;;;;;;;;;;;;;;;;;;;;;;1;0
B085;BOTRICELLO;CZ;;;;;NO;0*;;;;;;;;;;;;;;;;;;;;;;;;;0
B086;BOTRUGNO;LE;17;30/12/2025;05/03/2026;CONFERMA;SI;0,8;Aliquota unica;0;Esenzione per redditi da lavoro dipendente e da pensione fino ad euro 8.000,00;;;;;;;;;;;;;;;;;;;;;5;0
B088;BOTTANUCO;BG;45;18/12/2025;04/02/2026;CONFERMA;SI;0;Esenzione per redditi imponibili fino a euro 12.000,00;,8;Aliquota unica;;;;;;;;;;;;;;;;;;;;;2;12000
B091;BOTTICINO;BS;2;12/02/2026;08/04/2026;CONFERMA;SI;0;Esenzione per redditi imponibili fino a euro 15.000,00;,8;Aliquota unica;;;;;;;;;;;;;;;;;;;;;2;15000
B094;BOTTIDDA;SS;;;;;NO;0*;;;;;;;;;;;;;;;;;;;;;;;;;0
B097;BOVA;RC;7;27/04/2026;07/05/2026;ATTO OLTRE TERMINE - ALIQUOTE INAPPLICABILI PER IL 2026;NO;0,8;Aliquota unica;;;;;;;;;;;;;;;;;;;;;;;1;0
B099;BOVA MARINA;RC;;;;;NO;0*;;;;;;;;;;;;;;;;;;;;;;;;;0
B098;BOVALINO;RC;;;;;NO;0*;;;;;;;;;;;;;;;;;;;;;;;;;0
B100;BOVEGNO;BS;24;22/12/2025;06/03/2026;CONFERMA;NO;0,6;Aliquota unica;;;;;;;;;;;;;;;;;;;;;;;1;0
B101;BOVES;CN;56;19/12/2025;21/07/2026;CONFERMA;SI;0;Esenzione per redditi imponibili fino a euro 8.000,00;,7;Applicabile a scaglione di reddito fino a euro 28.000,00;,8;Applicabile a scaglione di reddito da euro 28.000,01 fino a euro 50.000,00;,8;Applicabile a scaglione di reddito oltre euro 50.000,00;;;;;;;;;;;;;;;;;4;8000
B102;BOVEZZO;BS;;;;;NO;0*;;;;;;;;;;;;;;;;;;;;;;;;;0
A720;BOVILLE ERNICA;FR;28;29/12/2025;05/03/2026;MODIFICA;NO;0,8;Aliquota unica;;;;;;;;;;;;;;;;;;;;;;;1;0
B104;BOVINO;FG;22;20/11/2025;09/01/2026;CONFERMA;NO;0,8;Aliquota unica;;;;;;;;;;;;;;;;;;;;;;;1;0
B105;BOVISIO-MASCIAGO;MB;55;23/12/2025;13/01/2026;CONFERMA;SI;0;Esenzione per redditi imponibili fino a euro 6.000,00;,8;Aliquota unica;;;;;;;;;;;;;;;;;;;;;2;6000
B106;BOVOLENTA;PD;47;20/12/2025;07/01/2026;CONFERMA;SI;0;Esenzione per redditi imponibili fino a euro 12.500,00;,8;Aliquota unica;;;;;;;;;;;;;;;;;;;;;2;12500
B107;BOVOLONE;VR;;;;;NO;0*;;;;;;;;;;;;;;;;;;;;;;;;;0
B109;BOZZOLE;AL;27;17/12/2025;18/06/2026;CONFERMA;NO;0,8;Aliquota unica;;;;;;;;;;;;;;;;;;;;;;;1;0
B110;BOZZOLO;MN;30;29/12/2025;06/02/2026;CONFERMA;SI;0;Esenzione per redditi imponibili fino a euro 10.000,00;,71;Applicabile a scaglione di reddito fino a euro 28.000,00;,72;Applicabile a scaglione di reddito da euro 28.000,01 fino a euro 50.000,00;,8;Applicabile a scaglione di reddito oltre euro 50.000,00;;;;;;;;;;;;;;;;;4;10000
B111;BRA;CN;66;23/12/2025;16/01/2026;MODIFICA;SI;0;Esenzione per redditi imponibili fino a euro 8.500,00;,69;Applicabile a scaglione di reddito fino a euro 28.000,00;,75;Applicabile a scaglione di reddito da euro 28.000,01 fino a euro 50.000,00;,79;Applicabile a scaglione di reddito oltre euro 50.000,00;;;;;;;;;;;;;;;;;4;8500
B112;BRACCA;BG;;;;;NO;0*;;;;;;;;;;;;;;;;;;;;;;;;;0
B114;BRACCIANO;RM;;;;;NO;0*;;;;;;;;;;;;;;;;;;;;;;;;;0
B115;BRACIGLIANO;SA;;;;;NO;0*;;;;;;;;;;;;;;;;;;;;;;;;;0
B116;BRAIES;BZ;;;;;NO;0*;;;;;;;;;;;;;;;;;;;;;;;;;0
B117;BRALLO DI PREGOLA;PV;18;20/12/2025;14/01/2026;CONFERMA;NO;0,7;Aliquota unica;;;;;;;;;;;;;;;;;;;;;;;1;0
B118;BRANCALEONE;RC;;;;;NO;0*;;;;;;;;;;;;;;;;;;;;;;;;;0
B120;BRANDICO;BS;;;;;NO;0*;;;;;;;;;;;;;;;;;;;;;;;;;0
B121;BRANDIZZO;TO;36;15/12/2025;19/08/2026;CONFERMA;SI;0;Esenzione per redditi imponibili fino a euro 9.999,99;,8;Aliquota unica;;;;;;;;;;;;;;;;;;;;;2;9999,99
B123;BRANZI;BG;;;;;NO;0*;;;;;;;;;;;;;;;;;;;;;;;;;0
B124;BRAONE;BS;18;17/12/2025;02/01/2026;ISTITUISCE;SI;0;Esenzione per redditi imponibili fino a euro 28.000,00;,8;Aliquota unica;;;;;;;;;;;;;;;;;;;;;2;28000
B126;BREBBIA;VA;;;;;NO;0*;;;;;;;;;;;;;;;;;;;;;;;;;0
B128;BREDA DI PIAVE;TV;;;;;NO;0*;;;;;;;;;;;;;;;;;;;;;;;;;0
B132;BREGANZE;VI;44;23/12/2025;03/02/2026;MODIFICA;SI;0,67;Applicabile a scaglione di reddito fino a euro 28.000,00;,79;Applicabile a scaglione di reddito da euro 28.000,01 fino a euro 50.000,00;,8;Applicabile a scaglione di reddito oltre euro 50.000,00;;;;;;;;;;;;;;;;;;;3;0
B134;BREGNANO;CO;38;18/12/2025;30/04/2026;CONFERMA;NO;0,7;Aliquota unica;;;;;;;;;;;;;;;;;;;;;;;1;0
B137;BREMBATE;BG;38;15/12/2025;22/01/2026;CONFERMA;SI;0;Esenzione per redditi imponibili fino a euro 10.000,00;,8;Aliquota unica;;;;;;;;;;;;;;;;;;;;;2;10000
B138;BREMBATE DI SOPRA;BG;40;22/12/2025;12/02/2026;CONFERMA;NO;0,8;Aliquota unica;;;;;;;;;;;;;;;;;;;;;;;1;0
B141;BREMBIO;LO;;;;;NO;0*;;;;;;;;;;;;;;;;;;;;;;;;;0
B142;BREME;PV;19;20/12/2025;09/01/2026;CONFERMA;NO;0,8;Aliquota unica;;;;;;;;;;;;;;;;;;;;;;;1;0
B143;BRENDOLA;VI;63;15/12/2025;07/08/2026;CONFERMA;SI;0;Esenzione per redditi imponibili fino a euro 10.000,00;,8;Aliquota unica;;;;;;;;;;;;;;;;;;;;;2;10000
B144;BRENNA;CO;50;22/12/2025;17/03/2026;CONFERMA;NO;0,75;Aliquota unica;;;;;;;;;;;;;;;;;;;;;;;1;0
B145;BRENNERO;BZ;;;;;NO;0*;;;;;;;;;;;;;;;;;;;;;;;;;0
B149;BRENO;BS;38;23/12/2025;08/01/2026;CONFERMA;SI;0,8;Aliquota unica;0;Esenzione per reddito complessivo cui concorrono reddito di pensione di ogni genere ed eventualmente redditi da unità' immobiliare adibita ad abitazione principale e sue pertinenze, che, ridotto degli oneri deducibili, non è superiore a euro 10.329,14;;;;;;;;;;;;;;;;;;;;;5;0
B150;BRENTA;VA;;;;;NO;0*;;;;;;;;;;;;;;;;;;;;;;;;;0
B152;BRENTINO BELLUNO;VR;4;09/01/2026;19/01/2026;CONFERMA;NO;0,65;Aliquota unica;;;;;;;;;;;;;;;;;;;;;;;1;0
B153;BRENTONICO;TN;;;;;NO;0*;;;;;;;;;;;;;;;;;;;;;;;;;0
B154;BRENZONE SUL GARDA;VR;;;;;NO;0*;;;;;;;;;;;;;;;;;;;;;;;;;0
B156;BRESCELLO;RE;;;;;NO;0*;;;;;;;;;;;;;;;;;;;;;;;;;0
B157;BRESCIA;BS;;;;;NO;0*;;;;;;;;;;;;;;;;;;;;;;;;;0
B158;BRESIMO;TN;;;;;NO;0*;;;;;;;;;;;;;;;;;;;;;;;;;0
B159;BRESSANA BOTTARONE;PV;45;19/12/2025;23/04/2026;MODIFICA;SI;0;Esenzione per redditi imponibili fino a euro 15.000,00;,58;Applicabile a scaglione di reddito fino a euro 28.000,00;,79;Applicabile a scaglione di reddito da euro 28.000,01 fino a euro 50.000,00;,8;Applicabile a scaglione di reddito oltre euro 50.000,00;;;;;;;;;;;;;;;;;4;15000
B160;BRESSANONE;BZ;;;;;NO;0*;;;;;;;;;;;;;;;;;;;;;;;;;0
B161;BRESSANVIDO;VI;;;;;NO;0*;;;;;;;;;;;;;;;;;;;;;;;;;0
B162;BRESSO;MI;73;09/12/2025;02/01/2026;CONFERMA;SI;0;Esenzione per redditi imponibili fino a euro 10.499,99;,8;Aliquota unica;;;;;;;;;;;;;;;;;;;;;2;10499,99
B166;BREZZO DI BEDERO;VA;3;18/02/2026;12/03/2026;CONFERMA;NO;0,4;Aliquota unica;;;;;;;;;;;;;;;;;;;;;;;1;0
B167;BRIAGLIA;CN;26;18/12/2025;15/01/2026;CONFERMA;NO;0,8;Aliquota unica;;;;;;;;;;;;;;;;;;;;;;;1;0
B169;BRIATICO;VV;;;;;NO;0*;;;;;;;;;;;;;;;;;;;;;;;;;0
B171;BRICHERASIO;TO;46;18/12/2025;20/02/2026;CONFERMA;SI;0;Esenzione per redditi imponibili fino a euro 7.499,99;,8;Aliquota unica;;;;;;;;;;;;;;;;;;;;;2;7499,99
B172;BRIENNO;CO;;;;;NO;0*;;;;;;;;;;;;;;;;;;;;;;;;;0
B173;BRIENZA;PZ;45;29/12/2025;26/08/2026;CONFERMA;SI;0,5;Applicabile a scaglione di reddito fino a euro 28.000,00;,6;Applicabile a scaglione di reddito da euro 28.000,01 fino a euro 50.000,00;,8;Applicabile a scaglione di reddito oltre euro 50.000,00;;;;;;;;;;;;;;;;;;;3;0
B175;BRIGA ALTA;CN;28;20/12/2025;12/01/2026;CONFERMA;NO;0,3;Aliquota unica;;;;;;;;;;;;;;;;;;;;;;;1;0
B176;BRIGA NOVARESE;NO;24;15/12/2025;20/08/2026;CONFERMA;NO;0,8;Aliquota unica;;;;;;;;;;;;;;;;;;;;;;;1;0
B178;BRIGNANO GERA D'ADDA;BG;58;22/12/2025;14/01/2026;MODIFICA;SI;0;Esenzione per redditi imponibili fino a euro 12.000,00;,77;Aliquota unica;;;;;;;;;;;;;;;;;;;;;2;12000
B179;BRIGNANO-FRASCATA;AL;13;09/12/2025;30/03/2026;CONFERMA;SI;0;Esenzione per redditi imponibili fino a euro 10.000,00;,6;Aliquota unica;;;;;;;;;;;;;;;;;;;;;2;10000
B180;BRINDISI;BR;107;22/12/2025;25/02/2026;CONFERMA;SI;0;Esenzione per redditi imponibili fino a euro 10.000,00;1,2;Aliquota unica;;;;;;;;;;;;;;;;;;;;;2;10000
B181;BRINDISI MONTAGNA;PZ;;;;;NO;0*;;;;;;;;;;;;;;;;;;;;;;;;;0
B182;BRINZIO;VA;22;19/12/2025;19/05/2026;MODIFICA;SI;0;Esenzione per redditi imponibili fino a euro 10.000,00;,6;Aliquota unica;;;;;;;;;;;;;;;;;;;;;2;10000
B183;BRIONA;NO;;;;;NO;0*;;;;;;;;;;;;;;;;;;;;;;;;;0
B184;BRIONE;BS;19;24/11/2025;09/01/2026;CONFERMA;SI;0;Esenzione per redditi imponibili fino a euro 11.000,00;,7;Applicabile a scaglione di reddito fino a euro 28.000,00;,75;Applicabile a scaglione di reddito da euro 28.000,01 fino a euro 50.000,00;,8;Applicabile a scaglione di reddito oltre euro 50.000,00;;;;;;;;;;;;;;;;;4;11000
B187;BRIOSCO;MB;23;19/12/2025;19/01/2026;CONFERMA;SI;0;Esenzione per redditi imponibili fino a euro 12.500,00;,8;Aliquota unica;;;;;;;;;;;;;;;;;;;;;2;12500
B188;BRISIGHELLA;RA;;;;;NO;0*;;;;;;;;;;;;;;;;;;;;;;;;;0
B191;BRISSAGO-VALTRAVAGLIA;VA;;;;;NO;0*;;;;;;;;;;;;;;;;;;;;;;;;;0
B192;BRISSOGNE;AO;;;;;NO;0*;;;;;;;;;;;;;;;;;;;;;;;;;0
B193;BRITTOLI;PE;;;;;NO;0*;;;;;;;;;;;;;;;;;;;;;;;;;0
B194;BRIVIO;LC;43;18/12/2025;03/02/2026;CONFERMA;SI;0;Esenzione per redditi imponibili fino a euro 15.000,00;,8;Aliquota unica;;;;;;;;;;;;;;;;;;;;;2;15000
B195;BROCCOSTELLA;FR;;;;;NO;0*;;;;;;;;;;;;;;;;;;;;;;;;;0
B196;BROGLIANO;VI;29;29/12/2025;27/01/2026;CONFERMA;NO;0,8;Aliquota unica;;;;;;;;;;;;;;;;;;;;;;;1;0
B197;BROGNATURO;VV;;;;;NO;0*;;;;;;;;;;;;;;;;;;;;;;;;;0
B198;BROLO;ME;;;;;NO;0*;;;;;;;;;;;;;;;;;;;;;;;;;0
B200;BRONDELLO;CN;;;;;NO;0*;;;;;;;;;;;;;;;;;;;;;;;;;0
B201;BRONI;PV;59;29/12/2025;08/01/2026;CONFERMA;SI;0;Esenzione per redditi imponibili fino a euro 15.000,00;,8;Aliquota unica;;;;;;;;;;;;;;;;;;;;;2;15000
B202;BRONTE;CT;;;;;NO;0*;;;;;;;;;;;;;;;;;;;;;;;;;0
B203;BRONZOLO;BZ;;;;;NO;0*;;;;;;;;;;;;;;;;;;;;;;;;;0
B204;BROSSASCO;CN;;;;;NO;0*;;;;;;;;;;;;;;;;;;;;;;;;;0
B205;BROSSO;TO;40;30/12/2025;26/08/2026;MODIFICA;NO;0,6;Aliquota unica;;;;;;;;;;;;;;;;;;;;;;;1;0
B207;BROVELLO-CARPUGNINO;VB;;;;;NO;0*;;;;;;;;;;;;;;;;;;;;;;;;;0
B209;BROZOLO;TO;;;;;NO;0*;;;;;;;;;;;;;;;;;;;;;;;;;0
B212;BRUGHERIO;MB;84;19/12/2025;20/02/2026;CONFERMA;NO;0,8;Aliquota unica;;;;;;;;;;;;;;;;;;;;;;;1;0
B213;BRUGINE;PD;55;22/12/2025;29/01/2026;CONFERMA;SI;0;Esenzione per redditi imponibili fino a euro 10.000,00;,8;Aliquota unica;;;;;;;;;;;;;;;;;;;;;2;10000
B214;BRUGNATO;SP;;;;;NO;0*;;;;;;;;;;;;;;;;;;;;;;;;;0
B215;BRUGNERA;PN;54;22/12/2025;09/01/2026;CONFERMA;SI;0;Esenzione per redditi imponibili fino a euro 12.000,00;,54;Applicabile a scaglione di reddito fino a euro 28.000,00;,68;Applicabile a scaglione di reddito da euro 28.000,01 fino a euro 50.000,00;,78;Applicabile a scaglione di reddito oltre euro 50.000,00;;;;;;;;;;;;;;;;;4;12000
B216;BRUINO;TO;65;18/12/2025;15/01/2026;CONFERMA;SI;0;Esenzione per redditi imponibili fino a euro 15.000,00;,6;Applicabile a scaglione di reddito fino a euro 28.000,00;,71;Applicabile a scaglione di reddito da euro 28.000,01 fino a euro 50.000,00;,8;Applicabile a scaglione di reddito oltre euro 50.000,00;;;;;;;;;;;;;;;;;4;15000
B217;BRUMANO;BG;;;;;NO;0*;;;;;;;;;;;;;;;;;;;;;;;;;0
B218;BRUNATE;CO;50;19/12/2025;05/02/2026;CONFERMA;SI;0;Esenzione per redditi imponibili fino a euro 15.000,00;,7;Aliquota unica;;;;;;;;;;;;;;;;;;;;;2;15000
B219;BRUNELLO;VA;39;27/12/2025;09/01/2026;MODIFICA;SI;0;Esenzione per redditi imponibili fino a euro 13.000,00;,8;Aliquota unica;;;;;;;;;;;;;;;;;;;;;2;13000
B220;BRUNICO;BZ;;;;;NO;0*;;;;;;;;;;;;;;;;;;;;;;;;;0
B221;BRUNO;AT;;;;;NO;0*;;;;;;;;;;;;;;;;;;;;;;;;;0
B223;BRUSAPORTO;BG;29;27/11/2025;19/01/2026;CONFERMA;SI;0;Esenzione per redditi imponibili fino a euro 15.000,00;,7;Applicabile a scaglione di reddito fino a euro 28.000,00;,7;Applicabile a scaglione di reddito da euro 28.000,01 fino a euro 50.000,00;,78;Applicabile a scaglione di reddito oltre euro 50.000,00;;;;;;;;;;;;;;;;;4;15000
B225;BRUSASCO;TO;4;16/02/2026;02/04/2026;CONFERMA;NO;0,8;Aliquota unica;;;;;;;;;;;;;;;;;;;;;;;1;0
B227;BRUSCIANO;NA;73;29/12/2025;17/06/2026;CONFERMA;SI;0;Esenzione per redditi imponibili fino a euro 8.000,00;,8;Aliquota unica;;;;;;;;;;;;;;;;;;;;;2;8000
B228;BRUSIMPIANO;VA;35;30/12/2025;03/02/2026;MODIFICA;NO;0,8;Aliquota unica;;;;;;;;;;;;;;;;;;;;;;;1;0
B229;BRUSNENGO;BI;;;;;NO;0*;;;;;;;;;;;;;;;;;;;;;;;;;0
B230;BRUSSON;AO;;;;;NO;0*;;;;;;;;;;;;;;;;;;;;;;;;;0
B232;BRUZOLO;TO;29;23/12/2025;15/01/2026;CONFERMA;NO;0,8;Aliquota unica;;;;;;;;;;;;;;;;;;;;;;;1;0
B234;BRUZZANO ZEFFIRIO;RC;;;;;NO;0*;;;;;;;;;;;;;;;;;;;;;;;;;0
B235;BUBBIANO;MI;35;29/12/2025;15/05/2026;CONFERMA;SI;0;Esenzione per redditi imponibili fino a euro 7.499,99;,8;Aliquota unica;;;;;;;;;;;;;;;;;;;;;2;7499,99
B236;BUBBIO;AT;23;14/12/2025;09/02/2026;CONFERMA;NO;0,7;Aliquota unica;;;;;;;;;;;;;;;;;;;;;;;1;0
B237;BUCCHERI;SR;;;;;NO;0*;;;;;;;;;;;;;;;;;;;;;;;;;0
B238;BUCCHIANICO;CH;9;27/02/2026;27/04/2026;CONFERMA;NO;0,8;Aliquota unica;;;;;;;;;;;;;;;;;;;;;;;1;0
B239;BUCCIANO;BN;;;;;NO;0*;;;;;;;;;;;;;;;;;;;;;;;;;0
B240;BUCCINASCO;MI;;;;;NO;0*;;;;;;;;;;;;;;;;;;;;;;;;;0
B242;BUCCINO;SA;;;;;NO;0*;;;;;;;;;;;;;;;;;;;;;;;;;0
B243;BUCINE;AR;64;16/12/2025;20/01/2026;DELIBERA ADOTTATA EX ART. 1, COMMA 751, L. 207/2024;SI;0,7;Applicabile a scaglione di reddito fino a euro 15.000,00;,7;Applicabile a scaglione di reddito da euro 15.000,01 fino a euro 28.000,00;,8;Applicabile a scaglione di reddito da euro 28.000,01 fino a euro 50.000,00;,8;Applicabile a scaglione di reddito oltre euro 50.000,00;0;Esenzione per redditi imponibili fino a euro 9.999,99;;;;;;;;;;;;;;;0;0
B246;BUDDUSO';SS;;;;;NO;0*;;;;;;;;;;;;;;;;;;;;;;;;;0
B247;BUDOIA;PN;;;;;NO;0*;;;;;;;;;;;;;;;;;;;;;;;;;0
B248;BUDONI;SS;;;;;NO;0*;;;;;;;;;;;;;;;;;;;;;;;;;0
B249;BUDRIO;BO;;;;;NO;0*;;;;;;;;;;;;;;;;;;;;;;;;;0
B250;BUGGERRU;SU;;;;;NO;0*;;;;;;;;;;;;;;;;;;;;;;;;;0
B251;BUGGIANO;PT;;;;;NO;0*;;;;;;;;;;;;;;;;;;;;;;;;;0
B255;BUGLIO IN MONTE;SO;42;19/12/2025;02/01/2026;CONFERMA;SI;0;Esenzione per redditi imponibili fino a euro 15.000,00;,8;Aliquota unica;;;;;;;;;;;;;;;;;;;;;2;15000
B256;BUGNARA;AQ;;;;;NO;0*;;;;;;;;;;;;;;;;;;;;;;;;;0
B258;BUGUGGIATE;VA;;;;;NO;0*;;;;;;;;;;;;;;;;;;;;;;;;;0
B259;BUJA;UD;;;;;NO;0*;;;;;;;;;;;;;;;;;;;;;;;;;0
B261;BULCIAGO;LC;3;26/02/2026;24/03/2026;CONFERMA;NO;0,7;Aliquota unica;;;;;;;;;;;;;;;;;;;;;;;1;0
B262;BULGAROGRASSO;CO;;;;;NO;0*;;;;;;;;;;;;;;;;;;;;;;;;;0
B264;BULTEI;SS;;;;;NO;0*;;;;;;;;;;;;;;;;;;;;;;;;;0
B265;BULZI;SS;;;;;NO;0*;;;;;;;;;;;;;;;;;;;;;;;;;0
B266;BUONABITACOLO;SA;;;;;NO;0*;;;;;;;;;;;;;;;;;;;;;;;;;0
B267;BUONALBERGO;BN;;;;;NO;0*;;;;;;;;;;;;;;;;;;;;;;;;;0
B269;BUONCONVENTO;SI;5;26/02/2026;04/03/2026;CONFERMA;NO;0,8;Aliquota unica;;;;;;;;;;;;;;;;;;;;;;;1;0
B270;BUONVICINO;CS;6;09/12/2025;09/01/2026;DELIBERA ADOTTATA EX ART. 1, COMMA 751, L. 207/2024;SI;0,7;Applicabile a scaglione di reddito fino a euro 15.000,00;,77;Applicabile a scaglione di reddito da euro 15.000,01 fino a euro 28.000,00;,78;Applicabile a scaglione di reddito da euro 28.000,01 fino a euro 50.000,00;,8;Applicabile a scaglione di reddito oltre euro 50.000,00;0;Esenzione per redditi imponibili fino a euro 8.145,00;;;;;;;;;;;;;;;0;0
B272;BURAGO DI MOLGORA;MB;40;29/12/2025;23/04/2026;CONFERMA;NO;0,8;Aliquota unica;;;;;;;;;;;;;;;;;;;;;;;1;0
B274;BURCEI;SU;;;;;NO;0*;;;;;;;;;;;;;;;;;;;;;;;;;0
B275;BURGIO;AG;;;;;NO;0*;;;;;;;;;;;;;;;;;;;;;;;;;0
B276;BURGOS;SS;;;;;NO;0*;;;;;;;;;;;;;;;;;;;;;;;;;0
B278;BURIASCO;TO;;;;;NO;0*;;;;;;;;;;;;;;;;;;;;;;;;;0
B279;BUROLO;TO;22;16/12/2025;21/01/2026;CONFERMA;SI;0;Esenzione per redditi imponibili fino a euro 9.999,99;,8;Aliquota unica;;;;;;;;;;;;;;;;;;;;;2;9999,99
B280;BURONZO;VC;;;;;NO;0*;;;;;;;;;;;;;;;;;;;;;;;;;0
B281;BUSACHI;OR;;;;;NO;0*;;;;;;;;;;;;;;;;;;;;;;;;;0
B282;BUSALLA;GE;;;;;NO;0*;;;;;;;;;;;;;;;;;;;;;;;;;0
B284;BUSANO;TO;;;;;NO;0*;;;;;;;;;;;;;;;;;;;;;;;;;0
B285;BUSCA;CN;39;18/12/2025;09/04/2026;CONFERMA;NO;0,7;Aliquota unica;;;;;;;;;;;;;;;;;;;;;;;1;0
B286;BUSCATE;MI;;;;;NO;0*;;;;;;;;;;;;;;;;;;;;;;;;;0
B287;BUSCEMI;SR;7;27/02/2026;09/03/2026;CONFERMA;NO;0,8;Aliquota unica;;;;;;;;;;;;;;;;;;;;;;;1;0
B288;BUSETO PALIZZOLO;TP;;;;;NO;0*;;;;;;;;;;;;;;;;;;;;;;;;;0
B289;BUSNAGO;MB;35;29/12/2025;08/01/2026;MODIFICA;SI;0;Esenzione per redditi imponibili fino a euro 10.000,00;,75;Applicabile a scaglione di reddito fino a euro 28.000,00;,8;Applicabile a scaglione di reddito da euro 28.000,01 fino a euro 50.000,00;,8;Applicabile a scaglione di reddito oltre euro 50.000,00;;;;;;;;;;;;;;;;;4;10000
B292;BUSSERO;MI;39;27/11/2025;09/01/2026;CONFERMA;SI;0;Esenzione per redditi imponibili fino a euro 13.000,00;,8;Aliquota unica;;;;;;;;;;;;;;;;;;;;;2;13000
B293;BUSSETO;PR;;;;;NO;0*;;;;;;;;;;;;;;;;;;;;;;;;;0
B294;BUSSI SUL TIRINO;PE;;;;;NO;0*;;;;;;;;;;;;;;;;;;;;;;;;;0
B295;BUSSO;CB;26;09/12/2025;11/02/2026;CONFERMA;SI;0;Esenzione per redditi imponibili fino a euro 7.999,99;,6;Aliquota unica;;;;;;;;;;;;;;;;;;;;;2;7999,99
B296;BUSSOLENGO;VR;;;;;NO;0*;;;;;;;;;;;;;;;;;;;;;;;;;0
B297;BUSSOLENO;TO;;;;;NO;0*;;;;;;;;;;;;;;;;;;;;;;;;;0
B300;BUSTO ARSIZIO;VA;82;10/12/2025;17/04/2026;CONFERMA;SI;0;Esenzione per redditi imponibili fino a euro 15.000,00;,8;Aliquota unica;;;;;;;;;;;;;;;;;;;;;2;15000
B301;BUSTO GAROLFO;MI;;;;;NO;0*;;;;;;;;;;;;;;;;;;;;;;;;;0
B302;BUTERA;CL;;;;;NO;0*;;;;;;;;;;;;;;;;;;;;;;;;;0
B303;BUTI;PI;;;;;NO;0*;;;;;;;;;;;;;;;;;;;;;;;;;0
B304;BUTTAPIETRA;VR;4;27/02/2026;20/03/2026;DELIBERA ADOTTATA EX ART. 1, COMMA 751, L. 207/2024;SI;0,6;Applicabile a scaglione di reddito fino a euro 15.000,00;,7;Applicabile a scaglione di reddito da euro 15.000,01 fino a euro 28.000,00;,8;Applicabile a scaglione di reddito da euro 28.000,01 fino a euro 50.000,00;,8;Applicabile a scaglione di reddito oltre euro 50.000,00;0;Esenzione per redditi imponibili fino a euro 15.000,00;;;;;;;;;;;;;;;0;0
B305;BUTTIGLIERA ALTA;TO;;;;;NO;0*;;;;;;;;;;;;;;;;;;;;;;;;;0
B306;BUTTIGLIERA D'ASTI;AT;;;;;NO;0*;;;;;;;;;;;;;;;;;;;;;;;;;0
B309;BUTTRIO;UD;;;;;NO;0*;;;;;;;;;;;;;;;;;;;;;;;;;0
B311;CABELLA LIGURE;AL;;;;;NO;0*;;;;;;;;;;;;;;;;;;;;;;;;;0
B313;CABIATE;CO;5;26/02/2026;08/04/2026;CONFERMA;SI;0;Esenzione per redditi imponibili fino a euro 18.000,00;,8;Aliquota unica;;;;;;;;;;;;;;;;;;;;;2;18000
B314;CABRAS;OR;45;30/12/2025;15/01/2026;CONFERMA;SI;0;Esenzione per redditi imponibili fino a euro 8.500,00;,55;Aliquota unica;;;;;;;;;;;;;;;;;;;;;2;8500
B315;CACCAMO;PA;;;;;NO;0*;;;;;;;;;;;;;;;;;;;;;;;;;0
B319;CACCURI;KR;;;;;NO;0*;;;;;;;;;;;;;;;;;;;;;;;;;0
B326;CADEGLIANO-VICONAGO;VA;;;;;NO;0*;;;;;;;;;;;;;;;;;;;;;;;;;0
B328;CADELBOSCO DI SOPRA;RE;60;29/12/2025;19/05/2026;CONFERMA;SI;0;Esenzione per redditi imponibili fino a euro 12.000,00;,78;Aliquota unica;;;;;;;;;;;;;;;;;;;;;2;12000
B332;CADEO;PC;;;;;NO;0*;;;;;;;;;;;;;;;;;;;;;;;;;0
B335;CADERZONE TERME;TN;;;;;NO;0*;;;;;;;;;;;;;;;;;;;;;;;;;0
B345;CADONEGHE;PD;;;;;NO;0*;;;;;;;;;;;;;;;;;;;;;;;;;0
B346;CADORAGO;CO;59;12/12/2025;17/04/2026;CONFERMA;SI;0;Esenzione per redditi imponibili fino a euro 11.999,99;,8;Aliquota unica;;;;;;;;;;;;;;;;;;;;;2;11999,99
M425;CADREZZATE CON OSMATE;VA;20;11/12/2025;12/02/2026;CONFERMA;SI;0;Esenzione per redditi imponibili fino a euro 9.999,99;,5;Aliquota unica;;;;;;;;;;;;;;;;;;;;;2;9999,99
B349;CAERANO DI SAN MARCO;TV;;;;;NO;0*;;;;;;;;;;;;;;;;;;;;;;;;;0
B350;CAFASSE;TO;36;19/11/2025;30/03/2026;MODIFICA;SI;0;Esenzione per redditi imponibili fino a euro 15.000,00;,7;Applicabile a scaglione di reddito fino a euro 28.000,00;,79;Applicabile a scaglione di reddito da euro 28.000,01 fino a euro 50.000,00;,8;Applicabile a scaglione di reddito oltre euro 50.000,00;;;;;;;;;;;;;;;;;4;15000
B351;CAGGIANO;SA;;;;;NO;0*;;;;;;;;;;;;;;;;;;;;;;;;;0
B352;CAGLI;PU;;;;;NO;0*;;;;;;;;;;;;;;;;;;;;;;;;;0
B354;CAGLIARI;CA;;;;;NO;0*;;;;;;;;;;;;;;;;;;;;;;;;;0
B355;CAGLIO;CO;;;;;NO;0*;;;;;;;;;;;;;;;;;;;;;;;;;0
B358;CAGNANO AMITERNO;AQ;;;;;NO;0*;;;;;;;;;;;;;;;;;;;;;;;;;0
B357;CAGNANO VARANO;FG;;;;;NO;0*;;;;;;;;;;;;;;;;;;;;;;;;;0
B361;CAIANELLO;CE;;;;;NO;0*;;;;;;;;;;;;;;;;;;;;;;;;;0
B362;CAIAZZO;CE;;;;;NO;0*;;;;;;;;;;;;;;;;;;;;;;;;;0
B364;CAINES;BZ;;;;;NO;0*;;;;;;;;;;;;;;;;;;;;;;;;;0
B365;CAINO;BS;39;16/12/2025;13/05/2026;CONFERMA;SI;0;Esenzione per redditi imponibili fino a euro 10.000,00;,8;Aliquota unica;;;;;;;;;;;;;;;;;;;;;2;10000
B366;CAIOLO;SO;;;;;NO;0*;;;;;;;;;;;;;;;;;;;;;;;;;0
B367;CAIRANO;AV;;;;;NO;0*;;;;;;;;;;;;;;;;;;;;;;;;;0
B368;CAIRATE;VA;39;15/12/2025;25/02/2026;CONFERMA;SI;0;Esenzione per redditi imponibili fino a euro 8.000,00;,8;Aliquota unica;;;;;;;;;;;;;;;;;;;;;2;8000
B369;CAIRO MONTENOTTE;SV;57;22/12/2025;09/01/2026;CONFERMA;SI;0;Esenzione per redditi imponibili fino a euro 10.000,00;,8;Aliquota unica;;;;;;;;;;;;;;;;;;;;;2;10000
B371;CAIVANO;NA;;;;;NO;0*;;;;;;;;;;;;;;;;;;;;;;;;;0
B374;CALABRITTO;AV;4;26/02/2026;07/07/2026;CONFERMA;NO;0,4;Aliquota unica;;;;;;;;;;;;;;;;;;;;;;;1;0
B375;CALALZO DI CADORE;BL;39;22/12/2025;15/01/2026;CONFERMA;NO;0,8;Aliquota unica;;;;;;;;;;;;;;;;;;;;;;;1;0
B376;CALAMANDRANA;AT;;;;;NO;0*;;;;;;;;;;;;;;;;;;;;;;;;;0
B377;CALAMONACI;AG;;;;;NO;0*;;;;;;;;;;;;;;;;;;;;;;;;;0
B378;CALANGIANUS;SS;;;;;NO;0*;;;;;;;;;;;;;;;;;;;;;;;;;0
B379;CALANNA;RC;;;;;NO;0*;;;;;;;;;;;;;;;;;;;;;;;;;0
B380;CALASCA-CASTIGLIONE;VB;;;;;NO;0*;;;;;;;;;;;;;;;;;;;;;;;;;0
B381;CALASCIBETTA;EN;2;09/02/2026;27/03/2026;ISTITUISCE;SI;0;Esenzione per redditi imponibili fino a euro 10.000,00;,6;Applicabile a scaglione di reddito fino a euro 28.000,00;,7;Applicabile a scaglione di reddito da euro 28.000,01 fino a euro 50.000,00;,8;Applicabile a scaglione di reddito oltre euro 50.000,00;;;;;;;;;;;;;;;;;4;10000
B382;CALASCIO;AQ;;;;;NO;0*;;;;;;;;;;;;;;;;;;;;;;;;;0
B383;CALASETTA;SU;;;;;NO;0*;;;;;;;;;;;;;;;;;;;;;;;;;0
B384;CALATABIANO;CT;;;;;NO;0*;;;;;;;;;;;;;;;;;;;;;;;;;0
B385;CALATAFIMI-SEGESTA;TP;;;;;NO;0*;;;;;;;;;;;;;;;;;;;;;;;;;0
B388;CALCATA;VT;;;;;NO;0*;;;;;;;;;;;;;;;;;;;;;;;;;0
B389;CALCERANICA AL LAGO;TN;;;;;NO;0*;;;;;;;;;;;;;;;;;;;;;;;;;0
B390;CALCI;PI;;;;;NO;0*;;;;;;;;;;;;;;;;;;;;;;;;;0
B391;CALCIANO;MT;35;22/12/2025;03/02/2026;CONFERMA;SI;0;Esenzione per redditi imponibili fino a euro 10.000,00;,2;Aliquota unica;;;;;;;;;;;;;;;;;;;;;2;10000
B392;CALCINAIA;PI;;;;;NO;0*;;;;;;;;;;;;;;;;;;;;;;;;;0
B393;CALCINATE;BG;;;;;NO;0*;;;;;;;;;;;;;;;;;;;;;;;;;0
B394;CALCINATO;BS;;;;;NO;0*;;;;;;;;;;;;;;;;;;;;;;;;;0
B395;CALCIO;BG;29;27/11/2025;04/02/2026;CONFERMA;NO;0,8;Aliquota unica;;;;;;;;;;;;;;;;;;;;;;;1;0
B396;CALCO;LC;;;;;NO;0*;;;;;;;;;;;;;;;;;;;;;;;;;0
B397;CALDARO SULLA STRADA DEL VINO;BZ;;;;;NO;0*;;;;;;;;;;;;;;;;;;;;;;;;;0
B398;CALDAROLA;MC;63;19/12/2025;22/05/2026;CONFERMA;NO;0,7;Aliquota unica;;;;;;;;;;;;;;;;;;;;;;;1;0
B399;CALDERARA DI RENO;BO;98;30/12/2025;04/03/2026;MODIFICA;SI;0;Esenzione per redditi imponibili fino a euro 15.000,00;,76;Applicabile a scaglione di reddito fino a euro 28.000,00;,78;Applicabile a scaglione di reddito da euro 28.000,01 fino a euro 50.000,00;,8;Applicabile a scaglione di reddito oltre euro 50.000,00;;;;;;;;;;;;;;;;;4;15000
B400;CALDES;TN;;;;;NO;0*;;;;;;;;;;;;;;;;;;;;;;;;;0
B402;CALDIERO;VR;39;19/12/2025;31/03/2026;CONFERMA;NO;0,8;Aliquota unica;;;;;;;;;;;;;;;;;;;;;;;1;0
B403;CALDOGNO;VI;53;30/12/2025;13/01/2026;MODIFICA;SI;0;Esenzione per redditi imponibili fino a euro 10.000,00;,8;Aliquota unica;;;;;;;;;;;;;;;;;;;;;2;10000
B404;CALDONAZZO;TN;;;;;NO;0*;;;;;;;;;;;;;;;;;;;;;;;;;0
B405;CALENDASCO;PC;;;;;NO;0*;;;;;;;;;;;;;;;;;;;;;;;;;0
B406;CALENZANO;FI;193;23/12/2025;27/01/2026;DELIBERA ADOTTATA EX ART. 1, COMMA 751, L. 207/2024;SI;0,7;Applicabile a scaglione di reddito fino a euro 15.000,00;,7;Applicabile a scaglione di reddito da euro 15.000,01 fino a euro 28.000,00;,75;Applicabile a scaglione di reddito da euro 28.000,01 fino a euro 50.000,00;,8;Applicabile a scaglione di reddito oltre euro 50.000,00;0;Esenzione per redditi imponibili fino a euro 15.000,00;;;;;;;;;;;;;;;0;0
B408;CALESTANO;PR;;;;;NO;0*;;;;;;;;;;;;;;;;;;;;;;;;;0
B410;CALICE AL CORNOVIGLIO;SP;;;;;NO;0*;;;;;;;;;;;;;;;;;;;;;;;;;0
B409;CALICE LIGURE;SV;;;;;NO;0*;;;;;;;;;;;;;;;;;;;;;;;;;0
B413;CALIMERA;LE;;;;;NO;0*;;;;;;;;;;;;;;;;;;;;;;;;;0
B415;CALITRI;AV;40;19/12/2025;02/01/2026;CONFERMA;NO;0,6;Aliquota unica;;;;;;;;;;;;;;;;;;;;;;;1;0
B416;CALIZZANO;SV;;;;;NO;0*;;;;;;;;;;;;;;;;;;;;;;;;;0
B417;CALLABIANA;BI;;;;;NO;0*;;;;;;;;;;;;;;;;;;;;;;;;;0
B419;CALLIANO;TN;;;;;NO;0*;;;;;;;;;;;;;;;;;;;;;;;;;0
B418;CALLIANO MONFERRATO;AT;28;29/12/2025;21/01/2026;CONFERMA;NO;0,7;Aliquota unica;;;;;;;;;;;;;;;;;;;;;;;1;0
B423;CALOLZIOCORTE;LC;35;28/11/2025;07/01/2026;CONFERMA;SI;0;Esenzione per redditi imponibili fino a euro 14.000,00;,8;Aliquota unica;;;;;;;;;;;;;;;;;;;;;2;14000
B424;CALOPEZZATI;CS;;;;;NO;0*;;;;;;;;;;;;;;;;;;;;;;;;;0
B425;CALOSSO;AT;28;29/12/2025;09/01/2026;MODIFICA;NO;0,7;Aliquota unica;;;;;;;;;;;;;;;;;;;;;;;1;0
B426;CALOVETO;CS;;;;;NO;0*;;;;;;;;;;;;;;;;;;;;;;;;;0
B427;CALTABELLOTTA;AG;;;;;NO;0*;;;;;;;;;;;;;;;;;;;;;;;;;0
B428;CALTAGIRONE;CT;;;;;NO;0*;;;;;;;;;;;;;;;;;;;;;;;;;0
B429;CALTANISSETTA;CL;;;;;NO;0*;;;;;;;;;;;;;;;;;;;;;;;;;0
B430;CALTAVUTURO;PA;34;14/11/2025;04/08/2026;DELIBERA ADOTTATA EX ART. 1, COMMA 751, L. 207/2024;SI;0,3;Applicabile a scaglione di reddito fino a euro 15.000,00;,4;Applicabile a scaglione di reddito da euro 15.000,01 fino a euro 28.000,00;,5;Applicabile a scaglione di reddito da euro 28.000,01 fino a euro 50.000,00;,7;Applicabile a scaglione di reddito oltre euro 50.000,00;0;Esenzione per redditi imponibili fino a euro 15.000,00;;;;;;;;;;;;;;;0;0
B431;CALTIGNAGA;NO;;;;;NO;0*;;;;;;;;;;;;;;;;;;;;;;;;;0
B432;CALTO;RO;43;27/11/2025;29/05/2026;CONFERMA;NO;0,8;Aliquota unica;;;;;;;;;;;;;;;;;;;;;;;1;0
B433;CALTRANO;VI;59;30/12/2025;09/01/2026;CONFERMA;NO;0,8;Aliquota unica;;;;;;;;;;;;;;;;;;;;;;;1;0
B434;CALUSCO D'ADDA;BG;;;;;NO;0*;;;;;;;;;;;;;;;;;;;;;;;;;0
B435;CALUSO;TO;54;22/12/2025;19/02/2026;CONFERMA;NO;0,8;Aliquota unica;;;;;;;;;;;;;;;;;;;;;;;1;0
B436;CALVAGESE DELLA RIVIERA;BS;29;20/12/2025;07/05/2026;MODIFICA;SI;0;Esenzione per redditi imponibili fino a euro 15.000,00;,7;Applicabile a scaglione di reddito fino a euro 28.000,00;,75;Applicabile a scaglione di reddito da euro 28.000,01 fino a euro 50.000,00;,8;Applicabile a scaglione di reddito oltre euro 50.000,00;;;;;;;;;;;;;;;;;4;15000
B437;CALVANICO;SA;;;;;NO;0*;;;;;;;;;;;;;;;;;;;;;;;;;0
B439;CALVATONE;CR;;;;;NO;0*;;;;;;;;;;;;;;;;;;;;;;;;;0
B440;CALVELLO;PZ;;;;;NO;0*;;;;;;;;;;;;;;;;;;;;;;;;;0
B441;CALVENE;VI;35;23/12/2025;19/01/2026;CONFERMA;NO;0,8;Aliquota unica;;;;;;;;;;;;;;;;;;;;;;;1;0
B442;CALVENZANO;BG;40;19/12/2025;08/01/2026;CONFERMA;NO;0,6;Aliquota unica;;;;;;;;;;;;;;;;;;;;;;;1;0
B443;CALVERA;PZ;32;16/12/2025;07/01/2026;CONFERMA;NO;0,2;Aliquota unica;;;;;;;;;;;;;;;;;;;;;;;1;0
B444;CALVI;BN;;;;;NO;0*;;;;;;;;;;;;;;;;;;;;;;;;;0
B446;CALVI DELL'UMBRIA;TR;28;18/12/2025;20/01/2026;CONFERMA;NO;0,8;Aliquota unica;;;;;;;;;;;;;;;;;;;;;;;1;0
B445;CALVI RISORTA;CE;3;09/02/2026;27/02/2026;CONFERMA;NO;0,8;Aliquota unica;;;;;;;;;;;;;;;;;;;;;;;1;0
B447;CALVIGNANO;PV;;;;;NO;0*;;;;;;;;;;;;;;;;;;;;;;;;;0
B448;CALVIGNASCO;MI;22;22/12/2025;28/04/2026;MODIFICA;SI;0;Esenzione per redditi imponibili fino a euro 10.000,00;,5;Applicabile a scaglione di reddito fino a euro 28.000,00;,65;Applicabile a scaglione di reddito da euro 28.000,01 fino a euro 50.000,00;,7;Applicabile a scaglione di reddito oltre euro 50.000,00;;;;;;;;;;;;;;;;;4;10000
B450;CALVISANO;BS;43;29/12/2025;22/01/2026;CONFERMA;NO;0,8;Aliquota unica;;;;;;;;;;;;;;;;;;;;;;;1;0
B452;CALVIZZANO;NA;;;;;NO;0*;;;;;;;;;;;;;;;;;;;;;;;;;0
B453;CAMAGNA MONFERRATO;AL;;;;;NO;0*;;;;;;;;;;;;;;;;;;;;;;;;;0
B455;CAMAIORE;LU;;;;;NO;0*;;;;;;;;;;;;;;;;;;;;;;;;;0
B457;CAMANDONA;BI;;;;;NO;0*;;;;;;;;;;;;;;;;;;;;;;;;;0
B460;CAMASTRA;AG;;;;;NO;0*;;;;;;;;;;;;;;;;;;;;;;;;;0
B461;CAMBIAGO;MI;8;28/02/2026;15/05/2026;CONFERMA;NO;0,6;Aliquota unica;;;;;;;;;;;;;;;;;;;;;;;1;0
B462;CAMBIANO;TO;;;;;NO;0*;;;;;;;;;;;;;;;;;;;;;;;;;0
B463;CAMBIASCA;VB;;;;;NO;0*;;;;;;;;;;;;;;;;;;;;;;;;;0
B465;CAMBURZANO;BI;18;17/12/2025;26/01/2026;CONFERMA;NO;0,8;Aliquota unica;;;;;;;;;;;;;;;;;;;;;;;1;0
B467;CAMERANA;CN;;;;;NO;0*;;;;;;;;;;;;;;;;;;;;;;;;;0
B468;CAMERANO;AN;;;;;NO;0*;;;;;;;;;;;;;;;;;;;;;;;;;0
B469;CAMERANO CASASCO;AT;;;;;NO;0*;;;;;;;;;;;;;;;;;;;;;;;;;0
B471;CAMERATA CORNELLO;BG;28;29/12/2025;21/01/2026;CONFERMA;NO;0,8;Aliquota unica;;;;;;;;;;;;;;;;;;;;;;;1;0
B472;CAMERATA NUOVA;RM;;;;;NO;0*;;;;;;;;;;;;;;;;;;;;;;;;;0
B470;CAMERATA PICENA;AN;56;22/12/2025;19/01/2026;CONFERMA;SI;0;Esenzione per redditi imponibili fino a euro 9.999,99;,8;Aliquota unica;;;;;;;;;;;;;;;;;;;;;2;9999,99
B473;CAMERI;NO;22;17/12/2025;15/01/2026;CONFERMA;SI;0;Esenzione per redditi imponibili fino a euro 10.000,00;,6;Aliquota unica;;;;;;;;;;;;;;;;;;;;;2;10000
B474;CAMERINO;MC;;;;;NO;0*;;;;;;;;;;;;;;;;;;;;;;;;;0
B476;CAMEROTA;SA;;;;;NO;0*;;;;;;;;;;;;;;;;;;;;;;;;;0
B477;CAMIGLIANO;CE;;;;;NO;0*;;;;;;;;;;;;;;;;;;;;;;;;;0
B481;CAMINI;RC;36;29/10/2025;20/01/2026;CONFERMA;NO;0,7;Aliquota unica;;;;;;;;;;;;;;;;;;;;;;;1;0
B482;CAMINO;AL;37;17/12/2025;22/04/2026;CONFERMA;NO;0,8;Aliquota unica;;;;;;;;;;;;;;;;;;;;;;;1;0
B483;CAMINO AL TAGLIAMENTO;UD;;;;;NO;0*;;;;;;;;;;;;;;;;;;;;;;;;;0
B484;CAMISANO;CR;31;18/12/2025;02/01/2026;CONFERMA;SI;0;Esenzione per redditi imponibili fino a euro 10.000,00;,7;Aliquota unica;;;;;;;;;;;;;;;;;;;;;2;10000
B485;CAMISANO VICENTINO;VI;;;;;NO;0*;;;;;;;;;;;;;;;;;;;;;;;;;0
B486;CAMMARATA;AG;;;;;NO;0*;;;;;;;;;;;;;;;;;;;;;;;;;0
B490;CAMOGLI;GE;;;;;NO;0*;;;;;;;;;;;;;;;;;;;;;;;;;0
B492;CAMPAGNA;SA;;;;;NO;0*;;;;;;;;;;;;;;;;;;;;;;;;;0
B493;CAMPAGNA LUPIA;VE;51;22/12/2025;13/01/2026;CONFERMA;NO;0,8;Aliquota unica;;;;;;;;;;;;;;;;;;;;;;;1;0
B496;CAMPAGNANO DI ROMA;RM;;;;;NO;0*;;;;;;;;;;;;;;;;;;;;;;;;;0
B497;CAMPAGNATICO;GR;;;;;NO;0*;;;;;;;;;;;;;;;;;;;;;;;;;0
B498;CAMPAGNOLA CREMASCA;CR;25;19/12/2025;21/01/2026;CONFERMA;NO;0,8;Aliquota unica;;;;;;;;;;;;;;;;;;;;;;;1;0
B499;CAMPAGNOLA EMILIA;RE;;;;;NO;0*;;;;;;;;;;;;;;;;;;;;;;;;;0
B500;CAMPANA;CS;8;28/04/2026;07/05/2026;ATTO OLTRE TERMINE - ALIQUOTE INAPPLICABILI PER IL 2026;SI;0;Esenzione per redditi imponibili fino a euro 8.000,00;,8;Aliquota unica;;;;;;;;;;;;;;;;;;;;;2;8000
B501;CAMPARADA;MB;40;31/12/2025;05/03/2026;CONFERMA;SI;0;Esenzione per redditi imponibili fino a euro 15.000,00;,8;Aliquota unica;;;;;;;;;;;;;;;;;;;;;2;15000
B502;CAMPEGINE;RE;31;23/12/2025;08/01/2026;CONFERMA;SI;0;Esenzione per redditi imponibili fino a euro 12.000,00;,8;Aliquota unica;;;;;;;;;;;;;;;;;;;;;2;12000
B504;CAMPELLO SUL CLITUNNO;PG;;;;;NO;0*;;;;;;;;;;;;;;;;;;;;;;;;;0
B505;CAMPERTOGNO;VC;31;29/12/2025;08/04/2026;CONFERMA;NO;0,7;Aliquota unica;;;;;;;;;;;;;;;;;;;;;;;1;0
B507;CAMPI BISENZIO;FI;;;;;NO;0*;;;;;;;;;;;;;;;;;;;;;;;;;0
B506;CAMPI SALENTINA;LE;3;09/02/2026;27/02/2026;CONFERMA;NO;0,8;Aliquota unica;;;;;;;;;;;;;;;;;;;;;;;1;0
M373;CAMPIGLIA CERVO;BI;42;19/12/2025;09/01/2026;NON APPLICA;NO;0;Aliquota unica;;;;;;;;;;;;;;;;;;;;;;;1;0
B511;CAMPIGLIA DEI BERICI;VI;32;23/12/2025;13/03/2026;MODIFICA;SI;0;Esenzione per redditi imponibili fino a euro 10.000,00;,75;Aliquota unica;;;;;;;;;;;;;;;;;;;;;2;10000
B509;CAMPIGLIA MARITTIMA;LI;139;28/11/2025;05/02/2026;CONFERMA;NO;0,8;Aliquota unica;;;;;;;;;;;;;;;;;;;;;;;1;0
B512;CAMPIGLIONE-FENILE;TO;31;18/12/2025;30/01/2026;DELIBERA ADOTTATA EX ART. 1, COMMA 751, L. 207/2024;SI;0,45;Applicabile a scaglione di reddito fino a euro 15.000,00;,55;Applicabile a scaglione di reddito da euro 15.000,01 fino a euro 28.000,00;,65;Applicabile a scaglione di reddito da euro 28.000,01 fino a euro 50.000,00;,7;Applicabile a scaglione di reddito oltre euro 50.000,00;;;;;;;;;;;;;;;;;0;0
B513;CAMPIONE D'ITALIA;CO;21;25/11/2025;05/02/2026;MODIFICA;SI;0;Esenzione per redditi imponibili fino a euro 15.000,00;,3;Applicabile a scaglione di reddito fino a euro 28.000,00;,4;Applicabile a scaglione di reddito da euro 28.000,01 fino a euro 50.000,00;,5;Applicabile a scaglione di reddito oltre euro 50.000,00;;;;;;;;;;;;;;;;;4;15000
B514;CAMPITELLO DI FASSA;TN;;;;;NO;0*;;;;;;;;;;;;;;;;;;;;;;;;;0
B515;CAMPLI;TE;;;;;NO;0*;;;;;;;;;;;;;;;;;;;;;;;;;0
B516;CAMPO CALABRO;RC;;;;;NO;0*;;;;;;;;;;;;;;;;;;;;;;;;;0
B526;CAMPO DI GIOVE;AQ;;;;;NO;0*;;;;;;;;;;;;;;;;;;;;;;;;;0
B529;CAMPO DI TRENS;BZ;;;;;NO;0*;;;;;;;;;;;;;;;;;;;;;;;;;0
B538;CAMPO LIGURE;GE;;;;;NO;0*;;;;;;;;;;;;;;;;;;;;;;;;;0
B553;CAMPO NELL'ELBA;LI;;;;;NO;0*;;;;;;;;;;;;;;;;;;;;;;;;;0
B564;CAMPO SAN MARTINO;PD;;;;;NO;0*;;;;;;;;;;;;;;;;;;;;;;;;;0
B570;CAMPO TURES;BZ;;;;;NO;0*;;;;;;;;;;;;;;;;;;;;;;;;;0
B519;CAMPOBASSO;CB;;;;;NO;0*;;;;;;;;;;;;;;;;;;;;;;;;;0
B520;CAMPOBELLO DI LICATA;AG;;;;;NO;0*;;;;;;;;;;;;;;;;;;;;;;;;;0
B521;CAMPOBELLO DI MAZARA;TP;;;;;NO;0*;;;;;;;;;;;;;;;;;;;;;;;;;0
B522;CAMPOCHIARO;CB;31;10/12/2025;06/05/2026;CONFERMA;NO;0,2;Aliquota unica;;;;;;;;;;;;;;;;;;;;;;;1;0
B524;CAMPODARSEGO;PD;;;;;NO;0*;;;;;;;;;;;;;;;;;;;;;;;;;0
B525;CAMPODENNO;TN;;;;;NO;0*;;;;;;;;;;;;;;;;;;;;;;;;;0
B527;CAMPODIMELE;LT;79;27/11/2025;10/04/2026;CONFERMA;NO;0,8;Aliquota unica;;;;;;;;;;;;;;;;;;;;;;;1;0
B528;CAMPODIPIETRA;CB;49;31/12/2025;15/01/2026;CONFERMA;NO;0,8;Aliquota unica;;;;;;;;;;;;;;;;;;;;;;;1;0
B530;CAMPODOLCINO;SO;;;;;NO;0*;;;;;;;;;;;;;;;;;;;;;;;;;0
B531;CAMPODORO;PD;;;;;NO;0*;;;;;;;;;;;;;;;;;;;;;;;;;0
B533;CAMPOFELICE DI FITALIA;PA;;;;;NO;0*;;;;;;;;;;;;;;;;;;;;;;;;;0
B532;CAMPOFELICE DI ROCCELLA;PA;6;22/01/2026;15/05/2026;CONFERMA;NO;0,8;Aliquota unica;;;;;;;;;;;;;;;;;;;;;;;1;0
B534;CAMPOFILONE;FM;;;;;NO;0*;;;;;;;;;;;;;;;;;;;;;;;;;0
B535;CAMPOFIORITO;PA;;;;;NO;0*;;;;;;;;;;;;;;;;;;;;;;;;;0
B536;CAMPOFORMIDO;UD;55;11/12/2025;20/01/2026;MODIFICA;SI;0;Esenzione per redditi imponibili fino a euro 10.000,00;,4;Applicabile a scaglione di reddito fino a euro 28.000,00;,7;Applicabile a scaglione di reddito da euro 28.000,01 fino a euro 50.000,00;,75;Applicabile a scaglione di reddito oltre euro 50.000,00;;;;;;;;;;;;;;;;;4;10000
B537;CAMPOFRANCO;CL;;;;;NO;0*;;;;;;;;;;;;;;;;;;;;;;;;;0
B539;CAMPOGALLIANO;MO;;;;;NO;0*;;;;;;;;;;;;;;;;;;;;;;;;;0
B541;CAMPOLATTARO;BN;;;;;NO;0*;;;;;;;;;;;;;;;;;;;;;;;;;0
B543;CAMPOLI APPENNINO;FR;31;29/12/2025;12/01/2026;CONFERMA;NO;0,8;Aliquota unica;;;;;;;;;;;;;;;;;;;;;;;1;0
B542;CAMPOLI DEL MONTE TABURNO;BN;38;23/12/2025;21/01/2026;CONFERMA;NO;0,8;Aliquota unica;;;;;;;;;;;;;;;;;;;;;;;1;0
B544;CAMPOLIETO;CB;;;;;NO;0*;;;;;;;;;;;;;;;;;;;;;;;;;0
B546;CAMPOLONGO MAGGIORE;VE;35;19/12/2025;19/01/2026;CONFERMA;SI;0;Esenzione per redditi imponibili fino a euro 7.500,00;,8;Aliquota unica;;;;;;;;;;;;;;;;;;;;;2;7500
M311;CAMPOLONGO TAPOGLIANO;UD;;;;;NO;0*;;;;;;;;;;;;;;;;;;;;;;;;;0
B549;CAMPOMAGGIORE;PZ;;;;;NO;0*;;;;;;;;;;;;;;;;;;;;;;;;;0
B550;CAMPOMARINO;CB;3;05/03/2026;21/04/2026;MODIFICA;SI;0;Esenzione per redditi imponibili fino a euro 10.000,00;,5;Aliquota unica;;;;;;;;;;;;;;;;;;;;;2;10000
B551;CAMPOMORONE;GE;;;;;NO;0*;;;;;;;;;;;;;;;;;;;;;;;;;0
B554;CAMPONOGARA;VE;57;30/12/2025;03/02/2026;MODIFICA;SI;0;Esenzione per redditi imponibili fino a euro 10.000,00;,8;Aliquota unica;;;;;;;;;;;;;;;;;;;;;2;10000
B555;CAMPORA;SA;;;;;NO;0*;;;;;;;;;;;;;;;;;;;;;;;;;0
B556;CAMPOREALE;PA;;;;;NO;0*;;;;;;;;;;;;;;;;;;;;;;;;;0
B557;CAMPORGIANO;LU;56;23/12/2025;20/01/2026;CONFERMA;SI;0;Esenzione per redditi imponibili fino a euro 16.000,00;,8;Aliquota unica;;;;;;;;;;;;;;;;;;;;;2;16000
B559;CAMPOROSSO;IM;;;;;NO;0*;;;;;;;;;;;;;;;;;;;;;;;;;0
B562;CAMPOROTONDO DI FIASTRONE;MC;;;;;NO;0*;;;;;;;;;;;;;;;;;;;;;;;;;0
B561;CAMPOROTONDO ETNEO;CT;;;;;NO;0*;;;;;;;;;;;;;;;;;;;;;;;;;0
B563;CAMPOSAMPIERO;PD;31;23/12/2025;26/01/2026;CONFERMA;SI;0;Esenzione per redditi imponibili fino a euro 10.499,99;,8;Aliquota unica;;;;;;;;;;;;;;;;;;;;;2;10499,99
B565;CAMPOSANO;NA;;;;;NO;0*;;;;;;;;;;;;;;;;;;;;;;;;;0
B566;CAMPOSANTO;MO;;;;;NO;0*;;;;;;;;;;;;;;;;;;;;;;;;;0
B567;CAMPOSPINOSO ALBAREDO;PV;;;;;NO;0*;;;;;;;;;;;;;;;;;;;;;;;;;0
B569;CAMPOTOSTO;AQ;;;;;NO;0*;;;;;;;;;;;;;;;;;;;;;;;;;0
B572;CAMUGNANO;BO;;;;;NO;0*;;;;;;;;;;;;;;;;;;;;;;;;;0
B577;CANAL SAN BOVO;TN;;;;;NO;0*;;;;;;;;;;;;;;;;;;;;;;;;;0
B573;CANALE;CN;28;17/12/2025;07/01/2026;CONFERMA;SI;0,65;Applicabile a scaglione di reddito fino a euro 28.000,00;,77;Applicabile a scaglione di reddito da euro 28.000,01 fino a euro 50.000,00;,8;Applicabile a scaglione di reddito oltre euro 50.000,00;;;;;;;;;;;;;;;;;;;3;0
B574;CANALE D'AGORDO;BL;;;;;NO;0*;;;;;;;;;;;;;;;;;;;;;;;;;0
B576;CANALE MONTERANO;RM;;;;;NO;0*;;;;;;;;;;;;;;;;;;;;;;;;;0
B578;CANARO;RO;3;26/02/2026;13/04/2026;CONFERMA;SI;0;Esenzione per redditi imponibili fino a euro 7.500,00;,8;Aliquota unica;;;;;;;;;;;;;;;;;;;;;2;7500
B579;CANAZEI;TN;;;;;NO;0*;;;;;;;;;;;;;;;;;;;;;;;;;0
B580;CANCELLARA;PZ;;;;;NO;0*;;;;;;;;;;;;;;;;;;;;;;;;;0
B581;CANCELLO ED ARNONE;CE;;;;;NO;0*;;;;;;;;;;;;;;;;;;;;;;;;;0
B582;CANDA;RO;;;;;NO;0*;;;;;;;;;;;;;;;;;;;;;;;;;0
B584;CANDELA;FG;;;;;NO;0*;;;;;;;;;;;;;;;;;;;;;;;;;0
B586;CANDELO;BI;52;18/12/2025;22/05/2026;CONFERMA;NO;0,8;Aliquota unica;;;;;;;;;;;;;;;;;;;;;;;1;0
B588;CANDIA CANAVESE;TO;21;15/12/2025;30/01/2026;CONFERMA;NO;0,8;Aliquota unica;;;;;;;;;;;;;;;;;;;;;;;1;0
B587;CANDIA LOMELLINA;PV;;;;;NO;0*;;;;;;;;;;;;;;;;;;;;;;;;;0
B589;CANDIANA;PD;;;;;NO;0*;;;;;;;;;;;;;;;;;;;;;;;;;0
B590;CANDIDA;AV;;;;;NO;0*;;;;;;;;;;;;;;;;;;;;;;;;;0
B591;CANDIDONI;RC;;;;;NO;0*;;;;;;;;;;;;;;;;;;;;;;;;;0
B592;CANDIOLO;TO;70;29/12/2025;23/01/2026;CONFERMA;SI;0;Esenzione per redditi imponibili fino a euro 15.000,00;,8;Aliquota unica;;;;;;;;;;;;;;;;;;;;;2;15000
B593;CANEGRATE;MI;10;19/01/2026;20/02/2026;CONFERMA;SI;0;Esenzione per redditi imponibili fino a euro 12.000,00;,8;Aliquota unica;;;;;;;;;;;;;;;;;;;;;2;12000
B594;CANELLI;AT;58;18/12/2025;23/02/2026;CONFERMA;SI;0;Esenzione per redditi imponibili fino a euro 7.500,00;,8;Aliquota unica;;;;;;;;;;;;;;;;;;;;;2;7500
B597;CANEPINA;VT;;;;;NO;0*;;;;;;;;;;;;;;;;;;;;;;;;;0
B598;CANEVA;PN;;;;;NO;0*;;;;;;;;;;;;;;;;;;;;;;;;;0
B602;CANICATTI';AG;;;;;NO;0*;;;;;;;;;;;;;;;;;;;;;;;;;0
B603;CANICATTINI BAGNI;SR;;;;;NO;0*;;;;;;;;;;;;;;;;;;;;;;;;;0
B604;CANINO;VT;;;;;NO;0*;;;;;;;;;;;;;;;;;;;;;;;;;0
B605;CANISCHIO;TO;23;16/12/2025;29/01/2026;CONFERMA;SI;0,2;Applicabile a scaglione di reddito fino a euro 28.000,00;,3;Applicabile a scaglione di reddito da euro 28.000,01 fino a euro 50.000,00;,5;Applicabile a scaglione di reddito oltre euro 50.000,00;;;;;;;;;;;;;;;;;;;3;0
B606;CANISTRO;AQ;;;;;NO;0*;;;;;;;;;;;;;;;;;;;;;;;;;0
B607;CANNA;CS;;;;;NO;0*;;;;;;;;;;;;;;;;;;;;;;;;;0
B608;CANNALONGA;SA;;;;;NO;0*;;;;;;;;;;;;;;;;;;;;;;;;;0
B609;CANNARA;PG;19;29/12/2025;16/04/2026;CONFERMA;SI;0;Esenzione per redditi imponibili fino a euro 10.000,00;,8;Aliquota unica;;;;;;;;;;;;;;;;;;;;;2;10000
B610;CANNERO RIVIERA;VB;;;;;NO;0*;;;;;;;;;;;;;;;;;;;;;;;;;0
B613;CANNETO PAVESE;PV;33;18/12/2025;04/03/2026;CONFERMA;SI;0;Esenzione per redditi imponibili fino a euro 10.000,00;,65;Applicabile a scaglione di reddito fino a euro 28.000,00;,7;Applicabile a scaglione di reddito da euro 28.000,01 fino a euro 50.000,00;,75;Applicabile a scaglione di reddito oltre euro 50.000,00;;;;;;;;;;;;;;;;;4;10000
B612;CANNETO SULL'OGLIO;MN;42;22/12/2025;21/05/2026;CONFERMA;NO;0,5;Aliquota unica;;;;;;;;;;;;;;;;;;;;;;;1;0
B615;CANNOBIO;VB;;;;;NO;0*;;;;;;;;;;;;;;;;;;;;;;;;;0
B616;CANNOLE;LE;;;;;NO;0*;;;;;;;;;;;;;;;;;;;;;;;;;0
B617;CANOLO;RC;25;25/11/2025;21/01/2026;MODIFICA;NO;0,8;Aliquota unica;;;;;;;;;;;;;;;;;;;;;;;1;0
B618;CANONICA D'ADDA;BG;;;;;NO;0*;;;;;;;;;;;;;;;;;;;;;;;;;0
B619;CANOSA DI PUGLIA;BT;74;28/11/2025;15/01/2026;CONFERMA;SI;0;Esenzione per redditi imponibili fino a euro 7.500,00;,8;Aliquota unica;;;;;;;;;;;;;;;;;;;;;2;7500
B620;CANOSA SANNITA;CH;27;23/12/2025;15/01/2026;MODIFICA;NO;0,75;Aliquota unica;;;;;;;;;;;;;;;;;;;;;;;1;0
B621;CANOSIO;CN;;;;;NO;0*;;;;;;;;;;;;;;;;;;;;;;;;;0
C669;CANOSSA;RE;41;22/12/2025;17/02/2026;CONFERMA;SI;0;Esenzione per redditi imponibili fino a euro 12.000,00;,6;Applicabile a scaglione di reddito fino a euro 28.000,00;,65;Applicabile a scaglione di reddito da euro 28.000,01 fino a euro 50.000,00;,8;Applicabile a scaglione di reddito oltre euro 50.000,00;;;;;;;;;;;;;;;;;4;12000
B624;CANSANO;AQ;;;;;NO;0*;;;;;;;;;;;;;;;;;;;;;;;;;0
B626;CANTAGALLO;PO;;;;;NO;0*;;;;;;;;;;;;;;;;;;;;;;;;;0
B627;CANTALICE;RI;;;;;NO;0*;;;;;;;;;;;;;;;;;;;;;;;;;0
B628;CANTALUPA;TO;41;23/12/2025;09/01/2026;MODIFICA;NO;0,7;Aliquota unica;;;;;;;;;;;;;;;;;;;;;;;1;0
B631;CANTALUPO IN SABINA;RI;17;24/12/2025;02/01/2026;CONFERMA;NO;0,8;Aliquota unica;;;;;;;;;;;;;;;;;;;;;;;1;0
B629;CANTALUPO LIGURE;AL;12;18/12/2025;12/01/2026;CONFERMA;NO;0,63;Aliquota unica;;;;;;;;;;;;;;;;;;;;;;;1;0
B630;CANTALUPO NEL SANNIO;IS;38;26/11/2025;06/03/2026;CONFERMA;NO;0,7;Aliquota unica;;;;;;;;;;;;;;;;;;;;;;;1;0
B633;CANTARANA;AT;20;20/12/2025;20/05/2026;CONFERMA;NO;0,7;Aliquota unica;;;;;;;;;;;;;;;;;;;;;;;1;0
B634;CANTELLO;VA;40;16/12/2025;15/01/2026;CONFERMA;NO;0,35;Aliquota unica;;;;;;;;;;;;;;;;;;;;;;;1;0
B635;CANTERANO;RM;;;;;NO;0*;;;;;;;;;;;;;;;;;;;;;;;;;0
B636;CANTIANO;PU;;;;;NO;0*;;;;;;;;;;;;;;;;;;;;;;;;;0
B637;CANTOIRA;TO;25;18/12/2025;26/01/2026;CONFERMA;NO;0,6;Aliquota unica;;;;;;;;;;;;;;;;;;;;;;;1;0
B639;CANTU';CO;69;22/12/2025;05/02/2026;DELIBERA ADOTTATA EX ART. 1, COMMA 751, L. 207/2024;SI;0,7;Applicabile a scaglione di reddito fino a euro 15.000,00;,72;Applicabile a scaglione di reddito da euro 15.000,01 fino a euro 28.000,00;,74;Applicabile a scaglione di reddito da euro 28.000,01 fino a euro 50.000,00;,76;Applicabile a scaglione di reddito oltre euro 50.000,00;0;Esenzione per redditi imponibili fino a euro 18.000,00;;;;;;;;;;;;;;;0;0
B640;CANZANO;TE;;;;;NO;0*;;;;;;;;;;;;;;;;;;;;;;;;;0
B641;CANZO;CO;30;12/11/2025;05/01/2026;CONFERMA;SI;0;Esenzione per redditi imponibili fino a euro 13.000,00;,8;Aliquota unica;;;;;;;;;;;;;;;;;;;;;2;13000
B642;CAORLE;VE;;;;;NO;0*;;;;;;;;;;;;;;;;;;;;;;;;;0
B643;CAORSO;PC;;;;;NO;0*;;;;;;;;;;;;;;;;;;;;;;;;;0
B644;CAPACCIO PAESTUM;SA;;;;;NO;0*;;;;;;;;;;;;;;;;;;;;;;;;;0
B645;CAPACI;PA;;;;;NO;0*;;;;;;;;;;;;;;;;;;;;;;;;;0
B646;CAPALBIO;GR;54;30/12/2025;07/04/2026;CONFERMA;SI;0;Esenzione per redditi imponibili fino a euro 12.000,00;,6;Applicabile a scaglione di reddito fino a euro 28.000,00;,73;Applicabile a scaglione di reddito da euro 28.000,01 fino a euro 50.000,00;,8;Applicabile a scaglione di reddito oltre euro 50.000,00;;;;;;;;;;;;;;;;;4;12000
B647;CAPANNOLI;PI;;;;;NO;0*;;;;;;;;;;;;;;;;;;;;;;;;;0
B648;CAPANNORI;LU;;;;;NO;0*;;;;;;;;;;;;;;;;;;;;;;;;;0
B649;CAPENA;RM;43;18/12/2025;06/07/2026;CONFERMA;NO;0,8;Aliquota unica;;;;;;;;;;;;;;;;;;;;;;;1;0
B650;CAPERGNANICA;CR;;;;;NO;0*;;;;;;;;;;;;;;;;;;;;;;;;;0
B651;CAPESTRANO;AQ;26;22/12/2025;29/01/2026;DELIBERA ADOTTATA EX ART. 1, COMMA 751, L. 207/2024;SI;0,65;Applicabile a scaglione di reddito fino a euro 15.000,00;,7;Applicabile a scaglione di reddito da euro 15.000,01 fino a euro 28.000,00;,75;Applicabile a scaglione di reddito da euro 28.000,01 fino a euro 50.000,00;,8;Applicabile a scaglione di reddito oltre euro 50.000,00;0;Esenzione per redditi imponibili fino a euro 10.000,00;;;;;;;;;;;;;;;0;0
B653;CAPIAGO INTIMIANO;CO;33;06/11/2025;13/05/2026;CONFERMA;NO;0,8;Aliquota unica;;;;;;;;;;;;;;;;;;;;;;;1;0
B655;CAPISTRANO;VV;;;;;NO;0*;;;;;;;;;;;;;;;;;;;;;;;;;0
B656;CAPISTRELLO;AQ;;;;;NO;0*;;;;;;;;;;;;;;;;;;;;;;;;;0
B658;CAPITIGNANO;AQ;;;;;NO;0*;;;;;;;;;;;;;;;;;;;;;;;;;0
B660;CAPIZZI;ME;;;;;NO;0*;;;;;;;;;;;;;;;;;;;;;;;;;0
B661;CAPIZZONE;BG;;;;;NO;0*;;;;;;;;;;;;;;;;;;;;;;;;;0
B664;CAPO DI PONTE;BS;5;01/04/2026;14/04/2026;CONFERMA;SI;0;Esenzione per redditi imponibili fino a euro 8.000,00;,55;Applicabile a scaglione di reddito fino a euro 28.000,00;,75;Applicabile a scaglione di reddito da euro 28.000,01 fino a euro 50.000,00;,8;Applicabile a scaglione di reddito oltre euro 50.000,00;;;;;;;;;;;;;;;;;4;8000
B666;CAPO D'ORLANDO;ME;;;;;NO;0*;;;;;;;;;;;;;;;;;;;;;;;;;0
B663;CAPODIMONTE;VT;8;28/02/2026;13/03/2026;CONFERMA;SI;0;Esenzione per redditi imponibili fino a euro 15.000,00;,6;Aliquota unica;;;;;;;;;;;;;;;;;;;;;2;15000
B667;CAPODRISE;CE;;;;;NO;0*;;;;;;;;;;;;;;;;;;;;;;;;;0
B669;CAPOLIVERI;LI;80;22/12/2025;12/03/2026;CONFERMA;SI;0;Esenzione per redditi imponibili fino a euro 8.174,00;,8;Aliquota unica;;;;;;;;;;;;;;;;;;;;;2;8174
B670;CAPOLONA;AR;50;19/12/2025;11/03/2026;CONFERMA;SI;0;Esenzione per redditi imponibili fino a euro 10.000,00;,8;Aliquota unica;;;;;;;;;;;;;;;;;;;;;2;10000
B671;CAPONAGO;MB;27;27/12/2025;22/01/2026;MODIFICA;SI;0;Esenzione per redditi imponibili fino a euro 11.999,99;,8;Aliquota unica;;;;;;;;;;;;;;;;;;;;;2;11999,99
B672;CAPORCIANO;AQ;;;;;NO;0*;;;;;;;;;;;;;;;;;;;;;;;;;0
B674;CAPOSELE;AV;;;;;NO;0*;;;;;;;;;;;;;;;;;;;;;;;;;0
B675;CAPOTERRA;CA;63;27/11/2025;25/03/2026;DELIBERA ADOTTATA EX ART. 1, COMMA 751, L. 207/2024;SI;0,6;Applicabile a scaglione di reddito fino a euro 15.000,00;,65;Applicabile a scaglione di reddito da euro 15.000,01 fino a euro 28.000,00;,79;Applicabile a scaglione di reddito da euro 28.000,01 fino a euro 50.000,00;,8;Applicabile a scaglione di reddito oltre euro 50.000,00;;;;;;;;;;;;;;;;;0;0
B676;CAPOVALLE;BS;24;18/12/2025;04/06/2026;CONFERMA;NO;0,6;Aliquota unica;;;;;;;;;;;;;;;;;;;;;;;1;0
B677;CAPPADOCIA;AQ;;;;;NO;0*;;;;;;;;;;;;;;;;;;;;;;;;;0
B679;CAPPELLA CANTONE;CR;;;;;NO;0*;;;;;;;;;;;;;;;;;;;;;;;;;0
B680;CAPPELLA DE' PICENARDI;CR;;;;;NO;0*;;;;;;;;;;;;;;;;;;;;;;;;;0
B678;CAPPELLA MAGGIORE;TV;47;22/12/2025;06/02/2026;MODIFICA;SI;0;Esenzione per redditi imponibili fino a euro 12.000,00;,75;Aliquota unica;;;;;;;;;;;;;;;;;;;;;2;12000
B681;CAPPELLE SUL TAVO;PE;19;17/12/2025;13/01/2026;CONFERMA;SI;0,6;Applicabile a scaglione di reddito fino a euro 28.000,00;,7;Applicabile a scaglione di reddito da euro 28.000,01 fino a euro 50.000,00;,8;Applicabile a scaglione di reddito oltre euro 50.000,00;;;;;;;;;;;;;;;;;;;3;0
B682;CAPRACOTTA;IS;24;14/11/2025;28/05/2026;CONFERMA;NO;0,5;Aliquota unica;;;;;;;;;;;;;;;;;;;;;;;1;0
B684;CAPRAIA E LIMITE;FI;;;;;NO;0*;;;;;;;;;;;;;;;;;;;;;;;;;0
B685;CAPRAIA ISOLA;LI;;;;;NO;0*;;;;;;;;;;;;;;;;;;;;;;;;;0
B686;CAPRALBA;CR;25;17/12/2025;03/02/2026;CONFERMA;SI;0;Esenzione per redditi imponibili fino a euro 8.000,00;,8;Aliquota unica;;;;;;;;;;;;;;;;;;;;;2;8000
B688;CAPRANICA;VT;;;;;NO;0*;;;;;;;;;;;;;;;;;;;;;;;;;0
B687;CAPRANICA PRENESTINA;RM;;;;;NO;0*;;;;;;;;;;;;;;;;;;;;;;;;;0
B690;CAPRARICA DI LECCE;LE;6;19/12/2025;10/07/2026;CONFERMA;SI;0;Esenzione per redditi imponibili fino a euro 10.000,00;,8;Aliquota unica;;;;;;;;;;;;;;;;;;;;;2;10000
B691;CAPRAROLA;VT;;;;;NO;0*;;;;;;;;;;;;;;;;;;;;;;;;;0
B692;CAPRAUNA;CN;27;29/12/2025;19/01/2026;CONFERMA;NO;0,4;Aliquota unica;;;;;;;;;;;;;;;;;;;;;;;1;0
B693;CAPRESE MICHELANGELO;AR;;;;;NO;0*;;;;;;;;;;;;;;;;;;;;;;;;;0
B694;CAPREZZO;VB;;;;;NO;0*;;;;;;;;;;;;;;;;;;;;;;;;;0
B696;CAPRI;NA;;;;;NO;0*;;;;;;;;;;;;;;;;;;;;;;;;;0
B695;CAPRI LEONE;ME;;;;;NO;0*;;;;;;;;;;;;;;;;;;;;;;;;;0
B697;CAPRIANA;TN;;;;;NO;0*;;;;;;;;;;;;;;;;;;;;;;;;;0
B698;CAPRIANO DEL COLLE;BS;6;04/02/2026;13/03/2026;CONFERMA;SI;0;Esenzione per redditi imponibili fino a euro 5.689,82;,5;Aliquota unica;;;;;;;;;;;;;;;;;;;;;2;5689,82
B701;CAPRIATA D'ORBA;AL;;;;;NO;0*;;;;;;;;;;;;;;;;;;;;;;;;;0
B703;CAPRIATE SAN GERVASIO;BG;49;19/12/2025;14/01/2026;CONFERMA;SI;0;Esenzione per redditi imponibili fino a euro 13.000,00;,8;Aliquota unica;;;;;;;;;;;;;;;;;;;;;2;13000
B704;CAPRIATI A VOLTURNO;CE;;;;;NO;0*;;;;;;;;;;;;;;;;;;;;;;;;;0
B705;CAPRIE;TO;44;10/12/2025;03/02/2026;MODIFICA;NO;0,58;Aliquota unica;;;;;;;;;;;;;;;;;;;;;;;1;0
B706;CAPRIGLIA IRPINA;AV;;;;;NO;0*;;;;;;;;;;;;;;;;;;;;;;;;;0
B707;CAPRIGLIO;AT;;;;;NO;0*;;;;;;;;;;;;;;;;;;;;;;;;;0
B708;CAPRILE;BI;19;22/12/2025;05/06/2026;CONFERMA;NO;0,8;Aliquota unica;;;;;;;;;;;;;;;;;;;;;;;1;0
B710;CAPRINO BERGAMASCO;BG;45;22/12/2025;12/01/2026;CONFERMA;NO;0,8;Aliquota unica;;;;;;;;;;;;;;;;;;;;;;;1;0
B709;CAPRINO VERONESE;VR;53;29/12/2025;12/02/2026;CONFERMA;NO;0,8;Aliquota unica;;;;;;;;;;;;;;;;;;;;;;;1;0
B711;CAPRIOLO;BS;30;20/12/2025;10/02/2026;CONFERMA;SI;0;Esenzione per redditi imponibili fino a euro 10.000,00;,75;Aliquota unica;;;;;;;;;;;;;;;;;;;;;2;10000
B712;CAPRIVA DEL FRIULI;GO;35;22/12/2025;13/07/2026;DELIBERA ADOTTATA EX ART. 1, COMMA 751, L. 207/2024;SI;0,6;Applicabile a scaglione di reddito fino a euro 15.000,00;,7;Applicabile a scaglione di reddito da euro 15.000,01 fino a euro 28.000,00;,7;Applicabile a scaglione di reddito da euro 28.000,01 fino a euro 50.000,00;,8;Applicabile a scaglione di reddito oltre euro 50.000,00;0;Esenzione per redditi imponibili fino a euro 8.000,00;;;;;;;;;;;;;;;0;0
B715;CAPUA;CE;76;28/11/2025;12/01/2026;CONFERMA;NO;0,8;Aliquota unica;;;;;;;;;;;;;;;;;;;;;;;1;0
B716;CAPURSO;BA;;;;;NO;0*;;;;;;;;;;;;;;;;;;;;;;;;;0
B718;CARAFFA DEL BIANCO;RC;;;;;NO;0*;;;;;;;;;;;;;;;;;;;;;;;;;0
B717;CARAFFA DI CATANZARO;CZ;;;;;NO;0*;;;;;;;;;;;;;;;;;;;;;;;;;0
B719;CARAGLIO;CN;41;29/12/2025;12/01/2026;CONFERMA;NO;0,8;Aliquota unica;;;;;;;;;;;;;;;;;;;;;;;1;0
B720;CARAMAGNA PIEMONTE;CN;26;18/12/2025;21/04/2026;CONFERMA;NO;0,5;Aliquota unica;;;;;;;;;;;;;;;;;;;;;;;1;0
B722;CARAMANICO TERME;PE;;;;;NO;0*;;;;;;;;;;;;;;;;;;;;;;;;;0
B724;CARAPELLE;FG;;;;;NO;0*;;;;;;;;;;;;;;;;;;;;;;;;;0
B725;CARAPELLE CALVISIO;AQ;;;;;NO;0*;;;;;;;;;;;;;;;;;;;;;;;;;0
B726;CARASCO;GE;;;;;NO;0*;;;;;;;;;;;;;;;;;;;;;;;;;0
B727;CARASSAI;AP;;;;;NO;0*;;;;;;;;;;;;;;;;;;;;;;;;;0
B729;CARATE BRIANZA;MB;;;;;NO;0*;;;;;;;;;;;;;;;;;;;;;;;;;0
B730;CARATE URIO;CO;;;;;NO;0*;;;;;;;;;;;;;;;;;;;;;;;;;0
B731;CARAVAGGIO;BG;64;10/12/2025;05/01/2026;CONFERMA;NO;0,78;Aliquota unica;;;;;;;;;;;;;;;;;;;;;;;1;0
B732;CARAVATE;VA;;;;;NO;0*;;;;;;;;;;;;;;;;;;;;;;;;;0
B733;CARAVINO;TO;;;;;NO;0*;;;;;;;;;;;;;;;;;;;;;;;;;0
B734;CARAVONICA;IM;;;;;NO;0*;;;;;;;;;;;;;;;;;;;;;;;;;0
B735;CARBOGNANO;VT;;;;;NO;0*;;;;;;;;;;;;;;;;;;;;;;;;;0
B741;CARBONARA AL TICINO;PV;;;;;NO;0*;;;;;;;;;;;;;;;;;;;;;;;;;0
B740;CARBONARA DI NOLA;NA;33;30/12/2025;17/03/2026;CONFERMA;SI;0;Esenzione per redditi imponibili fino a euro 10.000,00;,7;Aliquota unica;;;;;;;;;;;;;;;;;;;;;2;10000
B736;CARBONARA SCRIVIA;AL;32;23/12/2025;16/01/2026;MODIFICA;NO;0,6;Aliquota unica;;;;;;;;;;;;;;;;;;;;;;;1;0
B742;CARBONATE;CO;;;;;NO;0*;;;;;;;;;;;;;;;;;;;;;;;;;0
B743;CARBONE;PZ;55;22/12/2025;19/03/2026;CONFERMA;NO;0,2;Aliquota unica;;;;;;;;;;;;;;;;;;;;;;;1;0
B744;CARBONERA;TV;;;;;NO;0*;;;;;;;;;;;;;;;;;;;;;;;;;0
B745;CARBONIA;SU;;;;;NO;0*;;;;;;;;;;;;;;;;;;;;;;;;;0
B748;CARCARE;SV;81;29/12/2025;16/01/2026;CONFERMA;NO;0,8;Aliquota unica;;;;;;;;;;;;;;;;;;;;;;;1;0
B752;CARCOFORO;VC;;;;;NO;0*;;;;;;;;;;;;;;;;;;;;;;;;;0
B754;CARDANO AL CAMPO;VA;42;18/12/2025;04/05/2026;DELIBERA ADOTTATA EX ART. 1, COMMA 751, L. 207/2024;SI;0,74;Applicabile a scaglione di reddito fino a euro 15.000,00;,75;Applicabile a scaglione di reddito da euro 15.000,01 fino a euro 28.000,00;,78;Applicabile a scaglione di reddito da euro 28.000,01 fino a euro 50.000,00;,8;Applicabile a scaglione di reddito oltre euro 50.000,00;0;Esenzione per redditi imponibili fino a euro 15.000,00;;;;;;;;;;;;;;;0;0
B755;CARDE';CN;32;22/12/2025;17/04/2026;CONFERMA;NO;0,6;Aliquota unica;;;;;;;;;;;;;;;;;;;;;;;1;0
M285;CARDEDU;NU;;;;;NO;0*;;;;;;;;;;;;;;;;;;;;;;;;;0
B756;CARDETO;RC;;;;;NO;0*;;;;;;;;;;;;;;;;;;;;;;;;;0
B758;CARDINALE;CZ;;;;;NO;0*;;;;;;;;;;;;;;;;;;;;;;;;;0
B759;CARDITO;NA;;;;;NO;0*;;;;;;;;;;;;;;;;;;;;;;;;;0
B760;CAREGGINE;LU;32;30/12/2025;13/01/2026;ISTITUISCE;NO;0,8;Aliquota unica;;;;;;;;;;;;;;;;;;;;;;;1;0
B762;CAREMA;TO;;;;;NO;0*;;;;;;;;;;;;;;;;;;;;;;;;;0
B763;CARENNO;LC;;;;;NO;0*;;;;;;;;;;;;;;;;;;;;;;;;;0
B765;CARENTINO;AL;;;;;NO;0*;;;;;;;;;;;;;;;;;;;;;;;;;0
B766;CARERI;RC;;;;;NO;0*;;;;;;;;;;;;;;;;;;;;;;;;;0
B767;CARESANA;VC;;;;;NO;0*;;;;;;;;;;;;;;;;;;;;;;;;;0
B768;CARESANABLOT;VC;34;19/12/2025;18/03/2026;ISTITUISCE;SI;0;Esenzione per redditi imponibili fino a euro 20.000,00;,2;Applicabile a scaglione di reddito fino a euro 28.000,00;,3;Applicabile a scaglione di reddito da euro 28.000,01 fino a euro 50.000,00;,4;Applicabile a scaglione di reddito oltre euro 50.000,00;;;;;;;;;;;;;;;;;4;20000
B769;CAREZZANO;AL;;;;;NO;0*;;;;;;;;;;;;;;;;;;;;;;;;;0
B771;CARFIZZI;KR;;;;;NO;0*;;;;;;;;;;;;;;;;;;;;;;;;;0
B772;CARGEGHE;SS;;;;;NO;0*;;;;;;;;;;;;;;;;;;;;;;;;;0
B774;CARIATI;CS;;;;;NO;0*;;;;;;;;;;;;;;;;;;;;;;;;;0
B776;CARIFE;AV;;;;;NO;0*;;;;;;;;;;;;;;;;;;;;;;;;;0
B777;CARIGNANO;TO;41;23/12/2025;09/01/2026;CONFERMA;SI;0,65;Applicabile a scaglione di reddito fino a euro 28.000,00;,75;Applicabile a scaglione di reddito da euro 28.000,01 fino a euro 50.000,00;,8;Applicabile a scaglione di reddito oltre euro 50.000,00;;;;;;;;;;;;;;;;;;;3;0
B778;CARIMATE;CO;40;19/12/2025;06/05/2026;CONFERMA;NO;0,8;Aliquota unica;;;;;;;;;;;;;;;;;;;;;;;1;0
B779;CARINARO;CE;;;;;NO;0*;;;;;;;;;;;;;;;;;;;;;;;;;0
B780;CARINI;PA;;;;;NO;0*;;;;;;;;;;;;;;;;;;;;;;;;;0
B781;CARINOLA;CE;;;;;NO;0*;;;;;;;;;;;;;;;;;;;;;;;;;0
B782;CARISIO;VC;;;;;NO;0*;;;;;;;;;;;;;;;;;;;;;;;;;0
B783;CARISOLO;TN;;;;;NO;0*;;;;;;;;;;;;;;;;;;;;;;;;;0
B784;CARLANTINO;FG;;;;;NO;0*;;;;;;;;;;;;;;;;;;;;;;;;;0
B785;CARLAZZO;CO;;;;;NO;0*;;;;;;;;;;;;;;;;;;;;;;;;;0
B787;CARLENTINI;SR;;;;;NO;0*;;;;;;;;;;;;;;;;;;;;;;;;;0
B788;CARLINO;UD;;;;;NO;0*;;;;;;;;;;;;;;;;;;;;;;;;;0
B789;CARLOFORTE;SU;4;30/01/2026;09/02/2026;CONFERMA;NO;0,8;Aliquota unica;;;;;;;;;;;;;;;;;;;;;;;1;0
B790;CARLOPOLI;CZ;;;;;NO;0*;;;;;;;;;;;;;;;;;;;;;;;;;0
B791;CARMAGNOLA;TO;65;29/12/2025;19/01/2026;DELIBERA ADOTTATA EX ART. 1, COMMA 751, L. 207/2024;SI;0,5;Applicabile a scaglione di reddito fino a euro 15.000,00;,6;Applicabile a scaglione di reddito da euro 15.000,01 fino a euro 28.000,00;,7;Applicabile a scaglione di reddito da euro 28.000,01 fino a euro 50.000,00;,75;Applicabile a scaglione di reddito oltre euro 50.000,00;;;;;;;;;;;;;;;;;0;0
B792;CARMIANO;LE;;;;;NO;0*;;;;;;;;;;;;;;;;;;;;;;;;;0
B794;CARMIGNANO;PO;;;;;NO;0*;;;;;;;;;;;;;;;;;;;;;;;;;0
B795;CARMIGNANO DI BRENTA;PD;;;;;NO;0*;;;;;;;;;;;;;;;;;;;;;;;;;0
B796;CARNAGO;VA;32;22/12/2025;12/01/2026;DELIBERA ADOTTATA EX ART. 1, COMMA 751, L. 207/2024;SI;0,6;Applicabile a scaglione di reddito fino a euro 15.000,00;,61;Applicabile a scaglione di reddito da euro 15.000,01 fino a euro 28.000,00;,78;Applicabile a scaglione di reddito da euro 28.000,01 fino a euro 50.000,00;,8;Applicabile a scaglione di reddito oltre euro 50.000,01;0;Esenzione per redditi imponibili fino a euro 9.999,99;;;;;;;;;;;;;;;0;0
B798;CARNATE;MB;;;;;NO;0*;;;;;;;;;;;;;;;;;;;;;;;;;0
B801;CAROBBIO DEGLI ANGELI;BG;;;;;NO;0*;;;;;;;;;;;;;;;;;;;;;;;;;0
B802;CAROLEI;CS;;;;;NO;0*;;;;;;;;;;;;;;;;;;;;;;;;;0
B803;CARONA;BG;;;;;NO;0*;;;;;;;;;;;;;;;;;;;;;;;;;0
B804;CARONIA;ME;;;;;NO;0*;;;;;;;;;;;;;;;;;;;;;;;;;0
B805;CARONNO PERTUSELLA;VA;39;18/12/2025;22/01/2026;CONFERMA;SI;0;Esenzione per redditi imponibili fino a euro 15.000,00;,8;Aliquota unica;;;;;;;;;;;;;;;;;;;;;2;15000
B807;CARONNO VARESINO;VA;;;;;NO;0*;;;;;;;;;;;;;;;;;;;;;;;;;0
B808;CAROSINO;TA;2;13/03/2026;11/05/2026;CONFERMA;SI;0;Esenzione per redditi imponibili fino a euro 7.500,00;,7;Aliquota unica;;;;;;;;;;;;;;;;;;;;;2;7500
B809;CAROVIGNO;BR;41;26/11/2025;07/01/2026;CONFERMA;NO;0,8;Aliquota unica;;;;;;;;;;;;;;;;;;;;;;;1;0
B810;CAROVILLI;IS;40;31/12/2025;14/01/2026;MODIFICA;NO;0,6;Aliquota unica;;;;;;;;;;;;;;;;;;;;;;;1;0
B812;CARPANETO PIACENTINO;PC;;;;;NO;0*;;;;;;;;;;;;;;;;;;;;;;;;;0
B813;CARPANZANO;CS;;;;;NO;0*;;;;;;;;;;;;;;;;;;;;;;;;;0
B816;CARPEGNA;PU;49;29/12/2025;11/02/2026;CONFERMA;NO;0,8;Aliquota unica;;;;;;;;;;;;;;;;;;;;;;;1;0
B817;CARPENEDOLO;BS;38;30/12/2025;14/01/2026;CONFERMA;SI;0;Esenzione per redditi imponibili fino a euro 8.000,00;,78;Aliquota unica;;;;;;;;;;;;;;;;;;;;;2;8000
B818;CARPENETO;AL;;;;;NO;0*;;;;;;;;;;;;;;;;;;;;;;;;;0
B819;CARPI;MO;;;;;NO;0*;;;;;;;;;;;;;;;;;;;;;;;;;0
B820;CARPIANO;MI;57;22/12/2025;30/06/2026;CONFERMA;NO;0,2;Aliquota unica;;;;;;;;;;;;;;;;;;;;;;;1;0
B822;CARPIGNANO SALENTINO;LE;;;;;NO;0*;;;;;;;;;;;;;;;;;;;;;;;;;0
B823;CARPIGNANO SESIA;NO;48;29/12/2025;13/03/2026;CONFERMA;SI;0,72;Applicabile a scaglione di reddito fino a euro 28.000,00;,75;Applicabile a scaglione di reddito da euro 28.000,01 fino a euro 50.000,00;,8;Applicabile a scaglione di reddito oltre euro 50.000,00;;;;;;;;;;;;;;;;;;;3;0
B825;CARPINETI;RE;;;;;NO;0*;;;;;;;;;;;;;;;;;;;;;;;;;0
B827;CARPINETO DELLA NORA;PE;;;;;NO;0*;;;;;;;;;;;;;;;;;;;;;;;;;0
B828;CARPINETO ROMANO;RM;;;;;NO;0*;;;;;;;;;;;;;;;;;;;;;;;;;0
B826;CARPINETO SINELLO;CH;;;;;NO;0*;;;;;;;;;;;;;;;;;;;;;;;;;0
B829;CARPINO;FG;;;;;NO;0*;;;;;;;;;;;;;;;;;;;;;;;;;0
B830;CARPINONE;IS;;;;;NO;0*;;;;;;;;;;;;;;;;;;;;;;;;;0
B832;CARRARA;MS;;;;;NO;0*;;;;;;;;;;;;;;;;;;;;;;;;;0
B835;CARRE';VI;;;;;NO;0*;;;;;;;;;;;;;;;;;;;;;;;;;0
B836;CARREGA LIGURE;AL;;;;;NO;0*;;;;;;;;;;;;;;;;;;;;;;;;;0
B838;CARRO;SP;;;;;NO;0*;;;;;;;;;;;;;;;;;;;;;;;;;0
B839;CARRODANO;SP;;;;;NO;0*;;;;;;;;;;;;;;;;;;;;;;;;;0
B840;CARROSIO;AL;;;;;NO;0*;;;;;;;;;;;;;;;;;;;;;;;;;0
B841;CARRU';CN;;;;;NO;0*;;;;;;;;;;;;;;;;;;;;;;;;;0
B842;CARSOLI;AQ;;;;;NO;0*;;;;;;;;;;;;;;;;;;;;;;;;;0
B844;CARTIGLIANO;VI;;;;;NO;0*;;;;;;;;;;;;;;;;;;;;;;;;;0
B845;CARTIGNANO;CN;31;17/12/2025;08/01/2026;CONFERMA;NO;0,3;Aliquota unica;;;;;;;;;;;;;;;;;;;;;;;1;0
B846;CARTOCETO;PU;;;;;NO;0*;;;;;;;;;;;;;;;;;;;;;;;;;0
B847;CARTOSIO;AL;22;27/12/2025;13/01/2026;MODIFICA;SI;0;Esenzione per redditi imponibili fino a euro 10.000,00;,3;Applicabile a scaglione di reddito fino a euro 28.000,00;,5;Applicabile a scaglione di reddito da euro 28.000,01 fino a euro 50.000,00;,8;Applicabile a scaglione di reddito oltre euro 50.000,00;;;;;;;;;;;;;;;;;4;10000
B848;CARTURA;PD;34;26/11/2025;22/05/2026;CONFERMA;SI;0;Esenzione per redditi imponibili fino a euro 15.000,00;,78;Applicabile a scaglione di reddito fino a euro 28.000,00;,79;Applicabile a scaglione di reddito da euro 28.000,01 fino a euro 50.000,00;,8;Applicabile a scaglione di reddito oltre euro 50.000,00;;;;;;;;;;;;;;;;;4;15000
B850;CARUGATE;MI;;;;;NO;0*;;;;;;;;;;;;;;;;;;;;;;;;;0
B851;CARUGO;CO;50;18/12/2025;12/01/2026;CONFERMA;SI;0;Esenzione per redditi imponibili fino a euro 12.000,00;,8;Aliquota unica;;;;;;;;;;;;;;;;;;;;;2;12000
B853;CARUNCHIO;CH;26;20/12/2025;07/01/2026;CONFERMA;NO;0,6;Aliquota unica;;;;;;;;;;;;;;;;;;;;;;;1;0
B854;CARVICO;BG;29;15/12/2025;29/07/2026;CONFERMA;NO;0,55;Aliquota unica;;;;;;;;;;;;;;;;;;;;;;;1;0
B856;CARZANO;TN;;;;;NO;0*;;;;;;;;;;;;;;;;;;;;;;;;;0
B857;CASABONA;KR;9;30/12/2025;13/08/2026;CONFERMA;NO;0,8;Aliquota unica;;;;;;;;;;;;;;;;;;;;;;;1;0
B858;CASACALENDA;CB;6;29/01/2026;10/06/2026;CONFERMA;NO;0,5;Aliquota unica;;;;;;;;;;;;;;;;;;;;;;;1;0
B859;CASACANDITELLA;CH;19;23/12/2025;09/01/2026;CONFERMA;NO;0,8;Aliquota unica;;;;;;;;;;;;;;;;;;;;;;;1;0
B860;CASAGIOVE;CE;;;;;NO;0*;;;;;;;;;;;;;;;;;;;;;;;;;0
B870;CASAL CERMELLI;AL;;;;;NO;0*;;;;;;;;;;;;;;;;;;;;;;;;;0
B872;CASAL DI PRINCIPE;CE;;;;;NO;0*;;;;;;;;;;;;;;;;;;;;;;;;;0
B895;CASAL VELINO;SA;;;;;NO;0*;;;;;;;;;;;;;;;;;;;;;;;;;0
B861;CASALANGUIDA;CH;23;27/12/2025;27/02/2026;CONFERMA;NO;0,8;Aliquota unica;;;;;;;;;;;;;;;;;;;;;;;1;0
B862;CASALATTICO;FR;;;;;NO;0*;;;;;;;;;;;;;;;;;;;;;;;;;0
B864;CASALBELTRAME;NO;;;;;NO;0*;;;;;;;;;;;;;;;;;;;;;;;;;0
B865;CASALBORDINO;CH;;;;;NO;0*;;;;;;;;;;;;;;;;;;;;;;;;;0
B866;CASALBORE;AV;2;14/04/2026;20/04/2026;DELIBERA ADOTTATA EX ART. 1, COMMA 751, L. 207/2024;SI;0,7;Applicabile a scaglione di reddito fino a euro 15.000,00;,8;Applicabile a scaglione di reddito da euro 15.000,01 fino a euro 28.000,00;,8;Applicabile a scaglione di reddito da euro 28.000,01 fino a euro 50.000,00 ;,8;Applicabile a scaglione di reddito oltre euro 50.000,00;;;;;;;;;;;;;;;;;0;0
B867;CASALBORGONE;TO;37;29/12/2025;28/04/2026;MODIFICA;NO;0,8;Aliquota unica;;;;;;;;;;;;;;;;;;;;;;;1;0
B868;CASALBUONO;SA;;;;;NO;0*;;;;;;;;;;;;;;;;;;;;;;;;;0
B869;CASALBUTTANO ED UNITI;CR;35;22/12/2025;07/01/2026;CONFERMA;SI;0;Esenzione per redditi imponibili fino a euro 9.000,00;,8;Aliquota unica;;;;;;;;;;;;;;;;;;;;;2;9000
B871;CASALCIPRANO;CB;;;;;NO;0*;;;;;;;;;;;;;;;;;;;;;;;;;0
B873;CASALDUNI;BN;28;29/12/2025;08/07/2026;CONFERMA;NO;0,8;Aliquota unica;;;;;;;;;;;;;;;;;;;;;;;1;0
B876;CASALE CORTE CERRO;VB;;;;;NO;0*;;;;;;;;;;;;;;;;;;;;;;;;;0
B881;CASALE CREMASCO-VIDOLASCO;CR;37;20/12/2025;08/01/2026;CONFERMA;SI;0;Esenzione per redditi imponibili fino a euro 8.000,00;,62;Applicabile a scaglione di reddito fino a euro 28.000,00;,7;Applicabile a scaglione di reddito da euro 28.000,01 fino a euro 50.000,00;,79;Applicabile a scaglione di reddito oltre euro 50.000,00;;;;;;;;;;;;;;;;;4;8000
B877;CASALE DI SCODOSIA;PD;;;;;NO;0*;;;;;;;;;;;;;;;;;;;;;;;;;0
B875;CASALE LITTA;VA;37;10/12/2025;13/01/2026;CONFERMA;SI;0;Esenzione per redditi imponibili fino a euro 13.500,00;,8;Aliquota unica;;;;;;;;;;;;;;;;;;;;;2;13500
B878;CASALE MARITTIMO;PI;;;;;NO;0*;;;;;;;;;;;;;;;;;;;;;;;;;0
B885;CASALE MONFERRATO;AL;;;;;NO;0*;;;;;;;;;;;;;;;;;;;;;;;;;0
B879;CASALE SUL SILE;TV;45;20/12/2025;03/07/2026;CONFERMA;SI;0;Esenzione per redditi imponibili fino a euro 15.000,00;,6;Applicabile a scaglione di reddito fino a euro 28.000,00;,77;Applicabile a scaglione di reddito da euro 28.000,01 fino a euro 50.000,00;,8;Applicabile a scaglione di reddito oltre euro 50.000,00;;;;;;;;;;;;;;;;;4;15000
B880;CASALECCHIO DI RENO;BO;83;27/11/2025;09/01/2026;CONFERMA;SI;0;Esenzione per redditi imponibili fino a euro 12.000,00;,76;Applicabile a scaglione di reddito fino a euro 28.000,00;,78;Applicabile a scaglione di reddito da euro 28.000,01 fino a euro 50.000,00;,8;Applicabile a scaglione di reddito oltre euro 50.000,00;;;;;;;;;;;;;;;;;4;12000
B882;CASALEGGIO BOIRO;AL;;;;;NO;0*;;;;;;;;;;;;;;;;;;;;;;;;;0
B883;CASALEGGIO NOVARA;NO;;;;;NO;0*;;;;;;;;;;;;;;;;;;;;;;;;;0
B886;CASALEONE;VR;48;22/12/2025;25/02/2026;CONFERMA;NO;0,8;Aliquota unica;;;;;;;;;;;;;;;;;;;;;;;1;0
B889;CASALETTO CEREDANO;CR;32;16/12/2025;09/01/2026;CONFERMA;NO;0,6;Aliquota unica;;;;;;;;;;;;;;;;;;;;;;;1;0
B890;CASALETTO DI SOPRA;CR;;;;;NO;0*;;;;;;;;;;;;;;;;;;;;;;;;;0
B887;CASALETTO LODIGIANO;LO;;;;;NO;0*;;;;;;;;;;;;;;;;;;;;;;;;;0
B888;CASALETTO SPARTANO;SA;;;;;NO;0*;;;;;;;;;;;;;;;;;;;;;;;;;0
B891;CASALETTO VAPRIO;CR;2;23/02/2026;16/03/2026;MODIFICA;NO;0,7;Aliquota unica;;;;;;;;;;;;;;;;;;;;;;;1;0
B892;CASALFIUMANESE;BO;;;;;NO;0*;;;;;;;;;;;;;;;;;;;;;;;;;0
B893;CASALGRANDE;RE;;;;;NO;0*;;;;;;;;;;;;;;;;;;;;;;;;;0
B894;CASALGRASSO;CN;21;16/12/2025;09/01/2026;CONFERMA;NO;0,7;Aliquota unica;;;;;;;;;;;;;;;;;;;;;;;1;0
M385;CASALI DEL MANCO;CS;;;;;NO;0*;;;;;;;;;;;;;;;;;;;;;;;;;0
B896;CASALINCONTRADA;CH;51;30/12/2025;10/06/2026;CONFERMA;NO;0,8;Aliquota unica;;;;;;;;;;;;;;;;;;;;;;;1;0
B897;CASALINO;NO;;;;;NO;0*;;;;;;;;;;;;;;;;;;;;;;;;;0
B898;CASALMAGGIORE;CR;;;;;NO;0*;;;;;;;;;;;;;;;;;;;;;;;;;0
B899;CASALMAIOCCO;LO;27;28/11/2025;11/06/2026;CONFERMA;NO;0,8;Aliquota unica;;;;;;;;;;;;;;;;;;;;;;;1;0
B900;CASALMORANO;CR;;;;;NO;0*;;;;;;;;;;;;;;;;;;;;;;;;;0
B901;CASALMORO;MN;3;25/02/2026;01/04/2026;MODIFICA;SI;0;Esenzione per redditi imponibili fino a euro 10.000,00;,4;Aliquota unica;;;;;;;;;;;;;;;;;;;;;2;10000
B902;CASALNOCETO;AL;;;;;NO;0*;;;;;;;;;;;;;;;;;;;;;;;;;0
B905;CASALNUOVO DI NAPOLI;NA;;;;;NO;0*;;;;;;;;;;;;;;;;;;;;;;;;;0
B904;CASALNUOVO MONTEROTARO;FG;;;;;NO;0*;;;;;;;;;;;;;;;;;;;;;;;;;0
B907;CASALOLDO;MN;39;18/12/2025;15/01/2026;CONFERMA;SI;0;Esenzione per redditi imponibili fino a euro 12.000,00;,8;Aliquota unica;;;;;;;;;;;;;;;;;;;;;2;12000
B910;CASALPUSTERLENGO;LO;;;;;NO;0*;;;;;;;;;;;;;;;;;;;;;;;;;0
B911;CASALROMANO;MN;32;18/12/2025;07/05/2026;CONFERMA;NO;0,8;Aliquota unica;;;;;;;;;;;;;;;;;;;;;;;1;0
B912;CASALSERUGO;PD;35;16/12/2025;24/02/2026;CONFERMA;SI;0;Esenzione per redditi imponibili fino a euro 10.000,00;,8;Aliquota unica;;;;;;;;;;;;;;;;;;;;;2;10000
B916;CASALUCE;CE;;;;;NO;0*;;;;;;;;;;;;;;;;;;;;;;;;;0
B917;CASALVECCHIO DI PUGLIA;FG;;;;;NO;0*;;;;;;;;;;;;;;;;;;;;;;;;;0
B918;CASALVECCHIO SICULO;ME;;;;;NO;0*;;;;;;;;;;;;;;;;;;;;;;;;;0
B919;CASALVIERI;FR;;;;;NO;0*;;;;;;;;;;;;;;;;;;;;;;;;;0
B920;CASALVOLONE;NO;31;15/12/2025;13/01/2026;DELIBERA ADOTTATA EX ART. 1, COMMA 751, L. 207/2024;SI;0,34;Applicabile a scaglione di reddito fino a euro 15.000,00;,35;Applicabile a scaglione di reddito da euro 15.000,01 fino a euro 28.000,00;,4;Applicabile a scaglione di reddito da euro 28.000,01 fino a euro 50.000,00;,75;Applicabile a scaglione di reddito oltre euro 50.000,00;0;Esenzione per redditi imponibili fino a euro 12.000,00;;;;;;;;;;;;;;;0;0
B921;CASALZUIGNO;VA;33;10/12/2025;12/01/2026;CONFERMA;NO;0,75;Aliquota unica;;;;;;;;;;;;;;;;;;;;;;;1;0
B922;CASAMARCIANO;NA;;;;;NO;0*;;;;;;;;;;;;;;;;;;;;;;;;;0
B923;CASAMASSIMA;BA;78;22/12/2025;30/07/2026;CONFERMA;SI;0;Esenzione per redditi imponibili fino a euro 7.500,00;,75;Aliquota unica;;;;;;;;;;;;;;;;;;;;;2;7500
B924;CASAMICCIOLA TERME;NA;;;;;NO;0*;;;;;;;;;;;;;;;;;;;;;;;;;0
B925;CASANDRINO;NA;;;;;NO;0*;;;;;;;;;;;;;;;;;;;;;;;;;0
B928;CASANOVA ELVO;VC;;;;;NO;0*;;;;;;;;;;;;;;;;;;;;;;;;;0
B927;CASANOVA LERRONE;SV;16;25/11/2025;07/01/2026;CONFERMA;NO;0,8;Aliquota unica;;;;;;;;;;;;;;;;;;;;;;;1;0
B929;CASANOVA LONATI;PV;;;;;NO;0*;;;;;;;;;;;;;;;;;;;;;;;;;0
B932;CASAPE;RM;;;;;NO;0*;;;;;;;;;;;;;;;;;;;;;;;;;0
M260;CASAPESENNA;CE;38;30/12/2025;13/02/2026;CONFERMA;SI;0;Esenzione per redditi imponibili fino a euro 8.000,00;,5;Applicabile a scaglione di reddito fino a euro 28.000,00;,7;Applicabile a scaglione di reddito da euro 28.000,01 fino a euro 50.000,00;,8;Applicabile a scaglione di reddito oltre euro 50.000,00;;;;;;;;;;;;;;;;;4;8000
B933;CASAPINTA;BI;;;;;NO;0*;;;;;;;;;;;;;;;;;;;;;;;;;0
B934;CASAPROTA;RI;;;;;NO;0*;;;;;;;;;;;;;;;;;;;;;;;;;0
B935;CASAPULLA;CE;;;;;NO;0*;;;;;;;;;;;;;;;;;;;;;;;;;0
B936;CASARANO;LE;;;;;NO;0*;;;;;;;;;;;;;;;;;;;;;;;;;0
B937;CASARGO;LC;59;29/12/2025;05/02/2026;DELIBERA ADOTTATA EX ART. 1, COMMA 751, L. 207/2024;SI;0,28;Applicabile a scaglione di reddito fino a euro 15.000,00;,35;Applicabile a scaglione di reddito da euro 15.000,01 fino a euro 28.000,00;,36;Applicabile a scaglione di reddito da euro 28.000,01 fino a euro 50.000,00;,39;Applicabile a scaglione di reddito oltre euro 50.000,00  ;0;Esenzione per redditi imponibili fino a euro 13.000,00;;;;;;;;;;;;;;;0;0
B938;CASARILE;MI;22;10/12/2025;02/01/2026;CONFERMA;SI;0;Esenzione per redditi imponibili fino a euro 8.000,00;,8;Aliquota unica;;;;;;;;;;;;;;;;;;;;;2;8000
B940;CASARSA DELLA DELIZIA;PN;;;;;NO;0*;;;;;;;;;;;;;;;;;;;;;;;;;0
B939;CASARZA LIGURE;GE;46;30/12/2025;14/01/2026;CONFERMA;SI;0,8;Aliquota unica;0;Esenzione per reddito imponibile ai fini IRPEF sino alla soglia di € 12.000,00 (dodicimila/00) qualora vi concorrano, in qualsiasi misura percentuale, redditi da pensione;0;Esenzione per redditi, annui dichiarati imponibili ai fini IRPEF, sino ad € 12.000,00 (dodicimila/00) costituiti per almeno l’80% da lavoro dipendente;;;;;;;;;;;;;;;;;;;5;0
B941;CASASCO;AL;19;03/12/2025;07/01/2026;CONFERMA;NO;0,6;Aliquota unica;;;;;;;;;;;;;;;;;;;;;;;1;0
B943;CASATENOVO;LC;64;30/12/2025;12/01/2026;CONFERMA;SI;0;Esenzione per redditi imponibili fino a euro 10.000,00;,8;Aliquota unica;;;;;;;;;;;;;;;;;;;;;2;10000
B945;CASATISMA;PV;12;19/12/2025;04/02/2026;CONFERMA;SI;0;Esenzione per redditi imponibili fino a euro 700,00;,8;Aliquota unica;;;;;;;;;;;;;;;;;;;;;2;700
B946;CASAVATORE;NA;;;;;NO;0*;;;;;;;;;;;;;;;;;;;;;;;;;0
B947;CASAZZA;BG;20;20/12/2025;08/01/2026;CONFERMA;NO;0,8;Aliquota unica;;;;;;;;;;;;;;;;;;;;;;;1;0
B948;CASCIA;PG;56;22/12/2025;12/01/2026;CONFERMA;NO;0,8;Aliquota unica;;;;;;;;;;;;;;;;;;;;;;;1;0
B949;CASCIAGO;VA;;;;;NO;0*;;;;;;;;;;;;;;;;;;;;;;;;;0
M327;CASCIANA TERME LARI;PI;;;;;NO;0*;;;;;;;;;;;;;;;;;;;;;;;;;0
B950;CASCINA;PI;;;;;NO;0*;;;;;;;;;;;;;;;;;;;;;;;;;0
B953;CASCINETTE D'IVREA;TO;42;18/12/2025;07/01/2026;CONFERMA;NO;0,8;Aliquota unica;;;;;;;;;;;;;;;;;;;;;;;1;0
B954;CASEI GEROLA;PV;;;;;NO;0*;;;;;;;;;;;;;;;;;;;;;;;;;0
B955;CASELETTE;TO;;;;;NO;0*;;;;;;;;;;;;;;;;;;;;;;;;;0
B956;CASELLA;GE;;;;;NO;0*;;;;;;;;;;;;;;;;;;;;;;;;;0
B959;CASELLE IN PITTARI;SA;;;;;NO;0*;;;;;;;;;;;;;;;;;;;;;;;;;0
B961;CASELLE LANDI;LO;44;22/12/2025;26/05/2026;CONFERMA;SI;0;Esenzione per redditi imponibili fino a euro 14.000,00;,8;Aliquota unica;;;;;;;;;;;;;;;;;;;;;2;14000
B958;CASELLE LURANI;LO;;;;;NO;0*;;;;;;;;;;;;;;;;;;;;;;;;;0
B960;CASELLE TORINESE;TO;44;12/12/2025;04/08/2026;CONFERMA;SI;0;Esenzione per redditi imponibili fino a euro 16.000,00;,7;Aliquota unica;;;;;;;;;;;;;;;;;;;;;2;16000
B963;CASERTA;CE;;;;;NO;0*;;;;;;;;;;;;;;;;;;;;;;;;;0
B965;CASIER;TV;;;;;NO;0*;;;;;;;;;;;;;;;;;;;;;;;;;0
B966;CASIGNANA;RC;;;;;NO;0*;;;;;;;;;;;;;;;;;;;;;;;;;0
B967;CASINA;RE;;;;;NO;0*;;;;;;;;;;;;;;;;;;;;;;;;;0
B971;CASIRATE D'ADDA;BG;5;27/02/2026;20/04/2026;DELIBERA ADOTTATA EX ART. 1, COMMA 751, L. 207/2024;SI;0,6;Applicabile a scaglione di reddito fino a euro 15.000,00;,65;Applicabile a scaglione di reddito da euro 15.000,01 fino a euro 28.000,00;,75;Applicabile a scaglione di reddito da euro 28.000,01 fino a euro 50.000,00;,8;Applicabile a scaglione di reddito oltre euro 50.000,00;0;Esenzione per redditi imponibili fino a euro 11.999,99;;;;;;;;;;;;;;;0;0
B974;CASLINO D'ERBA;CO;;;;;NO;0*;;;;;;;;;;;;;;;;;;;;;;;;;0
B977;CASNATE CON BERNATE;CO;118;13/11/2025;13/01/2026;MODIFICA;SI;0;Esenzione per redditi imponibili fino a euro 15.688,40;,6;Aliquota unica;;;;;;;;;;;;;;;;;;;;;2;15688,4
B978;CASNIGO;BG;34;15/12/2025;26/02/2026;CONFERMA;SI;0;Esenzione per redditi imponibili fino a euro 10.000,00;,5;Applicabile a scaglione di reddito fino a euro 28.000,00;,7;Applicabile a scaglione di reddito da euro 28.000,01 fino a euro 50.000,00;,8;Applicabile a scaglione di reddito oltre euro 50.000,00;;;;;;;;;;;;;;;;;4;10000
B980;CASOLA DI NAPOLI;NA;29;06/11/2025;17/02/2026;CONFERMA;SI;0;Esenzione per redditi imponibili fino a euro 11.999,99;,8;Aliquota unica;;;;;;;;;;;;;;;;;;;;;2;11999,99
B979;CASOLA IN LUNIGIANA;MS;;;;;NO;0*;;;;;;;;;;;;;;;;;;;;;;;;;0
B982;CASOLA VALSENIO;RA;;;;;NO;0*;;;;;;;;;;;;;;;;;;;;;;;;;0
B984;CASOLE D'ELSA;SI;;;;;NO;0*;;;;;;;;;;;;;;;;;;;;;;;;;0
B985;CASOLI;CH;;;;;NO;0*;;;;;;;;;;;;;;;;;;;;;;;;;0
B988;CASORATE PRIMO;PV;51;23/12/2025;16/02/2026;MODIFICA;SI;0;Esenzione per redditi imponibili fino a euro 15.000,00;,78;Applicabile a scaglione di reddito fino a euro 28.000,00;,79;Applicabile a scaglione di reddito da euro 28.000,01 fino a euro 50.000,00;,8;Applicabile a scaglione di reddito oltre euro 50.000,00;;;;;;;;;;;;;;;;;4;15000
B987;CASORATE SEMPIONE;VA;57;23/12/2025;09/02/2026;CONFERMA;SI;0;Esenzione per redditi imponibili fino a euro 10.000,00;,8;Aliquota unica;;;;;;;;;;;;;;;;;;;;;2;10000
B989;CASOREZZO;MI;44;17/12/2025;22/01/2026;CONFERMA;NO;0,8;Aliquota unica;;;;;;;;;;;;;;;;;;;;;;;1;0
B990;CASORIA;NA;66;22/12/2025;04/05/2026;CONFERMA;NO;0,8;Aliquota unica;;;;;;;;;;;;;;;;;;;;;;;1;0
B991;CASORZO MONFERRATO;AT;;;;;NO;0*;;;;;;;;;;;;;;;;;;;;;;;;;0
A472;CASPERIA;RI;13;24/02/2026;10/03/2026;CONFERMA;NO;0,8;Aliquota unica;;;;;;;;;;;;;;;;;;;;;;;1;0
B993;CASPOGGIO;SO;8;27/11/2025;02/01/2026;CONFERMA;NO;0,7;Aliquota unica;;;;;;;;;;;;;;;;;;;;;;;1;0
B994;CASSACCO;UD;52;27/11/2025;09/01/2026;CONFERMA;SI;0;Esenzione per redditi imponibili fino a euro 10.000,00;,6;Aliquota unica;;;;;;;;;;;;;;;;;;;;;2;10000
B996;CASSAGO BRIANZA;LC;;;;;NO;0*;;;;;;;;;;;;;;;;;;;;;;;;;0
C002;CASSANO ALLO IONIO;CS;11;25/02/2026;30/03/2026;CONFERMA;NO;0,8;Aliquota unica;;;;;;;;;;;;;;;;;;;;;;;1;0
C003;CASSANO D'ADDA;MI;79;02/12/2025;28/01/2026;CONFERMA;SI;0;Esenzione per redditi imponibili fino a euro 7.999,99;,7;Aliquota unica;;;;;;;;;;;;;;;;;;;;;2;7999,99
B998;CASSANO DELLE MURGE;BA;;;;;NO;0*;;;;;;;;;;;;;;;;;;;;;;;;;0
B997;CASSANO IRPINO;AV;;;;;NO;0*;;;;;;;;;;;;;;;;;;;;;;;;;0
C004;CASSANO MAGNAGO;VA;;;;;NO;0*;;;;;;;;;;;;;;;;;;;;;;;;;0
M388;CASSANO SPINOLA;AL;;;;;NO;0*;;;;;;;;;;;;;;;;;;;;;;;;;0
B999;CASSANO VALCUVIA;VA;;;;;NO;0*;;;;;;;;;;;;;;;;;;;;;;;;;0
C006;CASSARO;SR;;;;;NO;0*;;;;;;;;;;;;;;;;;;;;;;;;;0
C007;CASSIGLIO;BG;;;;;NO;0*;;;;;;;;;;;;;;;;;;;;;;;;;0
C014;CASSINA DE' PECCHI;MI;76;18/12/2025;14/07/2026;CONFERMA;NO;0,8;Aliquota unica;;;;;;;;;;;;;;;;;;;;;;;1;0
C020;CASSINA RIZZARDI;CO;;;;;NO;0*;;;;;;;;;;;;;;;;;;;;;;;;;0
C024;CASSINA VALSASSINA;LC;;;;;NO;0*;;;;;;;;;;;;;;;;;;;;;;;;;0
C022;CASSINASCO;AT;;;;;NO;0*;;;;;;;;;;;;;;;;;;;;;;;;;0
C027;CASSINE;AL;42;30/12/2025;09/01/2026;CONFERMA;NO;0,8;Aliquota unica;;;;;;;;;;;;;;;;;;;;;;;1;0
C030;CASSINELLE;AL;;;;;NO;0*;;;;;;;;;;;;;;;;;;;;;;;;;0
C033;CASSINETTA DI LUGAGNANO;MI;;;;;NO;0*;;;;;;;;;;;;;;;;;;;;;;;;;0
C034;CASSINO;FR;173;05/12/2025;15/01/2026;CONFERMA;SI;0;Esenzione per redditi imponibili fino a euro 8.000,00;,8;Aliquota unica;;;;;;;;;;;;;;;;;;;;;2;8000
C037;CASSOLA;VI;;;;;NO;0*;;;;;;;;;;;;;;;;;;;;;;;;;0
C038;CASSOLNOVO;PV;;;;;NO;0*;;;;;;;;;;;;;;;;;;;;;;;;;0
C041;CASTAGNARO;VR;;;;;NO;0*;;;;;;;;;;;;;;;;;;;;;;;;;0
C044;CASTAGNETO CARDUCCI;LI;103;29/12/2025;11/02/2026;MODIFICA;SI;0;Esenzione per redditi imponibili fino a euro 10.000,00;,7;Applicabile a scaglione di reddito fino a euro 28.000,00;,79;Applicabile a scaglione di reddito da euro 28.000,01 fino a euro 50.000,00;,8;Applicabile a scaglione di reddito oltre euro 50.000,00;;;;;;;;;;;;;;;;;4;10000
C045;CASTAGNETO PO;TO;38;17/12/2025;26/03/2026;CONFERMA;SI;0;Esenzione per redditi imponibili fino a euro 10.000,00;,8;Aliquota unica;;;;;;;;;;;;;;;;;;;;;2;10000
C046;CASTAGNITO;CN;;;;;NO;0*;;;;;;;;;;;;;;;;;;;;;;;;;0
C049;CASTAGNOLE DELLE LANZE;AT;31;30/12/2025;20/01/2026;CONFERMA;NO;0,7;Aliquota unica;;;;;;;;;;;;;;;;;;;;;;;1;0
C047;CASTAGNOLE MONFERRATO;AT;;;;;NO;0*;;;;;;;;;;;;;;;;;;;;;;;;;0
C048;CASTAGNOLE PIEMONTE;TO;;;;;NO;0*;;;;;;;;;;;;;;;;;;;;;;;;;0
C050;CASTANA;PV;27;16/12/2025;28/01/2026;CONFERMA;SI;0;Esenzione per redditi imponibili fino a euro 10.000,00;,6;Applicabile a scaglione di reddito fino a euro 28.000,00;,7;Applicabile a scaglione di reddito da euro 28.000,01 fino a euro 50.000,00;,8;Applicabile a scaglione di reddito oltre euro 50.000,00;;;;;;;;;;;;;;;;;4;10000
C052;CASTANO PRIMO;MI;;;;;NO;0*;;;;;;;;;;;;;;;;;;;;;;;;;0
C053;CASTEGGIO;PV;45;27/11/2025;23/03/2026;CONFERMA;SI;0;Esenzione per redditi imponibili fino a euro 12.000,00;,8;Aliquota unica;;;;;;;;;;;;;;;;;;;;;2;12000
C055;CASTEGNATO;BS;;;;;NO;0*;;;;;;;;;;;;;;;;;;;;;;;;;0
C056;CASTEGNERO;VI;;;;;NO;0*;;;;;;;;;;;;;;;;;;;;;;;;;0
M439;CASTEGNERO NANTO;VI;;;;;NO;0*;;;;;;;;;;;;;;;;;;;;;;;;;0
C058;CASTEL BARONIA;AV;2;09/03/2026;20/03/2026;MODIFICA;NO;0,6;Aliquota unica;;;;;;;;;;;;;;;;;;;;;;;1;0
C064;CASTEL BOGLIONE;AT;;;;;NO;0*;;;;;;;;;;;;;;;;;;;;;;;;;0
C065;CASTEL BOLOGNESE;RA;;;;;NO;0*;;;;;;;;;;;;;;;;;;;;;;;;;0
B494;CASTEL CAMPAGNANO;CE;;;;;NO;0*;;;;;;;;;;;;;;;;;;;;;;;;;0
C040;CASTEL CASTAGNA;TE;9;15/12/2025;03/03/2026;CONFERMA;SI;0;Esenzione per redditi imponibili fino a euro 8.174,00;,4;Aliquota unica;;;;;;;;;;;;;;;;;;;;;2;8174
C183;CASTEL CONDINO;TN;;;;;NO;0*;;;;;;;;;;;;;;;;;;;;;;;;;0
C075;CASTEL D'AIANO;BO;;;;;NO;0*;;;;;;;;;;;;;;;;;;;;;;;;;0
C076;CASTEL D'ARIO;MN;28;19/12/2025;22/01/2026;CONFERMA;NO;0,8;Aliquota unica;;;;;;;;;;;;;;;;;;;;;;;1;0
C078;CASTEL D'AZZANO;VR;39;29/12/2025;09/01/2026;CONFERMA;NO;0,8;Aliquota unica;;;;;;;;;;;;;;;;;;;;;;;1;0
C082;CASTEL DEL GIUDICE;IS;;;;;NO;0*;;;;;;;;;;;;;;;;;;;;;;;;;0
C083;CASTEL DEL MONTE;AQ;;;;;NO;0*;;;;;;;;;;;;;;;;;;;;;;;;;0
C085;CASTEL DEL PIANO;GR;;;;;NO;0*;;;;;;;;;;;;;;;;;;;;;;;;;0
C086;CASTEL DEL RIO;BO;;;;;NO;0*;;;;;;;;;;;;;;;;;;;;;;;;;0
B969;CASTEL DI CASIO;BO;;;;;NO;0*;;;;;;;;;;;;;;;;;;;;;;;;;0
C090;CASTEL DI IERI;AQ;;;;;NO;0*;;;;;;;;;;;;;;;;;;;;;;;;;0
C091;CASTEL DI IUDICA;CT;;;;;NO;0*;;;;;;;;;;;;;;;;;;;;;;;;;0
C093;CASTEL DI LAMA;AP;46;22/12/2025;27/04/2026;CONFERMA;NO;0,8;Aliquota unica;;;;;;;;;;;;;;;;;;;;;;;1;0
C094;CASTEL DI LUCIO;ME;;;;;NO;0*;;;;;;;;;;;;;;;;;;;;;;;;;0
C096;CASTEL DI SANGRO;AQ;;;;;NO;0*;;;;;;;;;;;;;;;;;;;;;;;;;0
C097;CASTEL DI SASSO;CE;22;28/11/2025;27/02/2026;CONFERMA;NO;0,3;Aliquota unica;;;;;;;;;;;;;;;;;;;;;;;1;0
C098;CASTEL DI TORA;RI;19;03/12/2025;10/06/2026;CONFERMA;NO;0,6;Aliquota unica;;;;;;;;;;;;;;;;;;;;;;;1;0
C102;CASTEL FOCOGNANO;AR;44;18/12/2025;09/01/2026;CONFERMA;SI;0;Esenzione per redditi imponibili fino a euro 10.000,00;,8;Aliquota unica;;;;;;;;;;;;;;;;;;;;;2;10000
C114;CASTEL FRENTANO;CH;38;18/12/2025;03/06/2026;CONFERMA;NO;0,7;Aliquota unica;;;;;;;;;;;;;;;;;;;;;;;1;0
C115;CASTEL GABBIANO;CR;;;;;NO;0*;;;;;;;;;;;;;;;;;;;;;;;;;0
C116;CASTEL GANDOLFO;RM;;;;;NO;0*;;;;;;;;;;;;;;;;;;;;;;;;;0
C117;CASTEL GIORGIO;TR;;;;;NO;0*;;;;;;;;;;;;;;;;;;;;;;;;;0
C118;CASTEL GOFFREDO;MN;;;;;NO;0*;;;;;;;;;;;;;;;;;;;;;;;;;0
C121;CASTEL GUELFO DI BOLOGNA;BO;63;17/12/2025;07/01/2026;MODIFICA;SI;0;Esenzione per redditi imponibili fino a euro 9.999,99;,7;Aliquota unica;;;;;;;;;;;;;;;;;;;;;2;9999,99
M354;CASTEL IVANO;TN;;;;;NO;0*;;;;;;;;;;;;;;;;;;;;;;;;;0
C203;CASTEL MADAMA;RM;39;23/10/2025;26/05/2026;CONFERMA;NO;0,8;Aliquota unica;;;;;;;;;;;;;;;;;;;;;;;1;0
C204;CASTEL MAGGIORE;BO;43;22/12/2025;30/01/2026;CONFERMA;SI;0;Esenzione per redditi imponibili fino a euro 12.000,00;,6;Applicabile a scaglione di reddito fino a euro 28.000,00;,78;Applicabile a scaglione di reddito da euro 28.000,01 fino a euro 50.000,00;,8;Applicabile a scaglione di reddito oltre euro 50.000,00;;;;;;;;;;;;;;;;;4;12000
C208;CASTEL MELLA;BS;48;17/12/2025;10/02/2026;CONFERMA;SI;0;Esenzione per redditi imponibili fino a euro 15.000,00;,55;Aliquota unica;;;;;;;;;;;;;;;;;;;;;2;15000
C211;CASTEL MORRONE;CE;;;;;NO;0*;;;;;;;;;;;;;;;;;;;;;;;;;0
C252;CASTEL RITALDI;PG;61;30/12/2025;03/02/2026;CONFERMA;NO;0,75;Aliquota unica;;;;;;;;;;;;;;;;;;;;;;;1;0
C253;CASTEL ROCCHERO;AT;18;29/12/2025;26/01/2026;CONFERMA;NO;0,6;Aliquota unica;;;;;;;;;;;;;;;;;;;;;;;1;0
C255;CASTEL ROZZONE;BG;26;18/12/2025;08/01/2026;CONFERMA;SI;0;Esenzione per redditi imponibili fino a euro 8.000,00;,75;Aliquota unica;;;;;;;;;;;;;;;;;;;;;2;8000
C259;CASTEL SAN GIORGIO;SA;7;27/03/2026;04/05/2026;CONFERMA;SI;0;Esenzione per redditi imponibili fino a euro 12.000,00;,8;Aliquota unica;;;;;;;;;;;;;;;;;;;;;2;12000
C261;CASTEL SAN GIOVANNI;PC;75;20/12/2025;18/02/2026;CONFERMA;SI;0;Esenzione per redditi imponibili fino a euro 16.000,00;,62;Aliquota unica;;;;;;;;;;;;;;;;;;;;;2;16000
C262;CASTEL SAN LORENZO;SA;;;;;NO;0*;;;;;;;;;;;;;;;;;;;;;;;;;0
C263;CASTEL SAN NICCOLO';AR;65;29/12/2025;05/01/2026;CONFERMA;SI;0;Esenzione per redditi imponibili fino a euro 13.000,00;,8;Aliquota unica;;;;;;;;;;;;;;;;;;;;;2;13000
C266;CASTEL SAN PIETRO ROMANO;RM;;;;;NO;0*;;;;;;;;;;;;;;;;;;;;;;;;;0
C265;CASTEL SAN PIETRO TERME;BO;;;;;NO;0*;;;;;;;;;;;;;;;;;;;;;;;;;0
C270;CASTEL SAN VINCENZO;IS;;;;;NO;0*;;;;;;;;;;;;;;;;;;;;;;;;;0
C268;CASTEL SANT'ANGELO;RI;41;13/01/2026;22/01/2026;CONFERMA;NO;0,5;Aliquota unica;;;;;;;;;;;;;;;;;;;;;;;1;0
C269;CASTEL SANT'ELIA;VT;;;;;NO;0*;;;;;;;;;;;;;;;;;;;;;;;;;0
C289;CASTEL VISCARDO;TR;;;;;NO;0*;;;;;;;;;;;;;;;;;;;;;;;;;0
C110;CASTEL VITTORIO;IM;;;;;NO;0*;;;;;;;;;;;;;;;;;;;;;;;;;0
C291;CASTEL VOLTURNO;CE;;;;;NO;0*;;;;;;;;;;;;;;;;;;;;;;;;;0
C057;CASTELBALDO;PD;22;22/12/2025;23/01/2026;CONFERMA;NO;0,8;Aliquota unica;;;;;;;;;;;;;;;;;;;;;;;1;0
C059;CASTELBELFORTE;MN;7;16/02/2026;10/03/2026;CONFERMA;SI;0;Esenzione per redditi imponibili fino a euro 12.000,00;,8;Aliquota unica;;;;;;;;;;;;;;;;;;;;;2;12000
C060;CASTELBELLINO;AN;40;29/12/2025;05/05/2026;CONFERMA;SI;0;Esenzione per redditi imponibili fino a euro 12.000,00;,8;Aliquota unica;;;;;;;;;;;;;;;;;;;;;2;12000
C062;CASTELBELLO-CIARDES;BZ;;;;;NO;0*;;;;;;;;;;;;;;;;;;;;;;;;;0
C063;CASTELBIANCO;SV;;;;;NO;0*;;;;;;;;;;;;;;;;;;;;;;;;;0
C066;CASTELBOTTACCIO;CB;;;;;NO;0*;;;;;;;;;;;;;;;;;;;;;;;;;0
C067;CASTELBUONO;PA;;;;;NO;0*;;;;;;;;;;;;;;;;;;;;;;;;;0
C069;CASTELCIVITA;SA;;;;;NO;0*;;;;;;;;;;;;;;;;;;;;;;;;;0
C072;CASTELCOVATI;BS;44;22/12/2025;02/01/2026;CONFERMA;SI;0;Esenzione per redditi imponibili fino a euro 10.000,00;,53;Aliquota unica;;;;;;;;;;;;;;;;;;;;;2;10000
C073;CASTELCUCCO;TV;47;18/12/2025;03/02/2026;CONFERMA;SI;0,38;Applicabile a scaglione di reddito fino a euro 28.000,00;,78;Applicabile a scaglione di reddito da euro 28.000,01 fino a euro 50.000,00;,8;Applicabile a scaglione di reddito oltre euro 50.000,00;;;;;;;;;;;;;;;;;;;3;0
C074;CASTELDACCIA;PA;;;;;NO;0*;;;;;;;;;;;;;;;;;;;;;;;;;0
C080;CASTELDELCI;RN;;;;;NO;0*;;;;;;;;;;;;;;;;;;;;;;;;;0
C081;CASTELDELFINO;CN;;;;;NO;0*;;;;;;;;;;;;;;;;;;;;;;;;;0
C089;CASTELDIDONE;CR;25;23/12/2025;01/06/2026;CONFERMA;SI;0;Esenzione per redditi imponibili fino a euro 10.000,00;,4;Applicabile a scaglione di reddito fino a euro 28.000,00;,6;Applicabile a scaglione di reddito da euro 28.000,01 fino a euro 50.000,00;,8;Applicabile a scaglione di reddito oltre euro 50.000,00;;;;;;;;;;;;;;;;;4;10000
C100;CASTELFIDARDO;AN;104;18/12/2025;26/02/2026;CONFERMA;SI;0;Esenzione per redditi imponibili fino a euro 9.999,99;,8;Aliquota unica;;;;;;;;;;;;;;;;;;;;;2;9999,99
C101;CASTELFIORENTINO;FI;;;;;NO;0*;;;;;;;;;;;;;;;;;;;;;;;;;0
C104;CASTELFORTE;LT;;;;;NO;0*;;;;;;;;;;;;;;;;;;;;;;;;;0
C105;CASTELFRANCI;AV;15;30/12/2025;20/02/2026;CONFERMA;NO;0,8;Aliquota unica;;;;;;;;;;;;;;;;;;;;;;;1;0
C113;CASTELFRANCO DI SOTTO;PI;;;;;NO;0*;;;;;;;;;;;;;;;;;;;;;;;;;0
C107;CASTELFRANCO EMILIA;MO;;;;;NO;0*;;;;;;;;;;;;;;;;;;;;;;;;;0
C106;CASTELFRANCO IN MISCANO;BN;;;;;NO;0*;;;;;;;;;;;;;;;;;;;;;;;;;0
M322;CASTELFRANCO PIANDISCO';AR;94;17/12/2025;09/01/2026;CONFERMA;NO;0,8;Aliquota unica;;;;;;;;;;;;;;;;;;;;;;;1;0
C111;CASTELFRANCO VENETO;TV;125;02/12/2025;09/01/2026;DELIBERA ADOTTATA EX ART. 1, COMMA 751, L. 207/2024;SI;0,55;Applicabile a scaglione di reddito fino a euro 15.000,00;,6;Applicabile a scaglione di reddito da euro 15.000,01 fino a euro 28.000,00;,7;Applicabile a scaglione di reddito da euro 28.000,01 fino a euro 50.000,00;,8;Applicabile a scaglione di reddito oltre euro 50.000,00;0;Esenzione per redditi imponibili fino a euro 14.999,99;;;;;;;;;;;;;;;0;0
M393;CASTELGERUNDO;LO;35;23/12/2025;05/06/2026;DELIBERA ADOTTATA EX ART. 1, COMMA 751, L. 207/2024;SI;0,45;Applicabile a scaglione di reddito fino a euro 15.000,00;,6;Applicabile a scaglione di reddito da euro 15.000,01 fino a euro 28.000,00;,7;Applicabile a scaglione di reddito da euro 28.000,01 fino a euro 50.000,00;,8;Applicabile a scaglione di reddito oltre euro 50.000;0;Esenzione per redditi imponibili fino a euro 13.000,00;;;;;;;;;;;;;;;0;0
C119;CASTELGOMBERTO;VI;49;19/12/2025;29/01/2026;CONFERMA;NO;0,8;Aliquota unica;;;;;;;;;;;;;;;;;;;;;;;1;0
C120;CASTELGRANDE;PZ;;;;;NO;0*;;;;;;;;;;;;;;;;;;;;;;;;;0
C122;CASTELGUGLIELMO;RO;;;;;NO;0*;;;;;;;;;;;;;;;;;;;;;;;;;0
C123;CASTELGUIDONE;CH;;;;;NO;0*;;;;;;;;;;;;;;;;;;;;;;;;;0
C125;CASTELLABATE;SA;;;;;NO;0*;;;;;;;;;;;;;;;;;;;;;;;;;0
C126;CASTELLAFIUME;AQ;;;;;NO;0*;;;;;;;;;;;;;;;;;;;;;;;;;0
C127;CASTELL'ALFERO;AT;16;29/12/2025;22/04/2026;CONFERMA;NO;0,8;Aliquota unica;;;;;;;;;;;;;;;;;;;;;;;1;0
C128;CASTELLALTO;TE;6;09/04/2026;07/05/2026;CONFERMA;NO;0,8;Aliquota unica;;;;;;;;;;;;;;;;;;;;;;;1;0
C130;CASTELLAMMARE DEL GOLFO;TP;;;;;NO;0*;;;;;;;;;;;;;;;;;;;;;;;;;0
C129;CASTELLAMMARE DI STABIA;NA;123;27/11/2025;28/01/2026;CONFERMA;SI;0;Esenzione per redditi imponibili fino a euro 10.000,00;,7;Aliquota unica;;;;;;;;;;;;;;;;;;;;;2;10000
C133;CASTELLAMONTE;TO;63;22/12/2025;04/08/2026;CONFERMA;SI;0;Esenzione per redditi imponibili fino a euro 10.000,00;,6;Aliquota unica;;;;;;;;;;;;;;;;;;;;;2;10000
C134;CASTELLANA GROTTE;BA;39;23/12/2025;23/02/2026;CONFERMA;SI;0;Esenzione per redditi imponibili fino a euro 15.000,00;,8;Aliquota unica;;;;;;;;;;;;;;;;;;;;;2;15000
C135;CASTELLANA SICULA;PA;;;;;NO;0*;;;;;;;;;;;;;;;;;;;;;;;;;0
C136;CASTELLANETA;TA;;;;;NO;0*;;;;;;;;;;;;;;;;;;;;;;;;;0
C137;CASTELLANIA COPPI;AL;20;27/12/2025;20/01/2026;CONFERMA;NO;0,7;Aliquota unica;;;;;;;;;;;;;;;;;;;;;;;1;0
C139;CASTELLANZA;VA;67;16/12/2025;07/01/2026;CONFERMA;SI;0;Esenzione per redditi imponibili fino a euro 15.000,00;,8;Aliquota unica;;;;;;;;;;;;;;;;;;;;;2;15000
C142;CASTELLAR GUIDOBONO;AL;20;10/12/2025;12/01/2026;CONFERMA;NO;0,8;Aliquota unica;;;;;;;;;;;;;;;;;;;;;;;1;0
C141;CASTELLARANO;RE;52;23/12/2025;15/01/2026;CONFERMA;SI;0;Esenzione per redditi imponibili fino a euro 15.000,00;,73;Applicabile a scaglione di reddito fino a euro 28.000,00;,78;Applicabile a scaglione di reddito da euro 28.000,01 fino a euro 50.000,00;,79;Applicabile a scaglione di reddito oltre euro 50.000,00;;;;;;;;;;;;;;;;;4;15000
C143;CASTELLARO;IM;17;26/11/2025;04/02/2026;CONFERMA;NO;0,8;Aliquota unica;;;;;;;;;;;;;;;;;;;;;;;1;0
C145;CASTELL'ARQUATO;PC;;;;;NO;0*;;;;;;;;;;;;;;;;;;;;;;;;;0
C147;CASTELL'AZZARA;GR;56;19/12/2025;06/08/2026;CONFERMA;NO;0,6;Aliquota unica;;;;;;;;;;;;;;;;;;;;;;;1;0
C148;CASTELLAZZO BORMIDA;AL;;;;;NO;0*;;;;;;;;;;;;;;;;;;;;;;;;;0
C149;CASTELLAZZO NOVARESE;NO;;;;;NO;0*;;;;;;;;;;;;;;;;;;;;;;;;;0
C153;CASTELLEONE;CR;48;19/12/2025;09/01/2026;;SI;0;Esenzione per redditi imponibili fino a euro 15.000,00;,75;Aliquota unica;;;;;;;;;;;;;;;;;;;;;2;15000
C152;CASTELLEONE DI SUASA;AN;2;05/02/2026;20/02/2026;MODIFICA;SI;0;Esenzione per redditi imponibili fino a euro 8.500,00;,5;Applicabile a scaglione di reddito fino a euro 28.000,00;,65;Applicabile a scaglione di reddito da euro 28.000,01 fino a euro 50.000,00;,78;Applicabile a scaglione di reddito oltre euro 50.000,00;;;;;;;;;;;;;;;;;4;8500
C154;CASTELLERO;AT;21;22/12/2025;20/05/2026;MODIFICA;NO;0,8;Aliquota unica;;;;;;;;;;;;;;;;;;;;;;;1;0
C155;CASTELLETTO CERVO;BI;33;29/12/2025;26/01/2026;CONFERMA;NO;0,45;Aliquota unica;;;;;;;;;;;;;;;;;;;;;;;1;0
C156;CASTELLETTO D'ERRO;AL;;;;;NO;0*;;;;;;;;;;;;;;;;;;;;;;;;;0
C157;CASTELLETTO DI BRANDUZZO;PV;;;;;NO;0*;;;;;;;;;;;;;;;;;;;;;;;;;0
C158;CASTELLETTO D'ORBA;AL;;;;;NO;0*;;;;;;;;;;;;;;;;;;;;;;;;;0
C160;CASTELLETTO MERLI;AL;21;15/12/2025;09/01/2026;CONFERMA;SI;0,4;Applicabile a scaglione di reddito fino a euro 28.000,00;,6;Applicabile a scaglione di reddito da euro 28.000,01 fino a euro 50.000,00;,8;Applicabile a scaglione di reddito oltre euro 50.000,00;;;;;;;;;;;;;;;;;;;3;0
C161;CASTELLETTO MOLINA;AT;19;19/12/2025;30/04/2026;MODIFICA;NO;0,8;Aliquota unica;;;;;;;;;;;;;;;;;;;;;;;1;0
C162;CASTELLETTO MONFERRATO;AL;;;;;NO;0*;;;;;;;;;;;;;;;;;;;;;;;;;0
C166;CASTELLETTO SOPRA TICINO;NO;;;;;NO;0*;;;;;;;;;;;;;;;;;;;;;;;;;0
C165;CASTELLETTO STURA;CN;41;18/12/2025;24/02/2026;CONFERMA;SI;0,57;Applicabile a scaglione di reddito fino a euro 28.000,00;,7;Applicabile a scaglione di reddito da euro 28.000,01 fino a euro 50.000,00;,8;Applicabile a scaglione di reddito oltre euro 50.000,00;;;;;;;;;;;;;;;;;;;3;0
C167;CASTELLETTO UZZONE;CN;17;15/12/2025;29/01/2026;CONFERMA;NO;0,8;Aliquota unica;;;;;;;;;;;;;;;;;;;;;;;1;0
C169;CASTELLI;TE;;;;;NO;0*;;;;;;;;;;;;;;;;;;;;;;;;;0
C079;CASTELLI CALEPIO;BG;;;;;NO;0*;;;;;;;;;;;;;;;;;;;;;;;;;0
C172;CASTELLINA IN CHIANTI;SI;;;;;NO;0*;;;;;;;;;;;;;;;;;;;;;;;;;0
C174;CASTELLINA MARITTIMA;PI;;;;;NO;0*;;;;;;;;;;;;;;;;;;;;;;;;;0
C173;CASTELLINALDO D'ALBA;CN;26;18/12/2025;21/01/2026;CONFERMA;NO;0,7;Aliquota unica;;;;;;;;;;;;;;;;;;;;;;;1;0
C175;CASTELLINO DEL BIFERNO;CB;;;;;NO;0*;;;;;;;;;;;;;;;;;;;;;;;;;0
C176;CASTELLINO TANARO;CN;;;;;NO;0*;;;;;;;;;;;;;;;;;;;;;;;;;0
C177;CASTELLIRI;FR;15;16/12/2025;12/02/2026;CONFERMA;NO;0,8;Aliquota unica;;;;;;;;;;;;;;;;;;;;;;;1;0
B312;CASTELLO CABIAGLIO;VA;30;22/12/2025;14/05/2026;MODIFICA;SI;0;Esenzione per redditi imponibili fino a euro 10.000,00;,7;Aliquota unica;;;;;;;;;;;;;;;;;;;;;2;10000
C184;CASTELLO D'AGOGNA;PV;;;;;NO;0*;;;;;;;;;;;;;;;;;;;;;;;;;0
C185;CASTELLO D'ARGILE;BO;40;22/12/2025;19/08/2026;CONFERMA;NO;0,8;Aliquota unica;;;;;;;;;;;;;;;;;;;;;;;1;0
C178;CASTELLO DEL MATESE;CE;37;30/12/2025;12/01/2026;CONFERMA;SI;0;Esenzione per redditi imponibili fino a euro 8.000,00;,8;Aliquota unica;;;;;;;;;;;;;;;;;;;;;2;8000
C186;CASTELLO DELL'ACQUA;SO;;;;;NO;0*;;;;;;;;;;;;;;;;;;;;;;;;;0
A300;CASTELLO DI ANNONE;AT;;;;;NO;0*;;;;;;;;;;;;;;;;;;;;;;;;;0
C187;CASTELLO DI BRIANZA;LC;44;24/11/2025;02/01/2026;MODIFICA;SI;0;Esenzione per redditi imponibili fino a euro 8.500,00;,5;Applicabile a scaglione di reddito fino a euro 28.000,00;,6;Applicabile a scaglione di reddito da euro 28.000,01 fino a euro 50.000,00;,7;Applicabile a scaglione di reddito oltre euro 50.000,00;;;;;;;;;;;;;;;;;4;8500
C188;CASTELLO DI CISTERNA;NA;;;;;NO;0*;;;;;;;;;;;;;;;;;;;;;;;;;0
C190;CASTELLO DI GODEGO;TV;38;18/12/2025;13/01/2026;CONFERMA;SI;0;Esenzione per redditi imponibili fino a euro 15.000,00;,6;Applicabile a scaglione di reddito fino a euro 28.000,00;,75;Applicabile a scaglione di reddito da euro 28.000,01 fino a euro 50.000,00;,8;Applicabile a scaglione di reddito oltre euro 50.000,00;;;;;;;;;;;;;;;;;4;15000
C194;CASTELLO TESINO;TN;;;;;NO;0*;;;;;;;;;;;;;;;;;;;;;;;;;0
C189;CASTELLO-MOLINA DI FIEMME;TN;;;;;NO;0*;;;;;;;;;;;;;;;;;;;;;;;;;0
C195;CASTELLUCCHIO;MN;43;16/12/2025;12/01/2026;CONFERMA;SI;0;Esenzione per redditi imponibili fino a euro 15.000,00;,7;Aliquota unica;;;;;;;;;;;;;;;;;;;;;2;15000
C198;CASTELLUCCIO DEI SAURI;FG;;;;;NO;0*;;;;;;;;;;;;;;;;;;;;;;;;;0
C199;CASTELLUCCIO INFERIORE;PZ;23;30/12/2025;30/01/2026;CONFERMA;NO;0,6;Aliquota unica;;;;;;;;;;;;;;;;;;;;;;;1;0
C201;CASTELLUCCIO SUPERIORE;PZ;;;;;NO;0*;;;;;;;;;;;;;;;;;;;;;;;;;0
C202;CASTELLUCCIO VALMAGGIORE;FG;47;17/12/2025;22/01/2026;CONFERMA;NO;0,8;Aliquota unica;;;;;;;;;;;;;;;;;;;;;;;1;0
C051;CASTELL'UMBERTO;ME;;;;;NO;0*;;;;;;;;;;;;;;;;;;;;;;;;;0
C205;CASTELMAGNO;CN;;;;;NO;0*;;;;;;;;;;;;;;;;;;;;;;;;;0
C206;CASTELMARTE;CO;38;18/12/2025;22/01/2026;CONFERMA;SI;0;Esenzione per redditi imponibili fino a euro 15.000,00;,8;Aliquota unica;;;;;;;;;;;;;;;;;;;;;2;15000
C207;CASTELMASSA;RO;2;26/02/2026;25/03/2026;CONFERMA;SI;0;Esenzione per redditi imponibili fino a euro 12.000,00;,8;Aliquota unica;;;;;;;;;;;;;;;;;;;;;2;12000
C197;CASTELMAURO;CB;;;;;NO;0*;;;;;;;;;;;;;;;;;;;;;;;;;0
C209;CASTELMEZZANO;PZ;17;05/11/2025;07/01/2026;ISTITUISCE;SI;0;Esenzione per redditi imponibili fino a euro 7.500,00;,8;Aliquota unica;;;;;;;;;;;;;;;;;;;;;2;7500
C210;CASTELMOLA;ME;;;;;NO;0*;;;;;;;;;;;;;;;;;;;;;;;;;0
C213;CASTELNOVETTO;PV;;;;;NO;0*;;;;;;;;;;;;;;;;;;;;;;;;;0
C215;CASTELNOVO BARIANO;RO;;;;;NO;0*;;;;;;;;;;;;;;;;;;;;;;;;;0
C217;CASTELNOVO DEL FRIULI;PN;;;;;NO;0*;;;;;;;;;;;;;;;;;;;;;;;;;0
C218;CASTELNOVO DI SOTTO;RE;43;29/12/2025;22/01/2026;DELIBERA ADOTTATA EX ART. 1, COMMA 751, L. 207/2024;SI;0,6;Applicabile a scaglione di reddito fino a euro 15.000,00;,7;Applicabile a scaglione di reddito da euro 15.000,01 fino a euro 28.000,00;,75;Applicabile a scaglione di reddito da euro 28.000,01 fino a euro 50.000,00;,8;Applicabile a scaglione di reddito oltre euro 50.000,00;0;Esenzione per redditi imponibili fino a euro 10.000,00;;;;;;;;;;;;;;;0;0
C219;CASTELNOVO NE' MONTI;RE;65;23/12/2025;13/04/2026;CONFERMA;SI;0;Esenzione per redditi imponibili fino a euro 10.000,00;,8;Aliquota unica;;;;;;;;;;;;;;;;;;;;;2;10000
C216;CASTELNUOVO;TN;;;;;NO;0*;;;;;;;;;;;;;;;;;;;;;;;;;0
C226;CASTELNUOVO BELBO;AT;15;22/12/2025;13/01/2026;CONFERMA;NO;0,8;Aliquota unica;;;;;;;;;;;;;;;;;;;;;;;1;0
C227;CASTELNUOVO BERARDENGA;SI;;;;;NO;0*;;;;;;;;;;;;;;;;;;;;;;;;;0
C228;CASTELNUOVO BOCCA D'ADDA;LO;35;23/12/2025;04/03/2026;MODIFICA;SI;0;Esenzione per redditi imponibili fino a euro 12.000,00;,65;Applicabile a scaglione di reddito fino a euro 28.000,00;,7;Applicabile a scaglione di reddito da euro 28.000,01 fino a euro 50.000,00;,8;Applicabile a scaglione di reddito oltre euro 50.000,00;;;;;;;;;;;;;;;;;4;12000
C229;CASTELNUOVO BORMIDA;AL;21;27/12/2025;16/02/2026;CONFERMA;NO;0,6;Aliquota unica;;;;;;;;;;;;;;;;;;;;;;;1;0
C220;CASTELNUOVO BOZZENTE;CO;25;17/11/2025;02/01/2026;CONFERMA;SI;0,63;Applicabile a scaglione di reddito fino a euro 28.000,00;,75;Applicabile a scaglione di reddito da euro 28.000,01 fino a euro 50.000,00;,8;Applicabile a scaglione di reddito oltre euro 50.000,00;;;;;;;;;;;;;;;;;;;3;0
C230;CASTELNUOVO CALCEA;AT;;;;;NO;0*;;;;;;;;;;;;;;;;;;;;;;;;;0
C231;CASTELNUOVO CILENTO;SA;;;;;NO;0*;;;;;;;;;;;;;;;;;;;;;;;;;0
C225;CASTELNUOVO DEL GARDA;VR;65;18/12/2025;13/03/2026;CONFERMA;SI;0;Esenzione per redditi imponibili fino a euro 10.000,00;,5;Aliquota unica;;;;;;;;;;;;;;;;;;;;;2;10000
C222;CASTELNUOVO DELLA DAUNIA;FG;33;16/10/2025;02/01/2026;ISTITUISCE;SI;0;Esenzione per redditi imponibili fino a euro 12.000,00;,8;Aliquota unica;;;;;;;;;;;;;;;;;;;;;2;12000
C214;CASTELNUOVO DI CEVA;CN;;;;;NO;0*;;;;;;;;;;;;;;;;;;;;;;;;;0
C235;CASTELNUOVO DI CONZA;SA;;;;;NO;0*;;;;;;;;;;;;;;;;;;;;;;;;;0
C224;CASTELNUOVO DI FARFA;RI;17;14/11/2025;03/02/2026;CONFERMA;NO;0,6;Aliquota unica;;;;;;;;;;;;;;;;;;;;;;;1;0
C236;CASTELNUOVO DI GARFAGNANA;LU;;;;;NO;0*;;;;;;;;;;;;;;;;;;;;;;;;;0
C237;CASTELNUOVO DI PORTO;RM;41;15/12/2025;10/04/2026;MODIFICA;SI;0;Esenzione per redditi imponibili fino a euro 12.000,00;,8;Aliquota unica;;;;;;;;;;;;;;;;;;;;;2;12000
C232;CASTELNUOVO DON BOSCO;AT;48;17/12/2025;18/05/2026;CONFERMA;SI;0;Esenzione per redditi imponibili fino a euro 8.000,00;,8;Aliquota unica;;;;;;;;;;;;;;;;;;;;;2;8000
C240;CASTELNUOVO MAGRA;SP;;;;;NO;0*;;;;;;;;;;;;;;;;;;;;;;;;;0
C241;CASTELNUOVO NIGRA;TO;;;;;NO;0*;;;;;;;;;;;;;;;;;;;;;;;;;0
C223;CASTELNUOVO PARANO;FR;;;;;NO;0*;;;;;;;;;;;;;;;;;;;;;;;;;0
C242;CASTELNUOVO RANGONE;MO;;;;;NO;0*;;;;;;;;;;;;;;;;;;;;;;;;;0
C243;CASTELNUOVO SCRIVIA;AL;;;;;NO;0*;;;;;;;;;;;;;;;;;;;;;;;;;0
C244;CASTELNUOVO VAL DI CECINA;PI;;;;;NO;0*;;;;;;;;;;;;;;;;;;;;;;;;;0
C245;CASTELPAGANO;BN;;;;;NO;0*;;;;;;;;;;;;;;;;;;;;;;;;;0
C246;CASTELPETROSO;IS;23;18/12/2025;03/02/2026;CONFERMA;SI;0;Esenzione per redditi imponibili fino a euro 8.000,00;,7;Aliquota unica;;;;;;;;;;;;;;;;;;;;;2;8000
C247;CASTELPIZZUTO;IS;;;;;NO;0*;;;;;;;;;;;;;;;;;;;;;;;;;0
C248;CASTELPLANIO;AN;48;20/12/2025;13/01/2026;CONFERMA;SI;0;Esenzione per redditi imponibili fino a euro 13.500,00;,6;Applicabile a scaglione di reddito fino a euro 28.000,00;,8;Applicabile a scaglione di reddito da euro 28.000,01 fino a euro 50.000,00;,8;Applicabile a scaglione di reddito oltre euro 50.000,00;;;;;;;;;;;;;;;;;4;13500
C250;CASTELPOTO;BN;;;;;NO;0*;;;;;;;;;;;;;;;;;;;;;;;;;0
C251;CASTELRAIMONDO;MC;;;;;NO;0*;;;;;;;;;;;;;;;;;;;;;;;;;0
C254;CASTELROTTO;BZ;;;;;NO;0*;;;;;;;;;;;;;;;;;;;;;;;;;0
C267;CASTELSANTANGELO SUL NERA;MC;53;23/12/2025;09/01/2026;CONFERMA;NO;0,2;Aliquota unica;;;;;;;;;;;;;;;;;;;;;;;1;0
C271;CASTELSARACENO;PZ;;;;;NO;0*;;;;;;;;;;;;;;;;;;;;;;;;;0
C272;CASTELSARDO;SS;56;28/11/2025;12/01/2026;CONFERMA;SI;0;Esenzione per redditi imponibili fino a euro 10.000,00;,7;Aliquota unica;;;;;;;;;;;;;;;;;;;;;2;10000
C273;CASTELSEPRIO;VA;;;;;NO;0*;;;;;;;;;;;;;;;;;;;;;;;;;0
B968;CASTELSILANO;KR;;;;;NO;0*;;;;;;;;;;;;;;;;;;;;;;;;;0
C274;CASTELSPINA;AL;;;;;NO;0*;;;;;;;;;;;;;;;;;;;;;;;;;0
C275;CASTELTERMINI;AG;;;;;NO;0*;;;;;;;;;;;;;;;;;;;;;;;;;0
C181;CASTELVECCANA;VA;40;16/12/2025;07/04/2026;DELIBERA ADOTTATA EX ART. 1, COMMA 751, L. 207/2024;SI;0,2;Applicabile a scaglione di reddito fino a euro 15.000,00;,3;Applicabile a scaglione di reddito da euro 15.000,01 fino a euro 28.000,00;,5;Applicabile a scaglione di reddito da euro 28.000,01 fino a euro 50.000,00;,7;Applicabile a scaglione di reddito oltre euro 50.000,00;0;Esenzione per redditi imponibili fino a euro 15.000,00;;;;;;;;;;;;;;;0;0
C278;CASTELVECCHIO CALVISIO;AQ;;;;;NO;0*;;;;;;;;;;;;;;;;;;;;;;;;;0
C276;CASTELVECCHIO DI ROCCA BARBENA;SV;;;;;NO;0*;;;;;;;;;;;;;;;;;;;;;;;;;0
C279;CASTELVECCHIO SUBEQUO;AQ;;;;;NO;0*;;;;;;;;;;;;;;;;;;;;;;;;;0
C280;CASTELVENERE;BN;;;;;NO;0*;;;;;;;;;;;;;;;;;;;;;;;;;0
B129;CASTELVERDE;CR;4;27/03/2026;01/04/2026;CONFERMA;SI;0;Esenzione per redditi imponibili fino a euro 12.999,99;,75;Aliquota unica;;;;;;;;;;;;;;;;;;;;;2;12999,99
C200;CASTELVERRINO;IS;;;;;NO;0*;;;;;;;;;;;;;;;;;;;;;;;;;0
C284;CASTELVETERE IN VAL FORTORE;BN;;;;;NO;0*;;;;;;;;;;;;;;;;;;;;;;;;;0
C283;CASTELVETERE SUL CALORE;AV;;;;;NO;0*;;;;;;;;;;;;;;;;;;;;;;;;;0
C286;CASTELVETRANO;TP;;;;;NO;0*;;;;;;;;;;;;;;;;;;;;;;;;;0
C287;CASTELVETRO DI MODENA;MO;;;;;NO;0*;;;;;;;;;;;;;;;;;;;;;;;;;0
C288;CASTELVETRO PIACENTINO;PC;24;29/12/2025;12/01/2026;CONFERMA;NO;0,7;Aliquota unica;;;;;;;;;;;;;;;;;;;;;;;1;0
C290;CASTELVISCONTI;CR;;;;;NO;0*;;;;;;;;;;;;;;;;;;;;;;;;;0
C292;CASTENASO;BO;9;05/03/2026;02/04/2026;MODIFICA;SI;0;Esenzione per redditi imponibili fino a euro 15.000,00;,8;Aliquota unica;;;;;;;;;;;;;;;;;;;;;2;15000
C293;CASTENEDOLO;BS;;;;;NO;0*;;;;;;;;;;;;;;;;;;;;;;;;;0
M288;CASTIADAS;SU;;;;;NO;0*;;;;;;;;;;;;;;;;;;;;;;;;;0
C318;CASTIGLION FIBOCCHI;AR;;;;;NO;0*;;;;;;;;;;;;;;;;;;;;;;;;;0
C319;CASTIGLION FIORENTINO;AR;;;;;NO;0*;;;;;;;;;;;;;;;;;;;;;;;;;0
C308;CASTIGLIONE A CASAURIA;PE;;;;;NO;0*;;;;;;;;;;;;;;;;;;;;;;;;;0
C302;CASTIGLIONE CHIAVARESE;GE;;;;;NO;0*;;;;;;;;;;;;;;;;;;;;;;;;;0
C301;CASTIGLIONE COSENTINO;CS;44;17/12/2025;13/01/2026;CONFERMA;NO;0,8;Aliquota unica;;;;;;;;;;;;;;;;;;;;;;;1;0
C304;CASTIGLIONE D'ADDA;LO;;;;;NO;0*;;;;;;;;;;;;;;;;;;;;;;;;;0
C296;CASTIGLIONE DEI PEPOLI;BO;;;;;NO;0*;;;;;;;;;;;;;;;;;;;;;;;;;0
C306;CASTIGLIONE DEL GENOVESI;SA;;;;;NO;0*;;;;;;;;;;;;;;;;;;;;;;;;;0
C309;CASTIGLIONE DEL LAGO;PG;50;29/12/2025;20/01/2026;CONFERMA;SI;0;Esenzione per redditi imponibili fino a euro 13.000,00;,8;Aliquota unica;;;;;;;;;;;;;;;;;;;;;2;13000
C310;CASTIGLIONE DELLA PESCAIA;GR;;;;;NO;0*;;;;;;;;;;;;;;;;;;;;;;;;;0
C312;CASTIGLIONE DELLE STIVIERE;MN;;;;;NO;0*;;;;;;;;;;;;;;;;;;;;;;;;;0
C303;CASTIGLIONE DI GARFAGNANA;LU;;;;;NO;0*;;;;;;;;;;;;;;;;;;;;;;;;;0
C297;CASTIGLIONE DI SICILIA;CT;;;;;NO;0*;;;;;;;;;;;;;;;;;;;;;;;;;0
C313;CASTIGLIONE D'ORCIA;SI;67;22/12/2025;05/05/2026;CONFERMA;SI;0;Esenzione per redditi imponibili fino a euro 10.000,00;,8;Aliquota unica;;;;;;;;;;;;;;;;;;;;;2;10000
C314;CASTIGLIONE FALLETTO;CN;20;23/12/2025;15/07/2026;MODIFICA;NO;0,5;Aliquota unica;;;;;;;;;;;;;;;;;;;;;;;1;0
C315;CASTIGLIONE IN TEVERINA;VT;;;;;NO;0*;;;;;;;;;;;;;;;;;;;;;;;;;0
C298;CASTIGLIONE MESSER MARINO;CH;;;;;NO;0*;;;;;;;;;;;;;;;;;;;;;;;;;0
C316;CASTIGLIONE MESSER RAIMONDO;TE;;;;;NO;0*;;;;;;;;;;;;;;;;;;;;;;;;;0
C300;CASTIGLIONE OLONA;VA;47;22/12/2025;04/02/2026;CONFERMA;SI;0;Esenzione per redditi imponibili fino a euro 10.000,00;,8;Aliquota unica;;;;;;;;;;;;;;;;;;;;;2;10000
C317;CASTIGLIONE TINELLA;CN;;;;;NO;0*;;;;;;;;;;;;;;;;;;;;;;;;;0
C307;CASTIGLIONE TORINESE;TO;;;;;NO;0*;;;;;;;;;;;;;;;;;;;;;;;;;0
C321;CASTIGNANO;AP;37;30/12/2025;14/01/2026;CONFERMA;NO;0,8;Aliquota unica;;;;;;;;;;;;;;;;;;;;;;;1;0
C322;CASTILENTI;TE;;;;;NO;0*;;;;;;;;;;;;;;;;;;;;;;;;;0
C323;CASTINO;CN;;;;;NO;0*;;;;;;;;;;;;;;;;;;;;;;;;;0
C325;CASTIONE ANDEVENNO;SO;39;22/12/2025;22/01/2026;CONFERMA;NO;0,8;Aliquota unica;;;;;;;;;;;;;;;;;;;;;;;1;0
C324;CASTIONE DELLA PRESOLANA;BG;50;22/12/2025;16/01/2026;CONFERMA;SI;0;Esenzione per redditi imponibili fino a euro 10.000,00;,6;Aliquota unica;;;;;;;;;;;;;;;;;;;;;2;10000
C327;CASTIONS DI STRADA;UD;27;16/12/2025;19/01/2026;CONFERMA;NO;0,4;Aliquota unica;;;;;;;;;;;;;;;;;;;;;;;1;0
C329;CASTIRAGA VIDARDO;LO;;;;;NO;0*;;;;;;;;;;;;;;;;;;;;;;;;;0
C330;CASTO;BS;;;;;NO;0*;;;;;;;;;;;;;;;;;;;;;;;;;0
C331;CASTORANO;AP;53;22/12/2025;10/03/2026;CONFERMA;NO;0,8;Aliquota unica;;;;;;;;;;;;;;;;;;;;;;;1;0
C332;CASTREZZATO;BS;57;30/12/2025;22/01/2026;CONFERMA;SI;0;Esenzione per redditi imponibili fino a euro 15.000,00;,5;Aliquota unica;;;;;;;;;;;;;;;;;;;;;2;15000
C334;CASTRI DI LECCE;LE;;;;;NO;0*;;;;;;;;;;;;;;;;;;;;;;;;;0
C335;CASTRIGNANO DE' GRECI;LE;;;;;NO;0*;;;;;;;;;;;;;;;;;;;;;;;;;0
C336;CASTRIGNANO DEL CAPO;LE;;;;;NO;0*;;;;;;;;;;;;;;;;;;;;;;;;;0
C337;CASTRO;BG;20;29/12/2025;04/08/2026;CONFERMA;NO;0,8;Aliquota unica;;;;;;;;;;;;;;;;;;;;;;;1;0
M261;CASTRO;LE;1;25/02/2026;06/03/2026;ISTITUISCE;NO;0,8;Aliquota unica;;;;;;;;;;;;;;;;;;;;;;;1;0
C338;CASTRO DEI VOLSCI;FR;;;;;NO;0*;;;;;;;;;;;;;;;;;;;;;;;;;0
C339;CASTROCARO TERME E TERRA DEL SOLE;FC;65;29/12/2025;22/01/2026;CONFERMA;SI;0;Esenzione per redditi imponibili fino a euro 10.000,00;,3;Aliquota unica;;;;;;;;;;;;;;;;;;;;;2;10000
C340;CASTROCIELO;FR;18;29/12/2025;22/01/2026;CONFERMA;NO;0,7;Aliquota unica;;;;;;;;;;;;;;;;;;;;;;;1;0
C341;CASTROFILIPPO;AG;;;;;NO;0*;;;;;;;;;;;;;;;;;;;;;;;;;0
C108;CASTROLIBERO;CS;;;;;NO;0*;;;;;;;;;;;;;;;;;;;;;;;;;0
C343;CASTRONNO;VA;;;;;NO;0*;;;;;;;;;;;;;;;;;;;;;;;;;0
C344;CASTRONOVO DI SICILIA;PA;;;;;NO;0*;;;;;;;;;;;;;;;;;;;;;;;;;0
C345;CASTRONUOVO DI SANT'ANDREA;PZ;;;;;NO;0*;;;;;;;;;;;;;;;;;;;;;;;;;0
C346;CASTROPIGNANO;CB;;;;;NO;0*;;;;;;;;;;;;;;;;;;;;;;;;;0
C347;CASTROREALE;ME;;;;;NO;0*;;;;;;;;;;;;;;;;;;;;;;;;;0
C348;CASTROREGIO;CS;;;;;NO;0*;;;;;;;;;;;;;;;;;;;;;;;;;0
C349;CASTROVILLARI;CS;;;;;NO;0*;;;;;;;;;;;;;;;;;;;;;;;;;0
C351;CATANIA;CT;;;;;NO;0*;;;;;;;;;;;;;;;;;;;;;;;;;0
C352;CATANZARO;CZ;;;;;NO;0*;;;;;;;;;;;;;;;;;;;;;;;;;0
C353;CATENANUOVA;EN;;;;;NO;0*;;;;;;;;;;;;;;;;;;;;;;;;;0
C354;CATIGNANO;PE;2;25/02/2026;27/02/2026;CONFERMA;NO;0,5;Aliquota unica;;;;;;;;;;;;;;;;;;;;;;;1;0
C357;CATTOLICA;RN;;;;;NO;0*;;;;;;;;;;;;;;;;;;;;;;;;;0
C356;CATTOLICA ERACLEA;AG;;;;;NO;0*;;;;;;;;;;;;;;;;;;;;;;;;;0
C285;CAULONIA;RC;;;;;NO;0*;;;;;;;;;;;;;;;;;;;;;;;;;0
C359;CAUTANO;BN;;;;;NO;0*;;;;;;;;;;;;;;;;;;;;;;;;;0
C361;CAVA DE' TIRRENI;SA;;;;;NO;0*;;;;;;;;;;;;;;;;;;;;;;;;;0
C360;CAVA MANARA;PV;;;;;NO;0*;;;;;;;;;;;;;;;;;;;;;;;;;0
C363;CAVAGLIA';BI;40;18/12/2025;09/01/2026;CONFERMA;NO;0,75;Aliquota unica;;;;;;;;;;;;;;;;;;;;;;;1;0
C364;CAVAGLIETTO;NO;22;22/12/2025;14/07/2026;CONFERMA;NO;0,5;Aliquota unica;;;;;;;;;;;;;;;;;;;;;;;1;0
C365;CAVAGLIO D'AGOGNA;NO;;;;;NO;0*;;;;;;;;;;;;;;;;;;;;;;;;;0
C369;CAVAGNOLO;TO;;;;;NO;0*;;;;;;;;;;;;;;;;;;;;;;;;;0
C370;CAVAION VERONESE;VR;;;;;NO;0*;;;;;;;;;;;;;;;;;;;;;;;;;0
C372;CAVALESE;TN;;;;;NO;0*;;;;;;;;;;;;;;;;;;;;;;;;;0
C375;CAVALLERLEONE;CN;26;19/12/2025;04/03/2026;CONFERMA;NO;0,4;Aliquota unica;;;;;;;;;;;;;;;;;;;;;;;1;0
C376;CAVALLERMAGGIORE;CN;50;23/12/2025;07/01/2026;CONFERMA;SI;0;Esenzione per redditi imponibili fino a euro 9.999,99;,69;Applicabile a scaglione di reddito fino a euro 28.000,00;,78;Applicabile a scaglione di reddito da euro 28.000,01 fino a euro 50.000,00;,79;Applicabile a scaglione di reddito oltre euro 50.000,00;;;;;;;;;;;;;;;;;4;9999,99
C377;CAVALLINO;LE;;;;;NO;0*;;;;;;;;;;;;;;;;;;;;;;;;;0
M308;CAVALLINO-TREPORTI;VE;;;;;NO;0*;;;;;;;;;;;;;;;;;;;;;;;;;0
C378;CAVALLIRIO;NO;18;23/12/2025;26/01/2026;CONFERMA;NO;0,6;Aliquota unica;;;;;;;;;;;;;;;;;;;;;;;1;0
C380;CAVARENO;TN;;;;;NO;0*;;;;;;;;;;;;;;;;;;;;;;;;;0
C381;CAVARGNA;CO;;;;;NO;0*;;;;;;;;;;;;;;;;;;;;;;;;;0
C382;CAVARIA CON PREMEZZO;VA;;;;;NO;0*;;;;;;;;;;;;;;;;;;;;;;;;;0
C383;CAVARZERE;VE;45;25/11/2025;05/05/2026;CONFERMA;SI;0;Esenzione per redditi imponibili fino a euro 8.000,00;,8;Aliquota unica;;;;;;;;;;;;;;;;;;;;;2;8000
C384;CAVASO DEL TOMBA;TV;47;30/12/2025;04/03/2026;DELIBERA ADOTTATA EX ART. 1, COMMA 751, L. 207/2024;SI;0,4;Applicabile a  scaglione di reddito fino a euro 15.000,00;,65;Applicabile a scaglione di reddito da euro 15.000,01 fino a euro 28.000,00;,7;Applicabile a scaglione di reddito da euro 28.000,01 fino a euro 50.000,00;,8;Applicabile a scaglione di reddito oltre euro 50.000,00;;;;;;;;;;;;;;;;;0;0
C385;CAVASSO NUOVO;PN;;;;;NO;0*;;;;;;;;;;;;;;;;;;;;;;;;;0
C387;CAVATORE;AL;;;;;NO;0*;;;;;;;;;;;;;;;;;;;;;;;;;0
C389;CAVAZZO CARNICO;UD;;;;;NO;0*;;;;;;;;;;;;;;;;;;;;;;;;;0
C390;CAVE;RM;;;;;NO;0*;;;;;;;;;;;;;;;;;;;;;;;;;0
C392;CAVEDAGO;TN;;;;;NO;0*;;;;;;;;;;;;;;;;;;;;;;;;;0
C393;CAVEDINE;TN;;;;;NO;0*;;;;;;;;;;;;;;;;;;;;;;;;;0
C394;CAVENAGO D'ADDA;LO;21;04/12/2025;18/06/2026;CONFERMA;SI;0;Esenzione per redditi imponibili fino a euro 9.999,99;,8;Aliquota unica;;;;;;;;;;;;;;;;;;;;;2;9999,99
C395;CAVENAGO DI BRIANZA;MB;41;18/12/2025;28/01/2026;CONFERMA;SI;0;Esenzione per redditi imponibili fino a euro 11.000,00;,8;Aliquota unica;;;;;;;;;;;;;;;;;;;;;2;11000
C396;CAVERNAGO;BG;28;30/12/2025;30/01/2026;MODIFICA;SI;0;Esenzione per redditi imponibili fino a euro 7.000,00;,8;Aliquota unica;;;;;;;;;;;;;;;;;;;;;2;7000
C398;CAVEZZO;MO;;;;;NO;0*;;;;;;;;;;;;;;;;;;;;;;;;;0
C400;CAVIZZANA;TN;;;;;NO;0*;;;;;;;;;;;;;;;;;;;;;;;;;0
C404;CAVOUR;TO;;;;;NO;0*;;;;;;;;;;;;;;;;;;;;;;;;;0
C405;CAVRIAGO;RE;;;;;NO;0*;;;;;;;;;;;;;;;;;;;;;;;;;0
C406;CAVRIANA;MN;5;27/02/2026;03/03/2026;MODIFICA;SI;0;Esenzione per redditi imponibili fino a euro 10.000,00;,8;Aliquota unica;;;;;;;;;;;;;;;;;;;;;2;10000
C407;CAVRIGLIA;AR;;;;;NO;0*;;;;;;;;;;;;;;;;;;;;;;;;;0
C409;CAZZAGO BRABBIA;VA;20;12/12/2025;16/01/2026;CONFERMA;NO;0,8;Aliquota unica;;;;;;;;;;;;;;;;;;;;;;;1;0
C408;CAZZAGO SAN MARTINO;BS;39;22/12/2025;28/01/2026;MODIFICA;SI;0;Esenzione per redditi imponibili fino a euro 15.000,00;,65;Aliquota unica;;;;;;;;;;;;;;;;;;;;;2;15000
C412;CAZZANO DI TRAMIGNA;VR;31;30/12/2025;16/01/2026;CONFERMA;SI;0;Esenzione per redditi imponibili fino a euro 8.500,00;,8;Aliquota unica;;;;;;;;;;;;;;;;;;;;;2;8500
C410;CAZZANO SANT'ANDREA;BG;35;17/12/2025;03/02/2026;DELIBERA ADOTTATA EX ART. 1, COMMA 751, L. 207/2024;SI;0,3;Applicabile a scaglione di reddito fino a euro 15.000,00;,45;Applicabile a scaglione di reddito da euro 15.000,01 fino a euro 28.000,00;,65;Applicabile a scaglione di reddito da euro 28.000,01 fino a euro 50.000,00;,8;Applicabile a scaglione di reddito oltre euro 50.000,00;0;Esenzione per redditi imponibili fino a euro 8.500,00;;;;;;;;;;;;;;;0;0
C413;CECCANO;FR;33;24/11/2025;02/01/2026;CONFERMA;NO;0,8;Aliquota unica;;;;;;;;;;;;;;;;;;;;;;;1;0
C414;CECIMA;PV;25;15/11/2025;17/08/2026;DELIBERA ADOTTATA EX ART. 1, COMMA 751, L. 207/2024;SI;0,3;Applicabile a scaglione di reddito fino a euro 15.000,00;,4;Applicabile a scaglione di reddito da euro 15.000,01 fino a euro 28.000,00;,5;Applicabile a scaglione di reddito da euro 28.000,01 fino a euro 50.000,00;,6;Applicabile a scaglione di reddito oltre euro 50.000,00;;;;;;;;;;;;;;;;;0;0
C415;CECINA;LI;134;23/12/2025;16/03/2026;CONFERMA;SI;0,59;Applicabile a scaglione di reddito fino a euro 28.000,00;,7;Applicabile a scaglione di reddito da euro 28.000,01 fino a euro 50.000,00;,8;Applicabile a scaglione di reddito oltre euro 50.000,00;;;;;;;;;;;;;;;;;;;3;0
C417;CEDEGOLO;BS;29;30/12/2025;23/01/2026;CONFERMA;SI;0;Esenzione per redditi imponibili fino a euro 15.000,00;,4;Aliquota unica;;;;;;;;;;;;;;;;;;;;;2;15000
C418;CEDRASCO;SO;;;;;NO;0*;;;;;;;;;;;;;;;;;;;;;;;;;0
C420;CEFALA' DIANA;PA;;;;;NO;0*;;;;;;;;;;;;;;;;;;;;;;;;;0
C421;CEFALU';PA;;;;;NO;0*;;;;;;;;;;;;;;;;;;;;;;;;;0
C422;CEGGIA;VE;57;29/12/2025;22/07/2026;CONFERMA;NO;0,8;Aliquota unica;;;;;;;;;;;;;;;;;;;;;;;1;0
C424;CEGLIE MESSAPICA;BR;;;;;NO;0*;;;;;;;;;;;;;;;;;;;;;;;;;0
C426;CELANO;AQ;;;;;NO;0*;;;;;;;;;;;;;;;;;;;;;;;;;0
C428;CELENZA SUL TRIGNO;CH;;;;;NO;0*;;;;;;;;;;;;;;;;;;;;;;;;;0
C429;CELENZA VALFORTORE;FG;;;;;NO;0*;;;;;;;;;;;;;;;;;;;;;;;;;0
C430;CELICO;CS;39;23/12/2025;25/02/2026;CONFERMA;NO;0,6;Aliquota unica;;;;;;;;;;;;;;;;;;;;;;;1;0
C435;CELLA DATI;CR;15;26/11/2025;12/02/2026;CONFERMA;NO;0,6;Aliquota unica;;;;;;;;;;;;;;;;;;;;;;;1;0
C432;CELLA MONTE;AL;;;;;NO;0*;;;;;;;;;;;;;;;;;;;;;;;;;0
C436;CELLAMARE;BA;;;;;NO;0*;;;;;;;;;;;;;;;;;;;;;;;;;0
C437;CELLARA;CS;;;;;NO;0*;;;;;;;;;;;;;;;;;;;;;;;;;0
C438;CELLARENGO;AT;20;23/12/2025;09/06/2026;CONFERMA;NO;0,8;Aliquota unica;;;;;;;;;;;;;;;;;;;;;;;1;0
C439;CELLATICA;BS;;;;;NO;0*;;;;;;;;;;;;;;;;;;;;;;;;;0
C444;CELLE DI BULGHERIA;SA;;;;;NO;0*;;;;;;;;;;;;;;;;;;;;;;;;;0
C441;CELLE DI MACRA;CN;;;;;NO;0*;;;;;;;;;;;;;;;;;;;;;;;;;0
C442;CELLE DI SAN VITO;FG;;;;;NO;0*;;;;;;;;;;;;;;;;;;;;;;;;;0
C440;CELLE ENOMONDO;AT;30;13/12/2025;27/01/2026;CONFERMA;NO;0,6;Aliquota unica;;;;;;;;;;;;;;;;;;;;;;;1;0
C443;CELLE LIGURE;SV;49;18/12/2025;21/01/2026;CONFERMA;SI;0;Esenzione per redditi imponibili fino a euro 14.999,99;,65;Applicabile a scaglione di reddito fino a euro 28.000,00;,75;Applicabile a scaglione di reddito da euro 28.000,01 fino a euro 50.000,00;,8;Applicabile a scaglione di reddito oltre euro 50.000,00;;;;;;;;;;;;;;;;;4;14999,99
C446;CELLENO;VT;50;30/12/2025;15/01/2026;CONFERMA;NO;0,8;Aliquota unica;;;;;;;;;;;;;;;;;;;;;;;1;0
C447;CELLERE;VT;;;;;NO;0*;;;;;;;;;;;;;;;;;;;;;;;;;0
C449;CELLINO ATTANASIO;TE;;;;;NO;0*;;;;;;;;;;;;;;;;;;;;;;;;;0
C448;CELLINO SAN MARCO;BR;;;;;NO;0*;;;;;;;;;;;;;;;;;;;;;;;;;0
M398;CELLIO CON BREIA;VC;;;;;NO;0*;;;;;;;;;;;;;;;;;;;;;;;;;0
M262;CELLOLE;CE;;;;;NO;0*;;;;;;;;;;;;;;;;;;;;;;;;;0
M355;CEMBRA LISIGNAGO;TN;;;;;NO;0*;;;;;;;;;;;;;;;;;;;;;;;;;0
C453;CENADI;CZ;;;;;NO;0*;;;;;;;;;;;;;;;;;;;;;;;;;0
C456;CENATE SOPRA;BG;25;17/12/2025;30/01/2026;CONFERMA;NO;0,5;Aliquota unica;;;;;;;;;;;;;;;;;;;;;;;1;0
C457;CENATE SOTTO;BG;;;;;NO;0*;;;;;;;;;;;;;;;;;;;;;;;;;0
C458;CENCENIGHE AGORDINO;BL;;;;;NO;0*;;;;;;;;;;;;;;;;;;;;;;;;;0
C459;CENE;BG;26;25/11/2025;09/01/2026;CONFERMA;NO;0,65;Aliquota unica;;;;;;;;;;;;;;;;;;;;;;;1;0
C461;CENESELLI;RO;;;;;NO;0*;;;;;;;;;;;;;;;;;;;;;;;;;0
C463;CENGIO;SV;;;;;NO;0*;;;;;;;;;;;;;;;;;;;;;;;;;0
C466;CENTALLO;CN;;;;;NO;0*;;;;;;;;;;;;;;;;;;;;;;;;;0
C469;CENTO;FE;120;29/12/2025;22/01/2026;CONFERMA;NO;0,8;Aliquota unica;;;;;;;;;;;;;;;;;;;;;;;1;0
C470;CENTOLA;SA;;;;;NO;0*;;;;;;;;;;;;;;;;;;;;;;;;;0
C472;CENTRACHE;CZ;;;;;NO;0*;;;;;;;;;;;;;;;;;;;;;;;;;0
M394;CENTRO VALLE INTELVI;CO;;;;;NO;0*;;;;;;;;;;;;;;;;;;;;;;;;;0
C471;CENTURIPE;EN;;;;;NO;0*;;;;;;;;;;;;;;;;;;;;;;;;;0
C474;CEPAGATTI;PE;62;27/11/2025;09/04/2026;CONFERMA;SI;0;Esenzione per redditi imponibili fino a euro 10.000,00;,8;Aliquota unica;;;;;;;;;;;;;;;;;;;;;2;10000
C476;CEPPALONI;BN;35;30/12/2025;07/01/2026;MODIFICA;NO;0,8;Aliquota unica;;;;;;;;;;;;;;;;;;;;;;;1;0
C478;CEPPO MORELLI;VB;;;;;NO;0*;;;;;;;;;;;;;;;;;;;;;;;;;0
C479;CEPRANO;FR;;;;;NO;0*;;;;;;;;;;;;;;;;;;;;;;;;;0
C480;CERAMI;EN;;;;;NO;0*;;;;;;;;;;;;;;;;;;;;;;;;;0
C481;CERANESI;GE;42;16/12/2025;12/08/2026;CONFERMA;SI;0;Esenzione per redditi imponibili fino a euro 10.000,00;,8;Aliquota unica;;;;;;;;;;;;;;;;;;;;;2;10000
C483;CERANO;NO;;;;;NO;0*;;;;;;;;;;;;;;;;;;;;;;;;;0
C482;CERANO D'INTELVI;CO;21;09/12/2025;02/02/2026;CONFERMA;SI;0,7;Applicabile a scaglione di reddito fino a euro 28.000,00;,75;Applicabile a scaglione di reddito da euro 28.000,01 fino a euro 50.000,00;,8;Applicabile a scaglione di reddito oltre euro 50.000,00;;;;;;;;;;;;;;;;;;;3;0
C484;CERANOVA;PV;17;29/12/2025;23/01/2026;CONFERMA;NO;0,8;Aliquota unica;;;;;;;;;;;;;;;;;;;;;;;1;0
C485;CERASO;SA;;;;;NO;0*;;;;;;;;;;;;;;;;;;;;;;;;;0
C486;CERCEMAGGIORE;CB;34;04/11/2025;01/04/2026;CONFERMA;NO;0,4;Aliquota unica;;;;;;;;;;;;;;;;;;;;;;;1;0
C487;CERCENASCO;TO;36;23/12/2025;13/01/2026;CONFERMA;NO;0,6;Aliquota unica;;;;;;;;;;;;;;;;;;;;;;;1;0
C488;CERCEPICCOLA;CB;16;24/10/2025;06/07/2026;CONFERMA;NO;0,8;Aliquota unica;;;;;;;;;;;;;;;;;;;;;;;1;0
C489;CERCHIARA DI CALABRIA;CS;;;;;NO;0*;;;;;;;;;;;;;;;;;;;;;;;;;0
C492;CERCHIO;AQ;;;;;NO;0*;;;;;;;;;;;;;;;;;;;;;;;;;0
C493;CERCINO;SO;25;16/12/2025;07/05/2026;CONFERMA;NO;0,3;Aliquota unica;;;;;;;;;;;;;;;;;;;;;;;1;0
C494;CERCIVENTO;UD;;;;;NO;0*;;;;;;;;;;;;;;;;;;;;;;;;;0
C495;CERCOLA;NA;;;;;NO;0*;;;;;;;;;;;;;;;;;;;;;;;;;0
C496;CERDA;PA;;;;;NO;0*;;;;;;;;;;;;;;;;;;;;;;;;;0
C498;CEREA;VR;;;;;NO;0*;;;;;;;;;;;;;;;;;;;;;;;;;0
C500;CEREGNANO;RO;58;29/12/2025;07/01/2026;CONFERMA;SI;0;Esenzione per redditi imponibili fino a euro 12.500,00;,8;Aliquota unica;;;;;;;;;;;;;;;;;;;;;2;12500
C501;CERENZIA;KR;;;;;NO;0*;;;;;;;;;;;;;;;;;;;;;;;;;0
C497;CERES;TO;;;;;NO;0*;;;;;;;;;;;;;;;;;;;;;;;;;0
C502;CERESARA;MN;36;17/12/2025;15/01/2026;CONFERMA;SI;0;Esenzione per redditi imponibili fino a euro 18.000,00;,5;Applicabile a scaglione di reddito fino a euro 28.000,00;,6;Applicabile a scaglione di reddito da euro 28.000,01 fino a euro 50.000,00;,7;Applicabile a scaglione di reddito oltre euro 50.000,00;;;;;;;;;;;;;;;;;4;18000
C503;CERESETO;AL;;;;;NO;0*;;;;;;;;;;;;;;;;;;;;;;;;;0
C504;CERESOLE ALBA;CN;41;11/12/2025;14/01/2026;CONFERMA;NO;0,55;Aliquota unica;;;;;;;;;;;;;;;;;;;;;;;1;0
C505;CERESOLE REALE;TO;;;;;NO;0*;;;;;;;;;;;;;;;;;;;;;;;;;0
C506;CERETE;BG;38;20/12/2025;22/01/2026;CONFERMA;NO;0,8;Aliquota unica;;;;;;;;;;;;;;;;;;;;;;;1;0
C508;CERETTO LOMELLINA;PV;18;17/12/2025;09/01/2026;CONFERMA;NO;0,8;Aliquota unica;;;;;;;;;;;;;;;;;;;;;;;1;0
C509;CERGNAGO;PV;;;;;NO;0*;;;;;;;;;;;;;;;;;;;;;;;;;0
C510;CERIALE;SV;45;21/10/2025;09/01/2026;CONFERMA;NO;0,4;Aliquota unica;;;;;;;;;;;;;;;;;;;;;;;1;0
C511;CERIANA;IM;28;18/12/2025;22/01/2026;CONFERMA;NO;0,8;Aliquota unica;;;;;;;;;;;;;;;;;;;;;;;1;0
C512;CERIANO LAGHETTO;MB;4;07/02/2026;07/05/2026;MODIFICA;SI;0;Esenzione per redditi imponibili fino a euro 18.000,00;,8;Aliquota unica;;;;;;;;;;;;;;;;;;;;;2;18000
C513;CERIGNALE;PC;24;27/12/2025;15/01/2026;CONFERMA;NO;0,8;Aliquota unica;;;;;;;;;;;;;;;;;;;;;;;1;0
C514;CERIGNOLA;FG;7;13/03/2026;15/04/2026;CONFERMA;NO;0,5;Aliquota unica;;;;;;;;;;;;;;;;;;;;;;;1;0
C515;CERISANO;CS;;;;;NO;0*;;;;;;;;;;;;;;;;;;;;;;;;;0
C516;CERMENATE;CO;;;;;NO;0*;;;;;;;;;;;;;;;;;;;;;;;;;0
A022;CERMES;BZ;;;;;NO;0*;;;;;;;;;;;;;;;;;;;;;;;;;0
C517;CERMIGNANO;TE;;;;;NO;0*;;;;;;;;;;;;;;;;;;;;;;;;;0
C520;CERNOBBIO;CO;65;09/12/2025;29/01/2026;CONFERMA;SI;0;Esenzione per redditi imponibili fino a euro 20.000,00;,3;Applicabile a scaglione di reddito fino a euro 28.000,00;,4;Applicabile a scaglione di reddito da euro 28.000,01 fino a euro 50.000,00;,75;Applicabile a scaglione di reddito oltre euro 50.000,00;;;;;;;;;;;;;;;;;4;20000
C521;CERNUSCO LOMBARDONE;LC;;;;;NO;0*;;;;;;;;;;;;;;;;;;;;;;;;;0
C523;CERNUSCO SUL NAVIGLIO;MI;89;17/12/2025;25/03/2026;CONFERMA;SI;0;Esenzione per redditi imponibili fino a euro 15.000,00;,7;Aliquota unica;;;;;;;;;;;;;;;;;;;;;2;15000
C528;CERRETO D'ASTI;AT;;;;;NO;0*;;;;;;;;;;;;;;;;;;;;;;;;;0
C524;CERRETO D'ESI;AN;34;25/11/2025;19/01/2026;CONFERMA;NO;0,8;Aliquota unica;;;;;;;;;;;;;;;;;;;;;;;1;0
C527;CERRETO DI SPOLETO;PG;40;26/11/2025;29/01/2026;MODIFICA;SI;0;Esenzione per redditi imponibili fino a euro 15.000,00;,65;Applicabile a scaglione di reddito fino a euro 28.000,00;,75;Applicabile a scaglione di reddito da euro 28.000,01 fino a euro 50.000,00;,8;Applicabile a scaglione di reddito oltre euro 50.000,00;;;;;;;;;;;;;;;;;4;15000
C507;CERRETO GRUE;AL;;;;;NO;0*;;;;;;;;;;;;;;;;;;;;;;;;;0
C529;CERRETO GUIDI;FI;;;;;NO;0*;;;;;;;;;;;;;;;;;;;;;;;;;0
C518;CERRETO LAZIALE;RM;24;17/12/2025;28/07/2026;CONFERMA;NO;0,8;Aliquota unica;;;;;;;;;;;;;;;;;;;;;;;1;0
C525;CERRETO SANNITA;BN;;;;;NO;0*;;;;;;;;;;;;;;;;;;;;;;;;;0
C530;CERRETTO LANGHE;CN;;;;;NO;0*;;;;;;;;;;;;;;;;;;;;;;;;;0
C531;CERRINA MONFERRATO;AL;;;;;NO;0*;;;;;;;;;;;;;;;;;;;;;;;;;0
C532;CERRIONE;BI;43;22/12/2025;19/02/2026;MODIFICA;SI;0;Esenzione per redditi imponibili fino a euro 15.000,00;,7;Aliquota unica;;;;;;;;;;;;;;;;;;;;;2;15000
C536;CERRO AL LAMBRO;MI;5;09/03/2026;23/03/2026;MODIFICA;SI;0;Esenzione per redditi imponibili fino a euro 18.000,00;,8;Aliquota unica;;;;;;;;;;;;;;;;;;;;;2;18000
C534;CERRO AL VOLTURNO;IS;;;;;NO;0*;;;;;;;;;;;;;;;;;;;;;;;;;0
C537;CERRO MAGGIORE;MI;;;;;NO;0*;;;;;;;;;;;;;;;;;;;;;;;;;0
C533;CERRO TANARO;AT;;;;;NO;0*;;;;;;;;;;;;;;;;;;;;;;;;;0
C538;CERRO VERONESE;VR;;;;;NO;0*;;;;;;;;;;;;;;;;;;;;;;;;;0
C539;CERSOSIMO;PZ;;;;;NO;0*;;;;;;;;;;;;;;;;;;;;;;;;;0
C540;CERTALDO;FI;64;20/12/2025;09/01/2026;DELIBERA ADOTTATA EX ART. 1, COMMA 751, L. 207/2024;SI;0,6;Applicabile a scaglione di reddito fino a euro 15.000,00;,73;Applicabile a scaglione di reddito da euro 15.000,01 fino a euro 28.000,00;,79;Applicabile a scaglione di reddito da euro 28.000,01 fino a euro 50.000,00;,8;Applicabile a scaglione di reddito oltre euro 50.000,00;0;Esenzione per redditi imponibili fino a euro 11.500,00;;;;;;;;;;;;;;;0;0
C541;CERTOSA DI PAVIA;PV;33;17/12/2025;02/04/2026;DELIBERA ADOTTATA EX ART. 1, COMMA 751, L. 207/2024;SI;0,45;Applicabile a scaglione di reddito fino a euro 15.000,00;,55;Applicabile a scaglione di reddito da euro 15.000,01 fino a euro 28.000,00;,79;Applicabile a scaglione di reddito da euro 28.000,01 fino a euro 50.000,00;,8;Applicabile a scaglione di reddito oltre euro 50.000,00;0;Esenzione per redditi imponibili fino a euro 15.000,00;;;;;;;;;;;;;;;0;0
C542;CERVA;CZ;;;;;NO;0*;;;;;;;;;;;;;;;;;;;;;;;;;0
C543;CERVARA DI ROMA;RM;32;23/12/2025;23/01/2026;MODIFICA;NO;0,65;Aliquota unica;;;;;;;;;;;;;;;;;;;;;;;1;0
C544;CERVARESE SANTA CROCE;PD;32;22/12/2025;13/03/2026;CONFERMA;SI;0;Esenzione per redditi imponibili fino a euro 9.000,00;,8;Aliquota unica;;;;;;;;;;;;;;;;;;;;;2;9000
C545;CERVARO;FR;;;;;NO;0*;;;;;;;;;;;;;;;;;;;;;;;;;0
C547;CERVASCA;CN;31;15/12/2025;14/01/2026;CONFERMA;SI;0;Esenzione per redditi imponibili fino a euro 42.000,00;,64;Applicabile a scaglione di reddito fino a euro 28.000,00;,78;Applicabile a scaglione di reddito da euro 28.000,01 fino a euro 50.000,00;,8;Applicabile a scaglione di reddito oltre euro 50.000,00;;;;;;;;;;;;;;;;;4;42000
C548;CERVATTO;VC;;;;;NO;0*;;;;;;;;;;;;;;;;;;;;;;;;;0
C549;CERVENO;BS;;;;;NO;0*;;;;;;;;;;;;;;;;;;;;;;;;;0
C550;CERVERE;CN;39;23/12/2025;08/01/2026;CONFERMA;SI;0;Esenzione per redditi imponibili fino a euro 10.000,00;,8;Aliquota unica;;;;;;;;;;;;;;;;;;;;;2;10000
C551;CERVESINA;PV;;;;;NO;0*;;;;;;;;;;;;;;;;;;;;;;;;;0
C552;CERVETERI;RM;;;;;NO;0*;;;;;;;;;;;;;;;;;;;;;;;;;0
C553;CERVIA;RA;;;;;NO;0*;;;;;;;;;;;;;;;;;;;;;;;;;0
C554;CERVICATI;CS;;;;;NO;0*;;;;;;;;;;;;;;;;;;;;;;;;;0
C555;CERVIGNANO D'ADDA;LO;36;27/11/2025;16/03/2026;CONFERMA;SI;0;Esenzione per redditi imponibili fino a euro 10.000,00;,8;Aliquota unica;;;;;;;;;;;;;;;;;;;;;2;10000
C556;CERVIGNANO DEL FRIULI;UD;;;;;NO;0*;;;;;;;;;;;;;;;;;;;;;;;;;0
C557;CERVINARA;AV;;;;;NO;0*;;;;;;;;;;;;;;;;;;;;;;;;;0
C558;CERVINO;CE;;;;;NO;0*;;;;;;;;;;;;;;;;;;;;;;;;;0
C559;CERVO;IM;48;27/12/2025;02/03/2026;MODIFICA;SI;0,58;Applicabile a scaglione di reddito fino a euro 28.000,00;,62;Applicabile a scaglione di reddito da euro 28.000,01 fino a euro 50.000,00;,7;Applicabile a scaglione di reddito oltre euro 50.000,00;;;;;;;;;;;;;;;;;;;3;0
C560;CERZETO;CS;;;;;NO;0*;;;;;;;;;;;;;;;;;;;;;;;;;0
C561;CESA;CE;66;15/12/2025;18/02/2026;CONFERMA;SI;0;Esenzione per redditi imponibili fino a euro 15.000,00;,2;Applicabile a scaglione di reddito fino a euro 28.000,00;,6;Applicabile a scaglione di reddito da euro 28.000,01 fino a euro 50.000,00;,8;Applicabile a scaglione di reddito oltre euro 50.000,00;;;;;;;;;;;;;;;;;4;15000
C563;CESANA BRIANZA;LC;40;20/12/2025;12/01/2026;CONFERMA;SI;0;Esenzione per redditi imponibili fino a euro 15.000,00;,35;Aliquota unica;;;;;;;;;;;;;;;;;;;;;2;15000
C564;CESANA TORINESE;TO;;;;;NO;0*;;;;;;;;;;;;;;;;;;;;;;;;;0
C565;CESANO BOSCONE;MI;;;;;NO;0*;;;;;;;;;;;;;;;;;;;;;;;;;0
C566;CESANO MADERNO;MB;;;;;NO;0*;;;;;;;;;;;;;;;;;;;;;;;;;0
C567;CESARA;VB;19;10/12/2025;08/01/2026;DELIBERA ADOTTATA EX ART. 1, COMMA 751, L. 207/2024;SI;0,4;Applicabile a scaglione di reddito fino a euro 15.000,00;,5;Applicabile a scaglione di reddito da euro 15.000,01 fino a euro 28.000,00;,6;Applicabile a scaglione di reddito da euro 28.000,01 fino a euro 50.000,00;,8;Applicabile a scaglione di reddito oltre euro 50.000,00;0;Esenzione per redditi imponibili fino a euro 12.000,00;;;;;;;;;;;;;;;0;0
C568;CESARO';ME;;;;;NO;0*;;;;;;;;;;;;;;;;;;;;;;;;;0
C569;CESATE;MI;33;19/12/2025;11/02/2026;CONFERMA;SI;0;Esenzione per redditi imponibili fino a euro 12.000,00;,75;Aliquota unica;;;;;;;;;;;;;;;;;;;;;2;12000
C573;CESENA;FC;;;;;NO;0*;;;;;;;;;;;;;;;;;;;;;;;;;0
C574;CESENATICO;FC;69;18/12/2025;15/01/2026;DELIBERA ADOTTATA EX ART. 1, COMMA 751, L. 207/2024;SI;0,6;Applicabile a scaglione di reddito fino a euro 15.000,00;,65;Applicabile a scaglione di reddito da euro 15.000,01 fino a euro 28.000,00;,75;Applicabile a scaglione di reddito da euro 28.000,01 fino a euro 50.000,00;,8;Applicabile a scaglione di reddito oltre euro 50.000,00;0;Esenzione per redditi imponibili fino a euro 7.500,00;;;;;;;;;;;;;;;0;0
C576;CESINALI;AV;3;11/02/2026;16/03/2026;MODIFICA;NO;0,8;Aliquota unica;;;;;;;;;;;;;;;;;;;;;;;1;0
C578;CESIO;IM;21;29/12/2025;09/01/2026;CONFERMA;NO;0,8;Aliquota unica;;;;;;;;;;;;;;;;;;;;;;;1;0
C577;CESIOMAGGIORE;BL;;;;;NO;0*;;;;;;;;;;;;;;;;;;;;;;;;;0
C580;CESSALTO;TV;;;;;NO;0*;;;;;;;;;;;;;;;;;;;;;;;;;0
C581;CESSANITI;VV;;;;;NO;0*;;;;;;;;;;;;;;;;;;;;;;;;;0
C582;CESSAPALOMBO;MC;42;30/12/2025;18/05/2026;CONFERMA;NO;0,7;Aliquota unica;;;;;;;;;;;;;;;;;;;;;;;1;0
C583;CESSOLE;AT;21;17/12/2025;16/01/2026;CONFERMA;NO;0,4;Aliquota unica;;;;;;;;;;;;;;;;;;;;;;;1;0
C584;CETARA;SA;44;23/10/2025;20/07/2026;CONFERMA;SI;0,6;Applicabile a scaglione di reddito fino a euro 28.000,00;,65;Applicabile a scaglione di reddito da euro 28.000,01 fino a euro 50.000,00;,7;Applicabile a scaglione di reddito oltre euro 50.000,00;;;;;;;;;;;;;;;;;;;3;0
C585;CETO;BS;;;;;NO;0*;;;;;;;;;;;;;;;;;;;;;;;;;0
C587;CETONA;SI;61;18/12/2025;09/01/2026;DELIBERA ADOTTATA EX ART. 1, COMMA 751, L. 207/2024;SI;0,58;Applicabile a scaglione di reddito fino a euro 15.000,00;,6;Applicabile a scaglione di reddito da euro 15.000,01 fino a euro 28.000,00;,63;Applicabile a scaglione di reddito da euro 28.000,01 fino a euro 50.000,00 ;,75;Applicabile a scaglione di reddito oltre euro 50.000,00;0;Esenzione per redditi imponibili fino a euro 9.500,00;;;;;;;;;;;;;;;0;0
C588;CETRARO;CS;;;;;NO;0*;;;;;;;;;;;;;;;;;;;;;;;;;0
C589;CEVA;CN;;;;;NO;0*;;;;;;;;;;;;;;;;;;;;;;;;;0
C591;CEVO;BS;28;18/12/2025;15/06/2026;CONFERMA;NO;0,4;Aliquota unica;;;;;;;;;;;;;;;;;;;;;;;1;0
C593;CHALLAND-SAINT-ANSELME;AO;;;;;NO;0*;;;;;;;;;;;;;;;;;;;;;;;;;0
C594;CHALLAND-SAINT-VICTOR;AO;;;;;NO;0*;;;;;;;;;;;;;;;;;;;;;;;;;0
C595;CHAMBAVE;AO;;;;;NO;0*;;;;;;;;;;;;;;;;;;;;;;;;;0
B491;CHAMOIS;AO;;;;;NO;0*;;;;;;;;;;;;;;;;;;;;;;;;;0
C596;CHAMPDEPRAZ;AO;;;;;NO;0*;;;;;;;;;;;;;;;;;;;;;;;;;0
B540;CHAMPORCHER;AO;;;;;NO;0*;;;;;;;;;;;;;;;;;;;;;;;;;0
C598;CHARVENSOD;AO;;;;;NO;0*;;;;;;;;;;;;;;;;;;;;;;;;;0
C294;CHATILLON;AO;;;;;NO;0*;;;;;;;;;;;;;;;;;;;;;;;;;0
C599;CHERASCO;CN;;;;;NO;0*;;;;;;;;;;;;;;;;;;;;;;;;;0
C600;CHEREMULE;SS;;;;;NO;0*;;;;;;;;;;;;;;;;;;;;;;;;;0
C604;CHIALAMBERTO;TO;27;05/12/2025;08/01/2026;CONFERMA;NO;0,6;Aliquota unica;;;;;;;;;;;;;;;;;;;;;;;1;0
C605;CHIAMPO;VI;;;;;NO;0*;;;;;;;;;;;;;;;;;;;;;;;;;0
C606;CHIANCHE;AV;26;22/12/2025;12/01/2026;DELIBERA ADOTTATA EX ART. 1, COMMA 751, L. 207/2024;SI;0,3;Applicabile a scaglione di reddito fino a euro 15.000,00;,3;Applicabile a scaglione di reddito da euro 15.000,01 fino a euro 28.000,00;,6;Applicabile a scaglione di reddito da euro 28.000,01 fino a euro 50.000,00;,8;Applicabile a SCAGLIONE OLTRE 50.000,00;0;Esenzione per redditi imponibili fino a euro 12.000,00;;;;;;;;;;;;;;;0;0
C608;CHIANCIANO TERME;SI;81;23/12/2025;15/01/2026;CONFERMA;SI;0;Esenzione per redditi imponibili fino a euro 10.333,00;,8;Aliquota unica;;;;;;;;;;;;;;;;;;;;;2;10333
C609;CHIANNI;PI;;;;;NO;0*;;;;;;;;;;;;;;;;;;;;;;;;;0
C610;CHIANOCCO;TO;;;;;NO;0*;;;;;;;;;;;;;;;;;;;;;;;;;0
C612;CHIARAMONTE GULFI;RG;;;;;NO;0*;;;;;;;;;;;;;;;;;;;;;;;;;0
C613;CHIARAMONTI;SS;;;;;NO;0*;;;;;;;;;;;;;;;;;;;;;;;;;0
C614;CHIARANO;TV;;;;;NO;0*;;;;;;;;;;;;;;;;;;;;;;;;;0
C615;CHIARAVALLE;AN;55;17/12/2025;07/01/2026;MODIFICA;SI;0;Esenzione per redditi imponibili fino a euro 12.000,00;,75;Applicabile a scaglione di reddito fino a euro 28.000,00;,8;Applicabile a scaglione di reddito da euro 28.000,01 fino a euro 50.000,00;,8;Applicabile a scaglione di reddito oltre euro 50.000,00;;;;;;;;;;;;;;;;;4;12000
C616;CHIARAVALLE CENTRALE;CZ;;;;;NO;0*;;;;;;;;;;;;;;;;;;;;;;;;;0
C618;CHIARI;BS;;;;;NO;0*;;;;;;;;;;;;;;;;;;;;;;;;;0
C619;CHIAROMONTE;PZ;34;17/11/2025;23/01/2026;CONFERMA;NO;0,8;Aliquota unica;;;;;;;;;;;;;;;;;;;;;;;1;0
C620;CHIAUCI;IS;;;;;NO;0*;;;;;;;;;;;;;;;;;;;;;;;;;0
C621;CHIAVARI;GE;;;;;NO;0*;;;;;;;;;;;;;;;;;;;;;;;;;0
C623;CHIAVENNA;SO;41;22/12/2025;02/03/2026;CONFERMA;SI;0;Esenzione per redditi imponibili fino a euro 10.000,00;,6;Aliquota unica;;;;;;;;;;;;;;;;;;;;;2;10000
C624;CHIAVERANO;TO;;;;;NO;0*;;;;;;;;;;;;;;;;;;;;;;;;;0
C625;CHIENES;BZ;;;;;NO;0*;;;;;;;;;;;;;;;;;;;;;;;;;0
C627;CHIERI;TO;;;;;NO;0*;;;;;;;;;;;;;;;;;;;;;;;;;0
C630;CHIES D'ALPAGO;BL;;;;;NO;0*;;;;;;;;;;;;;;;;;;;;;;;;;0
C628;CHIESA IN VALMALENCO;SO;1;24/02/2026;04/03/2026;CONFERMA;NO;0,5;Aliquota unica;;;;;;;;;;;;;;;;;;;;;;;1;0
C629;CHIESANUOVA;TO;;;;;NO;0*;;;;;;;;;;;;;;;;;;;;;;;;;0
C631;CHIESINA UZZANESE;PT;;;;;NO;0*;;;;;;;;;;;;;;;;;;;;;;;;;0
C632;CHIETI;CH;;;;;NO;0*;;;;;;;;;;;;;;;;;;;;;;;;;0
C633;CHIEUTI;FG;52;25/11/2025;16/01/2026;CONFERMA;NO;0,8;Aliquota unica;;;;;;;;;;;;;;;;;;;;;;;1;0
C634;CHIEVE;CR;44;23/12/2025;13/05/2026;CONFERMA;NO;0,7;Aliquota unica;;;;;;;;;;;;;;;;;;;;;;;1;0
C635;CHIGNOLO D'ISOLA;BG;;;;;NO;0*;;;;;;;;;;;;;;;;;;;;;;;;;0
C637;CHIGNOLO PO;PV;;;;;NO;0*;;;;;;;;;;;;;;;;;;;;;;;;;0
C638;CHIOGGIA;VE;;;;;NO;0*;;;;;;;;;;;;;;;;;;;;;;;;;0
C639;CHIOMONTE;TO;;;;;NO;0*;;;;;;;;;;;;;;;;;;;;;;;;;0
C640;CHIONS;PN;;;;;NO;0*;;;;;;;;;;;;;;;;;;;;;;;;;0
C641;CHIOPRIS-VISCONE;UD;;;;;NO;0*;;;;;;;;;;;;;;;;;;;;;;;;;0
C648;CHITIGNANO;AR;36;17/12/2025;09/01/2026;CONFERMA;NO;0,8;Aliquota unica;;;;;;;;;;;;;;;;;;;;;;;1;0
C649;CHIUDUNO;BG;;;;;NO;0*;;;;;;;;;;;;;;;;;;;;;;;;;0
C650;CHIUPPANO;VI;23;22/12/2025;20/02/2026;CONFERMA;NO;0,8;Aliquota unica;;;;;;;;;;;;;;;;;;;;;;;1;0
C651;CHIURO;SO;33;29/12/2025;07/04/2026;CONFERMA;SI;0;Esenzione per redditi imponibili fino a euro 10.000,00;,8;Aliquota unica;;;;;;;;;;;;;;;;;;;;;2;10000
C652;CHIUSA;BZ;;;;;NO;0*;;;;;;;;;;;;;;;;;;;;;;;;;0
C653;CHIUSA DI PESIO;CN;37;29/12/2025;08/01/2026;CONFERMA;NO;0,7;Aliquota unica;;;;;;;;;;;;;;;;;;;;;;;1;0
C655;CHIUSA DI SAN MICHELE;TO;;;;;NO;0*;;;;;;;;;;;;;;;;;;;;;;;;;0
C654;CHIUSA SCLAFANI;PA;;;;;NO;0*;;;;;;;;;;;;;;;;;;;;;;;;;0
C656;CHIUSAFORTE;UD;;;;;NO;0*;;;;;;;;;;;;;;;;;;;;;;;;;0
C657;CHIUSANICO;IM;;;;;NO;0*;;;;;;;;;;;;;;;;;;;;;;;;;0
C658;CHIUSANO D'ASTI;AT;;;;;NO;0*;;;;;;;;;;;;;;;;;;;;;;;;;0
C659;CHIUSANO DI SAN DOMENICO;AV;;;;;NO;0*;;;;;;;;;;;;;;;;;;;;;;;;;0
C660;CHIUSAVECCHIA;IM;24;18/12/2025;09/01/2026;CONFERMA;NO;0,8;Aliquota unica;;;;;;;;;;;;;;;;;;;;;;;1;0
C661;CHIUSDINO;SI;;;;;NO;0*;;;;;;;;;;;;;;;;;;;;;;;;;0
C662;CHIUSI;SI;;;;;NO;0*;;;;;;;;;;;;;;;;;;;;;;;;;0
C663;CHIUSI DELLA VERNA;AR;39;23/12/2025;22/01/2026;CONFERMA;NO;0,8;Aliquota unica;;;;;;;;;;;;;;;;;;;;;;;1;0
C665;CHIVASSO;TO;;;;;NO;0*;;;;;;;;;;;;;;;;;;;;;;;;;0
M272;CIAMPINO;RM;97;27/11/2025;07/01/2026;CONFERMA;NO;0,8;Aliquota unica;;;;;;;;;;;;;;;;;;;;;;;1;0
C668;CIANCIANA;AG;;;;;NO;0*;;;;;;;;;;;;;;;;;;;;;;;;;0
C672;CIBIANA DI CADORE;BL;;;;;NO;0*;;;;;;;;;;;;;;;;;;;;;;;;;0
C673;CICAGNA;GE;27;29/12/2025;05/05/2026;CONFERMA;NO;0,8;Aliquota unica;;;;;;;;;;;;;;;;;;;;;;;1;0
C674;CICALA;CZ;;;;;NO;0*;;;;;;;;;;;;;;;;;;;;;;;;;0
C675;CICCIANO;NA;;;;;NO;0*;;;;;;;;;;;;;;;;;;;;;;;;;0
C676;CICERALE;SA;;;;;NO;0*;;;;;;;;;;;;;;;;;;;;;;;;;0
C677;CICILIANO;RM;;;;;NO;0*;;;;;;;;;;;;;;;;;;;;;;;;;0
C678;CICOGNOLO;CR;22;20/12/2025;22/01/2026;CONFERMA;NO;0,8;Aliquota unica;;;;;;;;;;;;;;;;;;;;;;;1;0
C679;CICONIO;TO;25;23/12/2025;20/01/2026;CONFERMA;NO;0,8;Aliquota unica;;;;;;;;;;;;;;;;;;;;;;;1;0
C680;CIGLIANO;VC;;;;;NO;0*;;;;;;;;;;;;;;;;;;;;;;;;;0
C681;CIGLIE';CN;24;15/12/2025;24/02/2026;CONFERMA;NO;0,5;Aliquota unica;;;;;;;;;;;;;;;;;;;;;;;1;0
C684;CIGOGNOLA;PV;;;;;NO;0*;;;;;;;;;;;;;;;;;;;;;;;;;0
C685;CIGOLE;BS;;;;;NO;0*;;;;;;;;;;;;;;;;;;;;;;;;;0
C686;CILAVEGNA;PV;28;30/12/2025;23/02/2026;CONFERMA;SI;0;Esenzione per redditi imponibili fino a euro 9.999,99;,8;Aliquota unica;;;;;;;;;;;;;;;;;;;;;2;9999,99
C689;CIMADOLMO;TV;;;;;NO;0*;;;;;;;;;;;;;;;;;;;;;;;;;0
C691;CIMBERGO;BS;;;;;NO;0*;;;;;;;;;;;;;;;;;;;;;;;;;0
C695;CIMINA';RC;;;;;NO;0*;;;;;;;;;;;;;;;;;;;;;;;;;0
C696;CIMINNA;PA;;;;;NO;0*;;;;;;;;;;;;;;;;;;;;;;;;;0
C697;CIMITILE;NA;;;;;NO;0*;;;;;;;;;;;;;;;;;;;;;;;;;0
C699;CIMOLAIS;PN;;;;;NO;0*;;;;;;;;;;;;;;;;;;;;;;;;;0
C700;CIMONE;TN;;;;;NO;0*;;;;;;;;;;;;;;;;;;;;;;;;;0
C701;CINAGLIO;AT;26;18/12/2025;09/03/2026;CONFERMA;NO;0,65;Aliquota unica;;;;;;;;;;;;;;;;;;;;;;;1;0
C702;CINETO ROMANO;RM;23;09/12/2025;12/01/2026;CONFERMA;NO;0,6;Aliquota unica;;;;;;;;;;;;;;;;;;;;;;;1;0
C703;CINGIA DE' BOTTI;CR;39;29/12/2025;22/01/2026;CONFERMA;NO;0,65;Aliquota unica;;;;;;;;;;;;;;;;;;;;;;;1;0
C704;CINGOLI;MC;;;;;NO;0*;;;;;;;;;;;;;;;;;;;;;;;;;0
C705;CINIGIANO;GR;59;22/12/2025;02/01/2026;MODIFICA;NO;0,8;Aliquota unica;;;;;;;;;;;;;;;;;;;;;;;1;0
C707;CINISELLO BALSAMO;MI;;;;;NO;0*;;;;;;;;;;;;;;;;;;;;;;;;;0
C708;CINISI;PA;;;;;NO;0*;;;;;;;;;;;;;;;;;;;;;;;;;0
C709;CINO;SO;;;;;NO;0*;;;;;;;;;;;;;;;;;;;;;;;;;0
C710;CINQUEFRONDI;RC;;;;;NO;0*;;;;;;;;;;;;;;;;;;;;;;;;;0
C711;CINTANO;TO;29;22/12/2025;30/07/2026;CONFERMA;SI;0,4;Applicabile a scaglione di reddito fino a euro 28.000,00;,5;Applicabile a scaglione di reddito da euro 28.000,01 fino a euro 50.000,00;,6;Applicabile a scaglione di reddito oltre euro 50.000,00;;;;;;;;;;;;;;;;;;;3;0
C712;CINTE TESINO;TN;;;;;NO;0*;;;;;;;;;;;;;;;;;;;;;;;;;0
C714;CINTO CAOMAGGIORE;VE;;;;;NO;0*;;;;;;;;;;;;;;;;;;;;;;;;;0
C713;CINTO EUGANEO;PD;39;30/12/2025;30/01/2026;MODIFICA;NO;0,8;Aliquota unica;;;;;;;;;;;;;;;;;;;;;;;1;0
C715;CINZANO;TO;;;;;NO;0*;;;;;;;;;;;;;;;;;;;;;;;;;0
C716;CIORLANO;CE;;;;;NO;0*;;;;;;;;;;;;;;;;;;;;;;;;;0
C718;CIPRESSA;IM;41;29/12/2025;16/01/2026;CONFERMA;NO;0,6;Aliquota unica;;;;;;;;;;;;;;;;;;;;;;;1;0
C719;CIRCELLO;BN;18;19/12/2025;30/03/2026;CONFERMA;NO;0,8;Aliquota unica;;;;;;;;;;;;;;;;;;;;;;;1;0
C722;CIRIE';TO;;;;;NO;0*;;;;;;;;;;;;;;;;;;;;;;;;;0
C723;CIRIGLIANO;MT;;;;;NO;0*;;;;;;;;;;;;;;;;;;;;;;;;;0
C724;CIRIMIDO;CO;41;17/12/2025;01/04/2026;CONFERMA;NO;0,8;Aliquota unica;;;;;;;;;;;;;;;;;;;;;;;1;0
C725;CIRO';KR;;;;;NO;0*;;;;;;;;;;;;;;;;;;;;;;;;;0
C726;CIRO' MARINA;KR;;;;;NO;0*;;;;;;;;;;;;;;;;;;;;;;;;;0
C727;CIS;TN;;;;;NO;0*;;;;;;;;;;;;;;;;;;;;;;;;;0
C728;CISANO BERGAMASCO;BG;46;29/12/2025;10/02/2026;CONFERMA;NO;0,8;Aliquota unica;;;;;;;;;;;;;;;;;;;;;;;1;0
C729;CISANO SUL NEVA;SV;;;;;NO;0*;;;;;;;;;;;;;;;;;;;;;;;;;0
C730;CISERANO;BG;;;;;NO;0*;;;;;;;;;;;;;;;;;;;;;;;;;0
C732;CISLAGO;VA;42;18/12/2025;10/02/2026;DELIBERA ADOTTATA EX ART. 1, COMMA 751, L. 207/2024;SI;0,45;Applicabile a scaglione di reddito fino a euro 15.000,00;,64;Applicabile a scaglione di reddito da euro 15.000,01 fino a euro 28.000,00;,79;Applicabile a scaglione di reddito da euro 28.000,01 fino a euro 50.000,00;,8;Applicabile a scaglione di reddito oltre euro 50.000,00 ;0;Esenzione per redditi imponibili fino a euro 15.000,00;;;;;;;;;;;;;;;0;0
C733;CISLIANO;MI;26;15/12/2025;02/01/2026;CONFERMA;SI;0;Esenzione per redditi imponibili fino a euro 10.000,00;,8;Aliquota unica;;;;;;;;;;;;;;;;;;;;;2;10000
C735;CISON DI VALMARINO;TV;;;;;NO;0*;;;;;;;;;;;;;;;;;;;;;;;;;0
C738;CISSONE;CN;19;09/12/2025;28/01/2026;MODIFICA;NO;0,5;Aliquota unica;;;;;;;;;;;;;;;;;;;;;;;1;0
C739;CISTERNA D'ASTI;AT;;;;;NO;0*;;;;;;;;;;;;;;;;;;;;;;;;;0
C740;CISTERNA DI LATINA;LT;;;;;NO;0*;;;;;;;;;;;;;;;;;;;;;;;;;0
C741;CISTERNINO;BR;61;14/11/2025;10/02/2026;CONFERMA;NO;0,8;Aliquota unica;;;;;;;;;;;;;;;;;;;;;;;1;0
C742;CITERNA;PG;;;;;NO;0*;;;;;;;;;;;;;;;;;;;;;;;;;0
C744;CITTA' DELLA PIEVE;PG;;;;;NO;0*;;;;;;;;;;;;;;;;;;;;;;;;;0
C745;CITTA' DI CASTELLO;PG;;;;;NO;0*;;;;;;;;;;;;;;;;;;;;;;;;;0
C750;CITTA' SANT'ANGELO;PE;57;22/12/2025;18/02/2026;CONFERMA;SI;0;Esenzione per redditi imponibili fino a euro 10.000,00;,8;Aliquota unica;;;;;;;;;;;;;;;;;;;;;2;10000
C743;CITTADELLA;PD;;;;;NO;0*;;;;;;;;;;;;;;;;;;;;;;;;;0
C746;CITTADUCALE;RI;;;;;NO;0*;;;;;;;;;;;;;;;;;;;;;;;;;0
C747;CITTANOVA;RC;;;;;NO;0*;;;;;;;;;;;;;;;;;;;;;;;;;0
C749;CITTAREALE;RI;;;;;NO;0*;;;;;;;;;;;;;;;;;;;;;;;;;0
C751;CITTIGLIO;VA;22;17/12/2025;28/01/2026;CONFERMA;SI;0;Esenzione per redditi imponibili fino a euro 15.000,00;,76;Applicabile a scaglione di reddito fino a euro 28.000,00;,78;Applicabile a scaglione di reddito da euro 28.000,01 fino a euro 50.000,00;,8;Applicabile a scaglione di reddito oltre euro 50.000,00;;;;;;;;;;;;;;;;;4;15000
C752;CIVATE;LC;31;29/11/2025;02/01/2026;DELIBERA ADOTTATA EX ART. 1, COMMA 751, L. 207/2024;SI;0,4;Applicabile a scaglione di reddito fino a euro 15.000,00;,48;Applicabile a scaglione di reddito da euro 15.000,01 fino a euro 28.000,00;,65;Applicabile a scaglione di reddito da euro 28.000,01 fino a euro 50.000,00;,8;Applicabile a scaglione di reddito oltre euro 50.000,00;0;Esenzione per redditi imponibili fino a euro 15.000,00;;;;;;;;;;;;;;;0;0
C755;CIVEZZA;IM;;;;;NO;0*;;;;;;;;;;;;;;;;;;;;;;;;;0
C756;CIVEZZANO;TN;;;;;NO;0*;;;;;;;;;;;;;;;;;;;;;;;;;0
C757;CIVIASCO;VC;;;;;NO;0*;;;;;;;;;;;;;;;;;;;;;;;;;0
C758;CIVIDALE DEL FRIULI;UD;;;;;NO;0*;;;;;;;;;;;;;;;;;;;;;;;;;0
C759;CIVIDATE AL PIANO;BG;49;23/12/2025;22/01/2026;DELIBERA ADOTTATA EX ART. 1, COMMA 751, L. 207/2024;SI;0,6;Applicabile a scaglione di reddito fino a euro 15.000,00;,6;Applicabile a scaglione di reddito da euro 15.001,00 fino a euro 28.000,00;,6;Applicabile a scaglione di reddito da euro 28.001,00 fino a euro 50.000,00;,8;Applicabile a scaglione di reddito oltre euro 50.001,00;0;Esenzione per redditi imponibili fino a euro 15.000,00;;;;;;;;;;;;;;;0;0
C760;CIVIDATE CAMUNO;BS;33;23/12/2025;22/01/2026;CONFERMA;SI;0;Esenzione per redditi imponibili fino a euro 12.000,00;,6;Aliquota unica;;;;;;;;;;;;;;;;;;;;;2;12000
C763;CIVITA;CS;;;;;NO;0*;;;;;;;;;;;;;;;;;;;;;;;;;0
C765;CIVITA CASTELLANA;VT;;;;;NO;0*;;;;;;;;;;;;;;;;;;;;;;;;;0
C766;CIVITA D'ANTINO;AQ;;;;;NO;0*;;;;;;;;;;;;;;;;;;;;;;;;;0
C764;CIVITACAMPOMARANO;CB;23;22/12/2025;15/01/2026;MODIFICA;NO;0,6;Aliquota unica;;;;;;;;;;;;;;;;;;;;;;;1;0
C768;CIVITALUPARELLA;CH;;;;;NO;0*;;;;;;;;;;;;;;;;;;;;;;;;;0
C769;CIVITANOVA DEL SANNIO;IS;;;;;NO;0*;;;;;;;;;;;;;;;;;;;;;;;;;0
C770;CIVITANOVA MARCHE;MC;;;;;NO;0*;;;;;;;;;;;;;;;;;;;;;;;;;0
C771;CIVITAQUANA;PE;;;;;NO;0*;;;;;;;;;;;;;;;;;;;;;;;;;0
C773;CIVITAVECCHIA;RM;;;;;NO;0*;;;;;;;;;;;;;;;;;;;;;;;;;0
C778;CIVITELLA ALFEDENA;AQ;;;;;NO;0*;;;;;;;;;;;;;;;;;;;;;;;;;0
C779;CIVITELLA CASANOVA;PE;;;;;NO;0*;;;;;;;;;;;;;;;;;;;;;;;;;0
C780;CIVITELLA D'AGLIANO;VT;;;;;NO;0*;;;;;;;;;;;;;;;;;;;;;;;;;0
C781;CIVITELLA DEL TRONTO;TE;;;;;NO;0*;;;;;;;;;;;;;;;;;;;;;;;;;0
C777;CIVITELLA DI ROMAGNA;FC;;;;;NO;0*;;;;;;;;;;;;;;;;;;;;;;;;;0
C774;CIVITELLA IN VAL DI CHIANA;AR;60;20/12/2025;26/05/2026;CONFERMA;SI;0;Esenzione per redditi imponibili fino a euro 10.000,00;,65;Applicabile a scaglione di reddito fino a euro 28.000,00;,75;Applicabile a scaglione di reddito da euro 28.000,01 fino a euro 50.000,00;,8;Applicabile a scaglione di reddito oltre euro 50.000,00;;;;;;;;;;;;;;;;;4;10000
C776;CIVITELLA MESSER RAIMONDO;CH;30;29/12/2025;15/01/2026;CONFERMA;NO;0,8;Aliquota unica;;;;;;;;;;;;;;;;;;;;;;;1;0
C782;CIVITELLA PAGANICO;GR;63;22/12/2025;22/05/2026;CONFERMA;SI;0;Esenzione per redditi imponibili fino a euro 5.000,00;,5;Aliquota unica;;;;;;;;;;;;;;;;;;;;;2;5000
C783;CIVITELLA ROVETO;AQ;;;;;NO;0*;;;;;;;;;;;;;;;;;;;;;;;;;0
C784;CIVITELLA SAN PAOLO;RM;;;;;NO;0*;;;;;;;;;;;;;;;;;;;;;;;;;0
C785;CIVO;SO;33;29/12/2025;13/01/2026;ISTITUISCE;SI;0;Esenzione per redditi imponibili fino a euro 15.000,00;,3;Aliquota unica;;;;;;;;;;;;;;;;;;;;;2;15000
C787;CLAINO CON OSTENO;CO;;;;;NO;0*;;;;;;;;;;;;;;;;;;;;;;;;;0
C790;CLAUT;PN;;;;;NO;0*;;;;;;;;;;;;;;;;;;;;;;;;;0
C791;CLAUZETTO;PN;;;;;NO;0*;;;;;;;;;;;;;;;;;;;;;;;;;0
C792;CLAVESANA;CN;;;;;NO;0*;;;;;;;;;;;;;;;;;;;;;;;;;0
C793;CLAVIERE;TO;;;;;NO;0*;;;;;;;;;;;;;;;;;;;;;;;;;0
C794;CLES;TN;;;;;NO;0*;;;;;;;;;;;;;;;;;;;;;;;;;0
C795;CLETO;CS;;;;;NO;0*;;;;;;;;;;;;;;;;;;;;;;;;;0
C796;CLIVIO;VA;21;12/12/2025;14/08/2026;CONFERMA;SI;0;Esenzione per redditi imponibili fino a euro 12.000,00;,7;Aliquota unica;;;;;;;;;;;;;;;;;;;;;2;12000
C800;CLUSONE;BG;46;20/12/2025;03/02/2026;CONFERMA;SI;0;Esenzione per redditi imponibili fino a euro 9.999,99;,75;Aliquota unica;;;;;;;;;;;;;;;;;;;;;2;9999,99
C801;COASSOLO TORINESE;TO;22;18/12/2025;08/01/2026;MODIFICA;NO;0,7;Aliquota unica;;;;;;;;;;;;;;;;;;;;;;;1;0
C803;COAZZE;TO;40;16/12/2025;08/01/2026;CONFERMA;NO;0,7;Aliquota unica;;;;;;;;;;;;;;;;;;;;;;;1;0
C804;COAZZOLO;AT;;;;;NO;0*;;;;;;;;;;;;;;;;;;;;;;;;;0
C806;COCCAGLIO;BS;;;;;NO;0*;;;;;;;;;;;;;;;;;;;;;;;;;0
C807;COCCONATO;AT;36;27/12/2025;28/05/2026;CONFERMA;NO;0,8;Aliquota unica;;;;;;;;;;;;;;;;;;;;;;;1;0
C810;COCQUIO-TREVISAGO;VA;23;29/12/2025;22/01/2026;CONFERMA;SI;0;Esenzione per redditi imponibili fino a euro 13.000,00;,7;Aliquota unica;;;;;;;;;;;;;;;;;;;;;2;13000
C811;COCULLO;AQ;;;;;NO;0*;;;;;;;;;;;;;;;;;;;;;;;;;0
C812;CODEVIGO;PD;;;;;NO;0*;;;;;;;;;;;;;;;;;;;;;;;;;0
C813;CODEVILLA;PV;43;22/12/2025;26/05/2026;DELIBERA ADOTTATA EX ART. 1, COMMA 751, L. 207/2024;SI;0,15;Applicabile a scaglione di reddito fino a euro 15.000,00;,2;Applicabile a scaglione di reddito da euro 15.000,01 fino a euro 28.000,00;,4;Applicabile a scaglione di reddito da euro 28.000,01 fino a euro 50.000,00;,6;Applicabile a scaglione di reddito oltre euro 50.000,00;0;Esenzione per redditi imponibili fino a euro 20.000,00;;;;;;;;;;;;;;;0;0
C814;CODIGORO;FE;4;26/02/2026;01/04/2026;CONFERMA;SI;0;Esenzione per redditi imponibili fino a euro 8.000,00;,75;Aliquota unica;;;;;;;;;;;;;;;;;;;;;2;8000
C815;CODOGNE';TV;;;;;NO;0*;;;;;;;;;;;;;;;;;;;;;;;;;0
C816;CODOGNO;LO;7;26/01/2026;16/03/2026;CONFERMA;SI;0;Esenzione per redditi imponibili fino a euro 17.000,00;,8;Aliquota unica;;;;;;;;;;;;;;;;;;;;;2;17000
C817;CODROIPO;UD;80;23/12/2025;26/03/2026;MODIFICA;SI;0;Esenzione per redditi imponibili fino a euro 15.000,00;,7;Applicabile a scaglione di reddito fino a euro 28.000,00;,75;Applicabile a scaglione di reddito da euro 28.000,01 fino a euro 50.000,00;,8;Applicabile a scaglione di reddito oltre euro 50.000,00;;;;;;;;;;;;;;;;;4;15000
C818;CODRONGIANOS;SS;;;;;NO;0*;;;;;;;;;;;;;;;;;;;;;;;;;0
C819;COGGIOLA;BI;36;15/12/2025;17/03/2026;CONFERMA;NO;0,65;Aliquota unica;;;;;;;;;;;;;;;;;;;;;;;1;0
C820;COGLIATE;MB;;;;;NO;0*;;;;;;;;;;;;;;;;;;;;;;;;;0
C821;COGNE;AO;;;;;NO;0*;;;;;;;;;;;;;;;;;;;;;;;;;0
C823;COGOLETO;GE;;;;;NO;0*;;;;;;;;;;;;;;;;;;;;;;;;;0
C824;COGOLLO DEL CENGIO;VI;;;;;NO;0*;;;;;;;;;;;;;;;;;;;;;;;;;0
C826;COGORNO;GE;46;30/12/2025;15/05/2026;CONFERMA;SI;0;Esenzione per redditi imponibili fino a euro 5.800,00;,8;Aliquota unica;;;;;;;;;;;;;;;;;;;;;2;5800
C829;COLAZZA;NO;;;;;NO;0*;;;;;;;;;;;;;;;;;;;;;;;;;0
M426;COLCERESA;VI;55;23/12/2025;22/01/2026;MODIFICA;SI;0;Esenzione per redditi imponibili fino a euro 15.000,00;,6;Aliquota unica;;;;;;;;;;;;;;;;;;;;;2;15000
C835;COLERE;BG;34;30/12/2025;04/03/2026;CONFERMA;NO;0,8;Aliquota unica;;;;;;;;;;;;;;;;;;;;;;;1;0
C836;COLFELICE;FR;;;;;NO;0*;;;;;;;;;;;;;;;;;;;;;;;;;0
C838;COLI;PC;38;21/12/2025;08/01/2026;CONFERMA;NO;0,7;Aliquota unica;;;;;;;;;;;;;;;;;;;;;;;1;0
C839;COLICO;LC;54;22/12/2025;14/01/2026;DELIBERA ADOTTATA EX ART. 1, COMMA 751, L. 207/2024;SI;0,55;Applicabile a scaglione di reddito fino a euro 15.000,00;,65;Applicabile a scaglione di reddito da euro 15.000,01 fino a euro 28.000,00 ;,73;Applicabile a scaglione di reddito da euro 28.000,01 fino a euro 50.000,00 ;,8;Applicabile a scaglione di reddito oltre euro 50.000,00;;;;;;;;;;;;;;;;;0;0
C841;COLLALTO SABINO;RI;;;;;NO;0*;;;;;;;;;;;;;;;;;;;;;;;;;0
C844;COLLARMELE;AQ;;;;;NO;0*;;;;;;;;;;;;;;;;;;;;;;;;;0
C845;COLLAZZONE;PG;;;;;NO;0*;;;;;;;;;;;;;;;;;;;;;;;;;0
C851;COLLE BRIANZA;LC;57;22/12/2025;17/02/2026;DELIBERA ADOTTATA EX ART. 1, COMMA 751, L. 207/2024;SI;0,77;Applicabile a scaglione di reddito fino a euro 15.000,00;,78;Applicabile a scaglione di reddito da euro 15.000,01 fino a euro 28.000,00;,79;Applicabile a scaglione di reddito da euro 28.000,01 fino a euro 50.000,00;,8;Applicabile a scaglione di reddito oltre euro 50.000,00;0;Esenzione per redditi imponibili fino a euro 15.000,00;;;;;;;;;;;;;;;0;0
C854;COLLE D'ANCHISE;CB;;;;;NO;0*;;;;;;;;;;;;;;;;;;;;;;;;;0
C857;COLLE DI TORA;RI;5;27/02/2026;03/03/2026;CONFERMA;NO;0,5;Aliquota unica;;;;;;;;;;;;;;;;;;;;;;;1;0
C847;COLLE DI VAL D'ELSA;SI;143;11/12/2025;30/07/2026;MODIFICA;SI;0;Esenzione per redditi imponibili fino a euro 8.500,00;,64;Applicabile a scaglione di reddito fino a euro 28.000,00;,74;Applicabile a scaglione di reddito da euro 28.000,01 fino a euro 50.000,00;,8;Applicabile a scaglione di reddito oltre euro 50.000,00;;;;;;;;;;;;;;;;;4;8500
C870;COLLE SAN MAGNO;FR;37;23/12/2025;09/06/2026;CONFERMA;NO;0,8;Aliquota unica;;;;;;;;;;;;;;;;;;;;;;;1;0
C846;COLLE SANNITA;BN;;;;;NO;0*;;;;;;;;;;;;;;;;;;;;;;;;;0
C872;COLLE SANTA LUCIA;BL;;;;;NO;0*;;;;;;;;;;;;;;;;;;;;;;;;;0
C848;COLLE UMBERTO;TV;;;;;NO;0*;;;;;;;;;;;;;;;;;;;;;;;;;0
C850;COLLEBEATO;BS;;;;;NO;0*;;;;;;;;;;;;;;;;;;;;;;;;;0
C852;COLLECCHIO;PR;49;23/12/2025;08/05/2026;CONFERMA;SI;0;Esenzione per redditi imponibili fino a euro 10.000,00;,8;Aliquota unica;;;;;;;;;;;;;;;;;;;;;2;10000
C853;COLLECORVINO;PE;;;;;NO;0*;;;;;;;;;;;;;;;;;;;;;;;;;0
C311;COLLEDARA;TE;;;;;NO;0*;;;;;;;;;;;;;;;;;;;;;;;;;0
C855;COLLEDIMACINE;CH;;;;;NO;0*;;;;;;;;;;;;;;;;;;;;;;;;;0
C856;COLLEDIMEZZO;CH;;;;;NO;0*;;;;;;;;;;;;;;;;;;;;;;;;;0
C858;COLLEFERRO;RM;46;29/12/2025;03/04/2026;CONFERMA;NO;0,8;Aliquota unica;;;;;;;;;;;;;;;;;;;;;;;1;0
C859;COLLEGIOVE;RI;;;;;NO;0*;;;;;;;;;;;;;;;;;;;;;;;;;0
C860;COLLEGNO;TO;;;;;NO;0*;;;;;;;;;;;;;;;;;;;;;;;;;0
C862;COLLELONGO;AQ;;;;;NO;0*;;;;;;;;;;;;;;;;;;;;;;;;;0
C864;COLLEPARDO;FR;;;;;NO;0*;;;;;;;;;;;;;;;;;;;;;;;;;0
C865;COLLEPASSO;LE;;;;;NO;0*;;;;;;;;;;;;;;;;;;;;;;;;;0
C866;COLLEPIETRO;AQ;;;;;NO;0*;;;;;;;;;;;;;;;;;;;;;;;;;0
C867;COLLERETTO CASTELNUOVO;TO;27;18/12/2025;07/08/2026;CONFERMA;SI;0,5;Applicabile a scaglione di reddito fino a euro 28.000,00;,6;Applicabile a scaglione di reddito da euro 28.000,01 fino a euro 50.000,00;,8;Applicabile a scaglione di reddito oltre euro 50.000,00;;;;;;;;;;;;;;;;;;;3;0
C868;COLLERETTO GIACOSA;TO;37;19/12/2025;16/01/2026;CONFERMA;NO;0,7;Aliquota unica;;;;;;;;;;;;;;;;;;;;;;;1;0
C869;COLLESALVETTI;LI;;;;;NO;0*;;;;;;;;;;;;;;;;;;;;;;;;;0
C871;COLLESANO;PA;;;;;NO;0*;;;;;;;;;;;;;;;;;;;;;;;;;0
C875;COLLETORTO;CB;;;;;NO;0*;;;;;;;;;;;;;;;;;;;;;;;;;0
C876;COLLEVECCHIO;RI;;;;;NO;0*;;;;;;;;;;;;;;;;;;;;;;;;;0
C878;COLLI A VOLTURNO;IS;;;;;NO;0*;;;;;;;;;;;;;;;;;;;;;;;;;0
M380;COLLI AL METAURO;PU;;;;;NO;0*;;;;;;;;;;;;;;;;;;;;;;;;;0
C877;COLLI DEL TRONTO;AP;;;;;NO;0*;;;;;;;;;;;;;;;;;;;;;;;;;0
C880;COLLI SUL VELINO;RI;;;;;NO;0*;;;;;;;;;;;;;;;;;;;;;;;;;0
M419;COLLI VERDI;PV;39;29/12/2025;16/02/2026;CONFERMA;SI;0;Esenzione per redditi imponibili fino a euro 10.000,00;,3;Aliquota unica;;;;;;;;;;;;;;;;;;;;;2;10000
C879;COLLIANO;SA;;;;;NO;0*;;;;;;;;;;;;;;;;;;;;;;;;;0
C882;COLLINAS;SU;;;;;NO;0*;;;;;;;;;;;;;;;;;;;;;;;;;0
C883;COLLIO;BS;;;;;NO;0*;;;;;;;;;;;;;;;;;;;;;;;;;0
C884;COLLOBIANO;VC;;;;;NO;0*;;;;;;;;;;;;;;;;;;;;;;;;;0
C885;COLLOREDO DI MONTE ALBANO;UD;;;;;NO;0*;;;;;;;;;;;;;;;;;;;;;;;;;0
C886;COLMURANO;MC;6;14/01/2026;03/02/2026;MODIFICA;SI;0,7;Applicabile a scaglione di reddito fino a euro 28.000,00;,75;Applicabile a scaglione di reddito da euro 28.000,01 fino a euro 50.000,00;,8;Applicabile a scaglione di reddito oltre euro 50.000,00;;;;;;;;;;;;;;;;;;;3;0
C888;COLOBRARO;MT;52;30/12/2025;28/04/2026;CONFERMA;NO;0,8;Aliquota unica;;;;;;;;;;;;;;;;;;;;;;;1;0
C890;COLOGNA VENETA;VR;;;;;NO;0*;;;;;;;;;;;;;;;;;;;;;;;;;0
C893;COLOGNE;BS;5;12/01/2026;16/03/2026;MODIFICA;SI;0;Esenzione per redditi imponibili fino a euro 13.000,00;,65;Aliquota unica;;;;;;;;;;;;;;;;;;;;;2;13000
C894;COLOGNO AL SERIO;BG;;;;;NO;0*;;;;;;;;;;;;;;;;;;;;;;;;;0
C895;COLOGNO MONZESE;MI;52;09/12/2025;02/02/2026;CONFERMA;SI;0;Esenzione per redditi imponibili fino a euro 10.000,00;,75;Aliquota unica;;;;;;;;;;;;;;;;;;;;;2;10000
C897;COLOGNOLA AI COLLI;VR;44;22/12/2025;20/05/2026;CONFERMA;NO;0,67;Aliquota unica;;;;;;;;;;;;;;;;;;;;;;;1;0
C900;COLONNA;RM;;;;;NO;0*;;;;;;;;;;;;;;;;;;;;;;;;;0
C901;COLONNELLA;TE;;;;;NO;0*;;;;;;;;;;;;;;;;;;;;;;;;;0
C902;COLONNO;CO;;;;;NO;0*;;;;;;;;;;;;;;;;;;;;;;;;;0
C903;COLORINA;SO;28;29/12/2025;23/01/2026;MODIFICA;SI;0;Esenzione per redditi imponibili fino a euro 10.000,00;,4;Applicabile a scaglione di reddito fino a euro 28.000,00;,5;Applicabile a scaglione di reddito da euro 28.000,01 fino a euro 50.000,00;,6;Applicabile a scaglione di reddito oltre euro 50.000,00;;;;;;;;;;;;;;;;;4;10000
C904;COLORNO;PR;53;29/12/2025;26/03/2026;CONFERMA;SI;0;Esenzione per redditi imponibili fino a euro 8.500,00;,7;Aliquota unica;;;;;;;;;;;;;;;;;;;;;2;8500
C905;COLOSIMI;CS;;;;;NO;0*;;;;;;;;;;;;;;;;;;;;;;;;;0
C908;COLTURANO;MI;;;;;NO;0*;;;;;;;;;;;;;;;;;;;;;;;;;0
M336;COLVERDE;CO;2;28/01/2026;09/03/2026;CONFERMA;NO;0,8;Aliquota unica;;;;;;;;;;;;;;;;;;;;;;;1;0
C910;COLZATE;BG;;;;;NO;0*;;;;;;;;;;;;;;;;;;;;;;;;;0
C911;COMABBIO;VA;31;16/12/2025;07/01/2026;MODIFICA;SI;0;Esenzione per redditi imponibili fino a euro 18.000,00;,7;Aliquota unica;;;;;;;;;;;;;;;;;;;;;2;18000
C912;COMACCHIO;FE;83;22/12/2025;16/02/2026;CONFERMA;NO;0,4;Aliquota unica;;;;;;;;;;;;;;;;;;;;;;;1;0
C914;COMANO;MS;;;;;NO;0*;;;;;;;;;;;;;;;;;;;;;;;;;0
M314;COMANO TERME;TN;;;;;NO;0*;;;;;;;;;;;;;;;;;;;;;;;;;0
C917;COMAZZO;LO;;;;;NO;0*;;;;;;;;;;;;;;;;;;;;;;;;;0
C918;COMEGLIANS;UD;;;;;NO;0*;;;;;;;;;;;;;;;;;;;;;;;;;0
C920;COMELICO SUPERIORE;BL;30;22/12/2025;16/02/2026;CONFERMA;SI;0;Esenzione per redditi imponibili fino a euro 12.000,00;,8;Aliquota unica;;;;;;;;;;;;;;;;;;;;;2;12000
C922;COMERIO;VA;;;;;NO;0*;;;;;;;;;;;;;;;;;;;;;;;;;0
C925;COMEZZANO-CIZZAGO;BS;25;16/12/2025;29/01/2026;CONFERMA;NO;0,4;Aliquota unica;;;;;;;;;;;;;;;;;;;;;;;1;0
C926;COMIGNAGO;NO;;;;;NO;0*;;;;;;;;;;;;;;;;;;;;;;;;;0
C927;COMISO;RG;;;;;NO;0*;;;;;;;;;;;;;;;;;;;;;;;;;0
C928;COMITINI;AG;;;;;NO;0*;;;;;;;;;;;;;;;;;;;;;;;;;0
C929;COMIZIANO;NA;3;03/03/2026;18/03/2026;CONFERMA;NO;0,6;Aliquota unica;;;;;;;;;;;;;;;;;;;;;;;1;0
C930;COMMESSAGGIO;MN;24;27/11/2025;09/02/2026;CONFERMA;SI;0;Esenzione per redditi imponibili fino a euro 10.000,00;,8;Aliquota unica;;;;;;;;;;;;;;;;;;;;;2;10000
C931;COMMEZZADURA;TN;;;;;NO;0*;;;;;;;;;;;;;;;;;;;;;;;;;0
C933;COMO;CO;98;03/11/2025;22/01/2026;CONFERMA;SI;0;Esenzione per redditi imponibili fino a euro 15.000,00;,7;Aliquota unica;;;;;;;;;;;;;;;;;;;;;2;15000
C934;COMPIANO;PR;;;;;NO;0*;;;;;;;;;;;;;;;;;;;;;;;;;0
C937;COMUN NUOVO;BG;27;17/12/2025;10/02/2026;CONFERMA;SI;0;Esenzione per redditi imponibili fino a euro 9.999,99;,8;Aliquota unica;;;;;;;;;;;;;;;;;;;;;2;9999,99
C935;COMUNANZA;AP;;;;;NO;0*;;;;;;;;;;;;;;;;;;;;;;;;;0
C938;CONA;VE;;;;;NO;0*;;;;;;;;;;;;;;;;;;;;;;;;;0
C941;CONCA CASALE;IS;;;;;NO;0*;;;;;;;;;;;;;;;;;;;;;;;;;0
C940;CONCA DEI MARINI;SA;;;;;NO;0*;;;;;;;;;;;;;;;;;;;;;;;;;0
C939;CONCA DELLA CAMPANIA;CE;;;;;NO;0*;;;;;;;;;;;;;;;;;;;;;;;;;0
C943;CONCAMARISE;VR;51;18/12/2025;03/03/2026;CONFERMA;NO;0,78;Aliquota unica;;;;;;;;;;;;;;;;;;;;;;;1;0
C946;CONCERVIANO;RI;22;27/11/2025;11/06/2026;CONFERMA;NO;0,8;Aliquota unica;;;;;;;;;;;;;;;;;;;;;;;1;0
C948;CONCESIO;BS;;;;;NO;0*;;;;;;;;;;;;;;;;;;;;;;;;;0
C950;CONCORDIA SAGITTARIA;VE;;;;;NO;0*;;;;;;;;;;;;;;;;;;;;;;;;;0
C951;CONCORDIA SULLA SECCHIA;MO;;;;;NO;0*;;;;;;;;;;;;;;;;;;;;;;;;;0
C952;CONCOREZZO;MB;73;22/12/2025;13/01/2026;CONFERMA;SI;0;Esenzione per redditi imponibili fino a euro 15.000,00;,72;Applicabile a scaglione di reddito fino a euro 28.000,00;,76;Applicabile a scaglione di reddito da euro 28.000,01 fino a euro 50.000,00;,8;Applicabile a scaglione di reddito oltre euro 50.000,00;;;;;;;;;;;;;;;;;4;15000
C954;CONDOFURI;RC;;;;;NO;0*;;;;;;;;;;;;;;;;;;;;;;;;;0
C955;CONDOVE;TO;46;22/12/2025;26/03/2026;DELIBERA ADOTTATA EX ART. 1, COMMA 751, L. 207/2024;SI;0,5;Applicabile a  scaglione di reddito fino a euro 15.000,00;,75;Applicabile a scaglione di reddito da euro 15.000,01 fino a euro 28.000,00;,79;Applicabile a scaglione di reddito da euro 28.000,01 fino a euro 50.000,00;,8;Applicabile a scaglione di reddito oltre euro 50.000,00;0;Esenzione per redditi imponibili fino a euro 12.000,00;;;;;;;;;;;;;;;0;0
C956;CONDRO';ME;;;;;NO;0*;;;;;;;;;;;;;;;;;;;;;;;;;0
C957;CONEGLIANO;TV;;;;;NO;0*;;;;;;;;;;;;;;;;;;;;;;;;;0
C958;CONFIENZA;PV;;;;;NO;0*;;;;;;;;;;;;;;;;;;;;;;;;;0
C959;CONFIGNI;RI;;;;;NO;0*;;;;;;;;;;;;;;;;;;;;;;;;;0
C960;CONFLENTI;CZ;;;;;NO;0*;;;;;;;;;;;;;;;;;;;;;;;;;0
C962;CONIOLO;AL;;;;;NO;0*;;;;;;;;;;;;;;;;;;;;;;;;;0
C963;CONSELICE;RA;;;;;NO;0*;;;;;;;;;;;;;;;;;;;;;;;;;0
C964;CONSELVE;PD;91;05/12/2025;25/08/2026;CONFERMA;SI;0;Esenzione per redditi imponibili fino a euro 7.500,00;,8;Aliquota unica;;;;;;;;;;;;;;;;;;;;;2;7500
M356;CONTA';TN;;;;;NO;0*;;;;;;;;;;;;;;;;;;;;;;;;;0
C968;CONTESSA ENTELLINA;PA;;;;;NO;0*;;;;;;;;;;;;;;;;;;;;;;;;;0
C969;CONTIGLIANO;RI;;;;;NO;0*;;;;;;;;;;;;;;;;;;;;;;;;;0
C971;CONTRADA;AV;;;;;NO;0*;;;;;;;;;;;;;;;;;;;;;;;;;0
C972;CONTROGUERRA;TE;;;;;NO;0*;;;;;;;;;;;;;;;;;;;;;;;;;0
C973;CONTRONE;SA;;;;;NO;0*;;;;;;;;;;;;;;;;;;;;;;;;;0
C974;CONTURSI TERME;SA;;;;;NO;0*;;;;;;;;;;;;;;;;;;;;;;;;;0
C975;CONVERSANO;BA;8;05/03/2026;18/05/2026;CONFERMA;NO;0,8;Aliquota unica;;;;;;;;;;;;;;;;;;;;;;;1;0
C976;CONZA DELLA CAMPANIA;AV;;;;;NO;0*;;;;;;;;;;;;;;;;;;;;;;;;;0
C977;CONZANO;AL;24;03/12/2025;09/02/2026;CONFERMA;NO;0,7;Aliquota unica;;;;;;;;;;;;;;;;;;;;;;;1;0
C978;COPERTINO;LE;7;26/02/2026;27/07/2026;CONFERMA;SI;0;Esenzione per redditi imponibili fino a euro 10.000,00;,68;Applicabile a scaglione di reddito fino a euro 28.000,00;,75;Applicabile a scaglione di reddito da euro 28.000,01 fino a euro 50.000,00;,8;Applicabile a scaglione di reddito oltre euro 50.000,00;;;;;;;;;;;;;;;;;4;10000
C979;COPIANO;PV;;;;;NO;0*;;;;;;;;;;;;;;;;;;;;;;;;;0
C980;COPPARO;FE;;;;;NO;0*;;;;;;;;;;;;;;;;;;;;;;;;;0
C982;CORANA;PV;;;;;NO;0*;;;;;;;;;;;;;;;;;;;;;;;;;0
C983;CORATO;BA;55;26/11/2025;14/01/2026;CONFERMA;SI;0;Esenzione per redditi imponibili fino a euro 12.000,00;,8;Aliquota unica;;;;;;;;;;;;;;;;;;;;;2;12000
C984;CORBARA;SA;;;;;NO;0*;;;;;;;;;;;;;;;;;;;;;;;;;0
C986;CORBETTA;MI;;;;;NO;0*;;;;;;;;;;;;;;;;;;;;;;;;;0
C987;CORBOLA;RO;3;28/02/2026;05/05/2026;CONFERMA;SI;0;Esenzione per redditi imponibili fino a euro 8.000,00;,8;Aliquota unica;;;;;;;;;;;;;;;;;;;;;2;8000
C988;CORCHIANO;VT;;;;;NO;0*;;;;;;;;;;;;;;;;;;;;;;;;;0
C990;CORCIANO;PG;;;;;NO;0*;;;;;;;;;;;;;;;;;;;;;;;;;0
C991;CORDENONS;PN;9;23/02/2026;13/03/2026;MODIFICA;SI;0;Esenzione per redditi imponibili fino a euro 20.000,00;,55;Aliquota unica;;;;;;;;;;;;;;;;;;;;;2;20000
C992;CORDIGNANO;TV;35;17/12/2025;13/07/2026;CONFERMA;SI;0;Esenzione per redditi imponibili fino a euro 10.000,00;,7;Applicabile a scaglione di reddito fino a euro 28.000,00;,7;Applicabile a scaglione di reddito da euro 28.000,01 fino a euro 50.000,00;,8;Applicabile a scaglione di reddito oltre euro 50.000,00;;;;;;;;;;;;;;;;;4;10000
C993;CORDOVADO;PN;25;29/07/2026;19/08/2026;DELIBERA ADOTTATA PER IL RIPRISTINO DEGLI EQUILIBRI DI BILANCIO EX  ART. 193 C. 3 TUEL;SI;0;Esenzione per redditi imponibili fino a euro 15.000,00;,6;Applicabile a scaglione di reddito fino a euro 28.000,00;,7;Applicabile a scaglione di reddito da euro 28.000,01 fino a euro 50.000,00;,8;Applicabile a scaglione di reddito oltre euro 50.000,00;;;;;;;;;;;;;;;;;4;15000
C996;COREGLIA ANTELMINELLI;LU;;;;;NO;0*;;;;;;;;;;;;;;;;;;;;;;;;;0
C995;COREGLIA LIGURE;GE;31;22/12/2025;07/01/2026;CONFERMA;NO;0,8;Aliquota unica;;;;;;;;;;;;;;;;;;;;;;;1;0
C998;CORENO AUSONIO;FR;36;23/12/2025;10/06/2026;CONFERMA;NO;0,8;Aliquota unica;;;;;;;;;;;;;;;;;;;;;;;1;0
C999;CORFINIO;AQ;28;30/12/2025;27/01/2026;CONFERMA;SI;0;Esenzione per redditi imponibili fino a euro 15.000,00;,5;Applicabile a scaglione di reddito fino a euro 28.000,00;,76;Applicabile a scaglione di reddito da euro 28.000,01 fino a euro 50.000,00;,8;Applicabile a scaglione di reddito oltre euro 50.000,00;;;;;;;;;;;;;;;;;4;15000
D003;CORI;LT;13;26/03/2026;11/06/2026;MODIFICA;NO;0,8;Aliquota unica;;;;;;;;;;;;;;;;;;;;;;;1;0
D004;CORIANO;RN;49;26/11/2025;05/08/2026;DELIBERA ADOTTATA EX ART. 1, COMMA 751, L. 207/2024;SI;0,65;Applicabile a scaglione di reddito fino a euro 15.000,00;,75;Applicabile a scaglione di reddito da euro 15.000,01 fino a euro 28.000,00;,78;Applicabile a scaglione di reddito da euro 28.000,01 fino a euro 50.000,00;,79;Applicabile a scaglione di reddito oltre euro 50.000,00;0;Esenzione per redditi imponibili fino a euro 10.000,00;;;;;;;;;;;;;;;0;0
D006;CORIGLIANO D'OTRANTO;LE;;;;;NO;0*;;;;;;;;;;;;;;;;;;;;;;;;;0
M403;CORIGLIANO-ROSSANO;CS;71;29/12/2025;18/02/2026;CONFERMA;NO;0,8;Aliquota unica;;;;;;;;;;;;;;;;;;;;;;;1;0
D007;CORINALDO;AN;52;29/12/2025;23/01/2026;MODIFICA;SI;0;Esenzione per redditi imponibili fino a euro 8.500,00;,56;Applicabile a scaglione di reddito fino a euro 28.000,00;,7;Applicabile a scaglione di reddito da euro 28.000,01 fino a euro 50.000,00;,78;Applicabile a scaglione di reddito oltre euro 50.000,00;;;;;;;;;;;;;;;;;4;8500
D008;CORIO;TO;;;;;NO;0*;;;;;;;;;;;;;;;;;;;;;;;;;0
D009;CORLEONE;PA;126;29/12/2025;19/01/2026;CONFERMA;NO;0,8;Aliquota unica;;;;;;;;;;;;;;;;;;;;;;;1;0
D011;CORLETO MONFORTE;SA;;;;;NO;0*;;;;;;;;;;;;;;;;;;;;;;;;;0
D010;CORLETO PERTICARA;PZ;;;;;NO;0*;;;;;;;;;;;;;;;;;;;;;;;;;0
D013;CORMANO;MI;46;01/12/2025;28/01/2026;MODIFICA;SI;0;Esenzione per redditi imponibili fino a euro 12.000,00;,8;Aliquota unica;;;;;;;;;;;;;;;;;;;;;2;12000
D014;CORMONS;GO;;;;;NO;0*;;;;;;;;;;;;;;;;;;;;;;;;;0
D015;CORNA IMAGNA;BG;;;;;NO;0*;;;;;;;;;;;;;;;;;;;;;;;;;0
D016;CORNALBA;BG;3;07/02/2026;04/05/2026;CONFERMA;NO;0,7;Aliquota unica;;;;;;;;;;;;;;;;;;;;;;;1;0
M338;CORNALE E BASTIDA;PV;12;16/12/2025;04/05/2026;CONFERMA;NO;0,4;Aliquota unica;;;;;;;;;;;;;;;;;;;;;;;1;0
D018;CORNAREDO;MI;;;;;NO;0*;;;;;;;;;;;;;;;;;;;;;;;;;0
D019;CORNATE D'ADDA;MB;;;;;NO;0*;;;;;;;;;;;;;;;;;;;;;;;;;0
B799;CORNEDO ALL'ISARCO;BZ;;;;;NO;0*;;;;;;;;;;;;;;;;;;;;;;;;;0
D020;CORNEDO VICENTINO;VI;42;19/12/2025;16/01/2026;CONFERMA;NO;0,8;Aliquota unica;;;;;;;;;;;;;;;;;;;;;;;1;0
D021;CORNEGLIANO LAUDENSE;LO;33;19/12/2025;06/02/2026;MODIFICA;SI;0;Esenzione per redditi imponibili fino a euro 15.000,00;,8;Aliquota unica;;;;;;;;;;;;;;;;;;;;;2;15000
D022;CORNELIANO D'ALBA;CN;;;;;NO;0*;;;;;;;;;;;;;;;;;;;;;;;;;0
D026;CORNIGLIO;PR;;;;;NO;0*;;;;;;;;;;;;;;;;;;;;;;;;;0
D027;CORNO DI ROSAZZO;UD;;;;;NO;0*;;;;;;;;;;;;;;;;;;;;;;;;;0
D028;CORNO GIOVINE;LO;;;;;NO;0*;;;;;;;;;;;;;;;;;;;;;;;;;0
D029;CORNOVECCHIO;LO;37;30/12/2025;25/03/2026;MODIFICA;SI;0;Esenzione per redditi imponibili fino a euro 10.000,00;,8;Aliquota unica;;;;;;;;;;;;;;;;;;;;;2;10000
D030;CORNUDA;TV;51;17/12/2025;24/03/2026;CONFERMA;NO;0,8;Aliquota unica;;;;;;;;;;;;;;;;;;;;;;;1;0
D037;CORREGGIO;RE;164;19/12/2025;22/05/2026;MODIFICA;SI;0;Esenzione per redditi imponibili fino a euro 15.000,00;,37;Applicabile a scaglione di reddito fino a euro 28.000,00;,72;Applicabile a scaglione di reddito da euro 28.000,01 fino a euro 50.000,00;,8;Applicabile a scaglione di reddito oltre euro 50.000,00;;;;;;;;;;;;;;;;;4;15000
D038;CORREZZANA;MB;;;;;NO;0*;;;;;;;;;;;;;;;;;;;;;;;;;0
D040;CORREZZOLA;PD;40;30/12/2025;05/03/2026;CONFERMA;NO;0,79;Aliquota unica;;;;;;;;;;;;;;;;;;;;;;;1;0
D041;CORRIDO;CO;;;;;NO;0*;;;;;;;;;;;;;;;;;;;;;;;;;0
D042;CORRIDONIA;MC;;;;;NO;0*;;;;;;;;;;;;;;;;;;;;;;;;;0
D043;CORROPOLI;TE;28;22/12/2025;19/01/2026;CONFERMA;NO;0,8;Aliquota unica;;;;;;;;;;;;;;;;;;;;;;;1;0
D044;CORSANO;LE;;;;;NO;0*;;;;;;;;;;;;;;;;;;;;;;;;;0
D045;CORSICO;MI;52;23/12/2025;04/03/2026;CONFERMA;SI;0;Esenzione per redditi imponibili fino a euro 9.999,99;,8;Aliquota unica;;;;;;;;;;;;;;;;;;;;;2;9999,99
D046;CORSIONE;AT;20;05/12/2025;26/05/2026;CONFERMA;NO;0,8;Aliquota unica;;;;;;;;;;;;;;;;;;;;;;;1;0
D048;CORTACCIA SULLA STRADA DEL VINO;BZ;;;;;NO;0*;;;;;;;;;;;;;;;;;;;;;;;;;0
D049;CORTALE;CZ;;;;;NO;0*;;;;;;;;;;;;;;;;;;;;;;;;;0
D050;CORTANDONE;AT;22;10/12/2025;20/05/2026;CONFERMA;NO;0,7;Aliquota unica;;;;;;;;;;;;;;;;;;;;;;;1;0
D051;CORTANZE;AT;;;;;NO;0*;;;;;;;;;;;;;;;;;;;;;;;;;0
D052;CORTAZZONE;AT;31;20/12/2025;07/01/2026;DELIBERA ADOTTATA EX ART. 1, COMMA 751, L. 207/2024;SI;0,65;Applicabile a scaglione di reddito fino a euro 15.000,00;,69;Applicabile a scaglione di reddito da euro 15.000,01 fino a euro 28.000,00;,73;Applicabile a scagliONE di reddito da euro 28.000,01 fino a euro 50.000,00;,8;Applicabile a scaglione di reddito oltre euro 50.000,00;0;Esenzione per redditi imponibili fino a euro 14.999,99;;;;;;;;;;;;;;;0;0
D054;CORTE BRUGNATELLA;PC;25;27/12/2025;22/01/2026;CONFERMA;NO;0,8;Aliquota unica;;;;;;;;;;;;;;;;;;;;;;;1;0
D056;CORTE DE' CORTESI CON CIGNONE;CR;28;18/12/2025;07/01/2026;CONFERMA;SI;0;Esenzione per redditi imponibili fino a euro 9.000,00;,5;Aliquota unica;;;;;;;;;;;;;;;;;;;;;2;9000
D057;CORTE DE' FRATI;CR;25;23/12/2025;30/01/2026;CONFERMA;NO;0,5;Aliquota unica;;;;;;;;;;;;;;;;;;;;;;;1;0
D058;CORTE FRANCA;BS;;;;;NO;0*;;;;;;;;;;;;;;;;;;;;;;;;;0
D068;CORTE PALASIO;LO;;;;;NO;0*;;;;;;;;;;;;;;;;;;;;;;;;;0
D061;CORTEMAGGIORE;PC;;;;;NO;0*;;;;;;;;;;;;;;;;;;;;;;;;;0
D062;CORTEMILIA;CN;18;20/12/2025;06/07/2026;CONFERMA;SI;0;Esenzione per redditi imponibili fino a euro 10.000,00;,8;Aliquota unica;;;;;;;;;;;;;;;;;;;;;2;10000
D064;CORTENO GOLGI;BS;3;27/02/2026;18/03/2026;CONFERMA;NO;0,4;Aliquota unica;;;;;;;;;;;;;;;;;;;;;;;1;0
D065;CORTENOVA;LC;78;27/11/2025;12/02/2026;CONFERMA;SI;0;Esenzione per redditi imponibili fino a euro 15.000,00;,4;Applicabile a scaglione di reddito fino a euro 28.000,00;,5;Applicabile a scaglione di reddito da euro 28.000,01 fino a euro 50.000,00;,6;Applicabile a scaglione di reddito oltre euro 50.000,00;;;;;;;;;;;;;;;;;4;15000
D066;CORTENUOVA;BG;;;;;NO;0*;;;;;;;;;;;;;;;;;;;;;;;;;0
M372;CORTEOLONA E GENZONE;PV;;;;;NO;0*;;;;;;;;;;;;;;;;;;;;;;;;;0
D072;CORTIGLIONE;AT;14;17/12/2025;07/01/2026;CONFERMA;NO;0,7;Aliquota unica;;;;;;;;;;;;;;;;;;;;;;;1;0
A266;CORTINA D'AMPEZZO;BL;;;;;NO;0*;;;;;;;;;;;;;;;;;;;;;;;;;0
D075;CORTINA SULLA STRADA DEL VINO;BZ;;;;;NO;0*;;;;;;;;;;;;;;;;;;;;;;;;;0
D076;CORTINO;TE;32;19/12/2025;19/01/2026;MODIFICA;NO;0,8;Aliquota unica;;;;;;;;;;;;;;;;;;;;;;;1;0
D077;CORTONA;AR;99;22/12/2025;12/01/2026;CONFERMA;NO;0,8;Aliquota unica;;;;;;;;;;;;;;;;;;;;;;;1;0
D078;CORVARA;PE;;;;;NO;0*;;;;;;;;;;;;;;;;;;;;;;;;;0
D079;CORVARA IN BADIA;BZ;;;;;NO;0*;;;;;;;;;;;;;;;;;;;;;;;;;0
D081;CORVINO SAN QUIRICO;PV;26;17/12/2025;10/02/2026;DELIBERA ADOTTATA EX ART. 1, COMMA 751, L. 207/2024;SI;0,4;Applicabile a scaglione di reddito fino a euro 15.000,00;,5;Applicabile a scaglione di reddito da euro 15.000,01 fino a euro 28.000,00;,6;Applicabile a scaglione di reddito da euro 28.000,01 fino a euro 50.000,00;,8;Applicabile a scaglione di reddito oltre euro 50.000,00 ;0;Esenzione per redditi imponibili fino a euro 10.000,00;;;;;;;;;;;;;;;0;0
D082;CORZANO;BS;33;29/12/2025;12/01/2026;CONFERMA;NO;0,6;Aliquota unica;;;;;;;;;;;;;;;;;;;;;;;1;0
D085;COSEANO;UD;;;;;NO;0*;;;;;;;;;;;;;;;;;;;;;;;;;0
D086;COSENZA;CS;55;30/12/2025;30/01/2026;CONFERMA;NO;0,8;Aliquota unica;;;;;;;;;;;;;;;;;;;;;;;1;0
D087;COSIO DI ARROSCIA;IM;31;27/12/2025;16/01/2026;CONFERMA;NO;0,1;Aliquota unica;;;;;;;;;;;;;;;;;;;;;;;1;0
D088;COSIO VALTELLINO;SO;54;22/12/2025;07/04/2026;CONFERMA;SI;0;Esenzione per redditi imponibili fino a euro 10.000,00;,75;Aliquota unica;;;;;;;;;;;;;;;;;;;;;2;10000
D089;COSOLETO;RC;;;;;NO;0*;;;;;;;;;;;;;;;;;;;;;;;;;0
D093;COSSANO BELBO;CN;;;;;NO;0*;;;;;;;;;;;;;;;;;;;;;;;;;0
D092;COSSANO CANAVESE;TO;33;27/11/2025;28/01/2026;CONFERMA;NO;0,8;Aliquota unica;;;;;;;;;;;;;;;;;;;;;;;1;0
D094;COSSATO;BI;;;;;NO;0*;;;;;;;;;;;;;;;;;;;;;;;;;0
D095;COSSERIA;SV;;;;;NO;0*;;;;;;;;;;;;;;;;;;;;;;;;;0
D096;COSSIGNANO;AP;7;25/02/2026;09/04/2026;CONFERMA;NO;0,8;Aliquota unica;;;;;;;;;;;;;;;;;;;;;;;1;0
D099;COSSOGNO;VB;;;;;NO;0*;;;;;;;;;;;;;;;;;;;;;;;;;0
D100;COSSOINE;SS;;;;;NO;0*;;;;;;;;;;;;;;;;;;;;;;;;;0
D101;COSSOMBRATO;AT;29;18/12/2025;13/01/2026;CONFERMA;NO;0,7;Aliquota unica;;;;;;;;;;;;;;;;;;;;;;;1;0
D109;COSTA DE' NOBILI;PV;26;18/12/2025;22/01/2026;DELIBERA ADOTTATA EX ART. 1, COMMA 751, L. 207/2024;SI;0,4;Applicabile a 0-15.000;,5;Applicabile a 15.001-28.000;,6;Applicabile a 28.001-50.000;,7;Applicabile a oltre 50.000;0;Esenzione per redditi imponibili fino a euro 9.999,00;;;;;;;;;;;;;;;0;0
D110;COSTA DI MEZZATE;BG;15;29/12/2025;28/01/2026;CONFERMA;SI;0;Esenzione per redditi imponibili fino a euro 8.000,00;,6;Aliquota unica;;;;;;;;;;;;;;;;;;;;;2;8000
D105;COSTA DI ROVIGO;RO;51;22/10/2025;20/01/2026;CONFERMA;SI;0;Esenzione per redditi imponibili fino a euro 10.000,00;,8;Aliquota unica;;;;;;;;;;;;;;;;;;;;;2;10000
D112;COSTA MASNAGA;LC;36;29/12/2025;09/01/2026;CONFERMA;SI;0;Esenzione per redditi imponibili fino a euro 9.999,99;,7;Applicabile a scaglione di reddito fino a euro 28.000,00;,78;Applicabile a scaglione di reddito da euro 28.000,01 fino a euro 50.000,00;,8;Applicabile a scaglione di reddito oltre euro 50.000,00;;;;;;;;;;;;;;;;;4;9999,99
D111;COSTA SERINA;BG;33;27/12/2025;05/02/2026;DELIBERA ADOTTATA EX ART. 1, COMMA 751, L. 207/2024;SI;0,7;Applicabile a scaglione di reddito fino a euro 15.000,00;,78;Applicabile a scaglione di reddito da euro 15.000,01 fino a euro 28.000,00;,79;Applicabile a scaglione di reddito da euro 28.000,01 fino a euro 50.000,00;,8;Applicabile a scaglione di reddito oltre euro 50.000,00;;;;;;;;;;;;;;;;;0;0
D103;COSTA VALLE IMAGNA;BG;38;15/12/2025;02/01/2026;CONFERMA;NO;0,6;Aliquota unica;;;;;;;;;;;;;;;;;;;;;;;1;0
D102;COSTA VESCOVATO;AL;27;15/12/2025;28/07/2026;CONFERMA;NO;0,3;Aliquota unica;;;;;;;;;;;;;;;;;;;;;;;1;0
D117;COSTA VOLPINO;BG;50;16/12/2025;25/02/2026;CONFERMA;NO;0,8;Aliquota unica;;;;;;;;;;;;;;;;;;;;;;;1;0
D107;COSTABISSARA;VI;;;;;NO;0*;;;;;;;;;;;;;;;;;;;;;;;;;0
D108;COSTACCIARO;PG;43;11/12/2025;14/04/2026;CONFERMA;NO;0,8;Aliquota unica;;;;;;;;;;;;;;;;;;;;;;;1;0
D113;COSTANZANA;VC;;;;;NO;0*;;;;;;;;;;;;;;;;;;;;;;;;;0
D114;COSTARAINERA;IM;19;10/12/2025;20/04/2026;CONFERMA;NO;0,5;Aliquota unica;;;;;;;;;;;;;;;;;;;;;;;1;0
D118;COSTERMANO SUL GARDA;VR;56;16/12/2025;28/01/2026;CONFERMA;NO;0,8;Aliquota unica;;;;;;;;;;;;;;;;;;;;;;;1;0
D119;COSTIGLIOLE D'ASTI;AT;67;22/12/2025;20/01/2026;CONFERMA;NO;0,7;Aliquota unica;;;;;;;;;;;;;;;;;;;;;;;1;0
D120;COSTIGLIOLE SALUZZO;CN;21;18/12/2025;29/01/2026;CONFERMA;NO;0,78;Aliquota unica;;;;;;;;;;;;;;;;;;;;;;;1;0
D121;COTIGNOLA;RA;;;;;NO;0*;;;;;;;;;;;;;;;;;;;;;;;;;0
D123;COTRONEI;KR;2;24/02/2026;10/03/2026;CONFERMA;SI;0;Esenzione per redditi imponibili fino a euro 10.000,00;,3;Applicabile a scaglione di reddito fino a euro 28.000,00;,5;Applicabile a scaglione di reddito da euro 28.000,01 fino a euro 50.000,00;,65;Applicabile a scaglione di reddito oltre euro 50.000,00;;;;;;;;;;;;;;;;;4;10000
D124;COTTANELLO;RI;48;18/12/2025;03/02/2026;CONFERMA;NO;0,8;Aliquota unica;;;;;;;;;;;;;;;;;;;;;;;1;0
D012;COURMAYEUR;AO;;;;;NO;0*;;;;;;;;;;;;;;;;;;;;;;;;;0
D126;COVO;BG;30;29/12/2025;20/05/2026;CONFERMA;NO;0,8;Aliquota unica;;;;;;;;;;;;;;;;;;;;;;;1;0
D127;COZZO;PV;15;19/12/2025;22/01/2026;CONFERMA;NO;0,8;Aliquota unica;;;;;;;;;;;;;;;;;;;;;;;1;0
D128;CRACO;MT;;;;;NO;0*;;;;;;;;;;;;;;;;;;;;;;;;;0
D131;CRANDOLA VALSASSINA;LC;46;28/12/2025;22/01/2026;CONFERMA;NO;0,3;Aliquota unica;;;;;;;;;;;;;;;;;;;;;;;1;0
D132;CRAVAGLIANA;VC;;;;;NO;0*;;;;;;;;;;;;;;;;;;;;;;;;;0
D133;CRAVANZANA;CN;;;;;NO;0*;;;;;;;;;;;;;;;;;;;;;;;;;0
D134;CRAVEGGIA;VB;;;;;NO;0*;;;;;;;;;;;;;;;;;;;;;;;;;0
D136;CREAZZO;VI;51;25/11/2025;26/05/2026;CONFERMA;SI;0;Esenzione per redditi imponibili fino a euro 10.000,00;,8;Aliquota unica;;;;;;;;;;;;;;;;;;;;;2;10000
D137;CRECCHIO;CH;;;;;NO;0*;;;;;;;;;;;;;;;;;;;;;;;;;0
D139;CREDARO;BG;;;;;NO;0*;;;;;;;;;;;;;;;;;;;;;;;;;0
D141;CREDERA RUBBIANO;CR;20;18/12/2025;07/01/2026;CONFERMA;SI;0;Esenzione per redditi imponibili fino a euro 15.000,00;,6;Aliquota unica;;;;;;;;;;;;;;;;;;;;;2;15000
D142;CREMA;CR;71;22/12/2025;08/01/2026;CONFERMA;SI;0;Esenzione per redditi imponibili fino a euro 15.000,00;,8;Aliquota unica;;;;;;;;;;;;;;;;;;;;;2;15000
D143;CREMELLA;LC;;;;;NO;0*;;;;;;;;;;;;;;;;;;;;;;;;;0
D144;CREMENAGA;VA;;;;;NO;0*;;;;;;;;;;;;;;;;;;;;;;;;;0
D145;CREMENO;LC;41;17/12/2025;22/01/2026;CONFERMA;SI;0,25;Applicabile a scaglione di reddito fino a euro 15.000,00;,45;Applicabile a scaglione di reddito da euro 15.000,01 fino a euro 28.000,00;,65;Applicabile a scaglione di reddito da euro 28.000,01 fino a euro 50.000,00;,8;Applicabile a scaglione di reddito oltre euro 50.000,00;0;Esenzione per redditi imponibili fino a euro 14.800,00;;;;;;;;;;;;;;;0;0
D147;CREMIA;CO;;;;;NO;0*;;;;;;;;;;;;;;;;;;;;;;;;;0
D149;CREMOLINO;AL;26;23/12/2025;27/01/2026;CONFERMA;NO;0,6;Aliquota unica;;;;;;;;;;;;;;;;;;;;;;;1;0
D150;CREMONA;CR;49;18/12/2025;08/01/2026;CONFERMA;SI;0;Esenzione per redditi imponibili fino a euro 12.000,00;,8;Aliquota unica;;;;;;;;;;;;;;;;;;;;;2;12000
D151;CREMOSANO;CR;39;20/12/2025;12/06/2026;CONFERMA;SI;0;Esenzione per redditi imponibili fino a euro 12.000,00;,7;Applicabile a scaglione di reddito fino a euro 28.000,00;,79;Applicabile a scaglione di reddito da euro 28.000,01 fino a euro 50.000,00;,8;Applicabile a scaglione di reddito oltre euro 50.000,00;;;;;;;;;;;;;;;;;4;12000
D154;CRESCENTINO;VC;25;29/12/2025;20/01/2026;DELIBERA ADOTTATA EX ART. 1, COMMA 751, L. 207/2024;SI;0,55;Applicabile a  scaglione di reddito fino a euro 15.000,00;,6;Applicabile a  scaglione di reddito da euro 15.000,01 fino a euro 28.000,00;,7;Applicabile a scaglione di reddito da euro 28.000,01 fino a euro 50.000,00;,75;Applicabile a scaglione di reddito oltre euro 50.000,00;0;Esenzione per redditi imponibili fino a euro 12.000,00;;;;;;;;;;;;;;;0;0
D156;CRESPADORO;VI;;;;;NO;0*;;;;;;;;;;;;;;;;;;;;;;;;;0
D159;CRESPIATICA;LO;27;23/12/2025;09/01/2026;CONFERMA;SI;0;Esenzione per redditi imponibili fino a euro 10.000,00;,8;Aliquota unica;;;;;;;;;;;;;;;;;;;;;2;10000
M328;CRESPINA LORENZANA;PI;85;29/12/2025;21/04/2026;CONFERMA;SI;0;Esenzione per redditi imponibili fino a euro 14.000,00;,57;Applicabile a scaglione di reddito fino a euro 28.000,00;,65;Applicabile a scaglione di reddito da euro 28.000,01 fino a euro 50.000,00;,8;Applicabile a scaglione di reddito oltre euro 50.000,00;;;;;;;;;;;;;;;;;4;14000
D161;CRESPINO;RO;41;29/12/2025;10/03/2026;CONFERMA;NO;0,8;Aliquota unica;;;;;;;;;;;;;;;;;;;;;;;1;0
D162;CRESSA;NO;;;;;NO;0*;;;;;;;;;;;;;;;;;;;;;;;;;0
D165;CREVACUORE;BI;;;;;NO;0*;;;;;;;;;;;;;;;;;;;;;;;;;0
D166;CREVALCORE;BO;83;22/12/2025;28/01/2026;CONFERMA;SI;0;Esenzione per redditi imponibili fino a euro 9.999,99;,8;Aliquota unica;;;;;;;;;;;;;;;;;;;;;2;9999,99
D168;CREVOLADOSSOLA;VB;;;;;NO;0*;;;;;;;;;;;;;;;;;;;;;;;;;0
D170;CRISPANO;NA;;;;;NO;0*;;;;;;;;;;;;;;;;;;;;;;;;;0
D171;CRISPIANO;TA;;;;;NO;0*;;;;;;;;;;;;;;;;;;;;;;;;;0
D172;CRISSOLO;CN;;;;;NO;0*;;;;;;;;;;;;;;;;;;;;;;;;;0
D175;CROCEFIESCHI;GE;33;30/12/2025;02/02/2026;CONFERMA;SI;0;Esenzione per redditi imponibili fino a euro 15.000,00;,8;Aliquota unica;;;;;;;;;;;;;;;;;;;;;2;15000
C670;CROCETTA DEL MONTELLO;TV;58;16/12/2025;08/01/2026;MODIFICA;SI;0;Esenzione per redditi imponibili fino a euro 15.000,00;,8;Aliquota unica;;;;;;;;;;;;;;;;;;;;;2;15000
D177;CRODO;VB;;;;;NO;0*;;;;;;;;;;;;;;;;;;;;;;;;;0
D179;CROGNALETO;TE;;;;;NO;0*;;;;;;;;;;;;;;;;;;;;;;;;;0
D180;CROPALATI;CS;;;;;NO;0*;;;;;;;;;;;;;;;;;;;;;;;;;0
D181;CROPANI;CZ;;;;;NO;0*;;;;;;;;;;;;;;;;;;;;;;;;;0
D184;CROSIA;CS;;;;;NO;0*;;;;;;;;;;;;;;;;;;;;;;;;;0
D185;CROSIO DELLA VALLE;VA;29;17/12/2025;15/01/2026;CONFERMA;SI;0;Esenzione per redditi imponibili fino a euro 13.000,00;,8;Aliquota unica;;;;;;;;;;;;;;;;;;;;;2;13000
D122;CROTONE;KR;12;19/03/2026;11/08/2026;CONFERMA;NO;0,8;Aliquota unica;;;;;;;;;;;;;;;;;;;;;;;1;0
D186;CROTTA D'ADDA;CR;23;23/12/2025;12/01/2026;MODIFICA;NO;0,6;Aliquota unica;;;;;;;;;;;;;;;;;;;;;;;1;0
D187;CROVA;VC;;;;;NO;0*;;;;;;;;;;;;;;;;;;;;;;;;;0
D188;CROVIANA;TN;;;;;NO;0*;;;;;;;;;;;;;;;;;;;;;;;;;0
D189;CRUCOLI;KR;;;;;NO;0*;;;;;;;;;;;;;;;;;;;;;;;;;0
D192;CUASSO AL MONTE;VA;4;27/02/2026;30/03/2026;CONFERMA;SI;0;Esenzione per redditi imponibili fino a euro 10.000,00;,7;Aliquota unica;;;;;;;;;;;;;;;;;;;;;2;10000
D195;CUCCARO VETERE;SA;;;;;NO;0*;;;;;;;;;;;;;;;;;;;;;;;;;0
D196;CUCCIAGO;CO;44;16/12/2025;09/01/2026;CONFERMA;SI;0;Esenzione per redditi imponibili fino a euro 10.000,00;,7;Aliquota unica;;;;;;;;;;;;;;;;;;;;;2;10000
D197;CUCEGLIO;TO;28;22/12/2025;17/02/2026;CONFERMA;NO;0,8;Aliquota unica;;;;;;;;;;;;;;;;;;;;;;;1;0
D198;CUGGIONO;MI;40;18/12/2025;26/02/2026;CONFERMA;SI;0,8;Aliquota unica;0;Esenzione per 10.000,00;;;;;;;;;;;;;;;;;;;;;5;0
D199;CUGLIATE-FABIASCO;VA;;;;;NO;0*;;;;;;;;;;;;;;;;;;;;;;;;;0
D200;CUGLIERI;OR;;;;;NO;0*;;;;;;;;;;;;;;;;;;;;;;;;;0
D201;CUGNOLI;PE;;;;;NO;0*;;;;;;;;;;;;;;;;;;;;;;;;;0
D202;CUMIANA;TO;;;;;NO;0*;;;;;;;;;;;;;;;;;;;;;;;;;0
D203;CUMIGNANO SUL NAVIGLIO;CR;;;;;NO;0*;;;;;;;;;;;;;;;;;;;;;;;;;0
D204;CUNARDO;VA;;;;;NO;0*;;;;;;;;;;;;;;;;;;;;;;;;;0
D205;CUNEO;CN;;;;;NO;0*;;;;;;;;;;;;;;;;;;;;;;;;;0
D207;CUNICO;AT;24;18/12/2025;23/03/2026;MODIFICA;NO;0,5;Aliquota unica;;;;;;;;;;;;;;;;;;;;;;;1;0
D208;CUORGNE';TO;43;17/12/2025;06/03/2026;CONFERMA;SI;0;Esenzione per redditi imponibili fino a euro 8.000,00;,7;Aliquota unica;;;;;;;;;;;;;;;;;;;;;2;8000
D209;CUPELLO;CH;46;29/12/2025;28/01/2026;CONFERMA;NO;0,8;Aliquota unica;;;;;;;;;;;;;;;;;;;;;;;1;0
D210;CUPRA MARITTIMA;AP;;;;;NO;0*;;;;;;;;;;;;;;;;;;;;;;;;;0
D211;CUPRAMONTANA;AN;38;29/12/2025;06/08/2026;CONFERMA;NO;0,8;Aliquota unica;;;;;;;;;;;;;;;;;;;;;;;1;0
B824;CURA CARPIGNANO;PV;32;18/12/2025;02/01/2026;CONFERMA;SI;0;Esenzione per redditi imponibili fino a euro 15.000,00;,8;Aliquota unica;;;;;;;;;;;;;;;;;;;;;2;15000
D214;CURCURIS;OR;;;;;NO;0*;;;;;;;;;;;;;;;;;;;;;;;;;0
D216;CUREGGIO;NO;28;29/12/2025;05/02/2026;CONFERMA;SI;0;Esenzione per redditi imponibili fino a euro 10.000,00;,6;Aliquota unica;;;;;;;;;;;;;;;;;;;;;2;10000
D217;CURIGLIA CON MONTEVIASCO;VA;4;05/03/2026;11/03/2026;CONFERMA;NO;0,8;Aliquota unica;;;;;;;;;;;;;;;;;;;;;;;1;0
D218;CURINGA;CZ;;;;;NO;0*;;;;;;;;;;;;;;;;;;;;;;;;;0
D219;CURINO;BI;;;;;NO;0*;;;;;;;;;;;;;;;;;;;;;;;;;0
D221;CURNO;BG;54;22/12/2025;16/04/2026;CONFERMA;SI;0,35;Applicabile a scaglione di reddito fino a euro 28.000,00;,8;Applicabile a scaglione di reddito da euro 28.000,01 fino a euro 50.000,00;,8;Applicabile a scaglione di reddito oltre euro 50.000,00;;;;;;;;;;;;;;;;;;;3;0
D222;CURON VENOSTA;BZ;;;;;NO;0*;;;;;;;;;;;;;;;;;;;;;;;;;0
D223;CURSI;LE;;;;;NO;0*;;;;;;;;;;;;;;;;;;;;;;;;;0
D226;CURTAROLO;PD;148;21/11/2025;19/01/2026;CONFERMA;SI;0;Esenzione per redditi imponibili fino a euro 10.500,00;,8;Aliquota unica;;;;;;;;;;;;;;;;;;;;;2;10500
D227;CURTATONE;MN;57;23/12/2025;16/03/2026;CONFERMA;SI;0;Esenzione per redditi imponibili fino a euro 15.000,00;,8;Aliquota unica;;;;;;;;;;;;;;;;;;;;;2;15000
D228;CURTI;CE;;;;;NO;0*;;;;;;;;;;;;;;;;;;;;;;;;;0
D229;CUSAGO;MI;50;17/12/2025;07/05/2026;CONFERMA;SI;0;Esenzione per redditi imponibili fino a euro 10.000,00;,75;Aliquota unica;;;;;;;;;;;;;;;;;;;;;2;10000
D231;CUSANO MILANINO;MI;65;26/11/2025;03/02/2026;CONFERMA;NO;0,8;Aliquota unica;;;;;;;;;;;;;;;;;;;;;;;1;0
D230;CUSANO MUTRI;BN;;;;;NO;0*;;;;;;;;;;;;;;;;;;;;;;;;;0
D232;CUSINO;CO;;;;;NO;0*;;;;;;;;;;;;;;;;;;;;;;;;;0
D233;CUSIO;BG;15;16/12/2025;30/06/2026;CONFERMA;NO;0,4;Aliquota unica;;;;;;;;;;;;;;;;;;;;;;;1;0
D234;CUSTONACI;TP;;;;;NO;0*;;;;;;;;;;;;;;;;;;;;;;;;;0
D236;CUTRO;KR;;;;;NO;0*;;;;;;;;;;;;;;;;;;;;;;;;;0
D237;CUTROFIANO;LE;;;;;NO;0*;;;;;;;;;;;;;;;;;;;;;;;;;0
D238;CUVEGLIO;VA;41;10/12/2025;12/01/2026;MODIFICA;NO;0,7;Aliquota unica;;;;;;;;;;;;;;;;;;;;;;;1;0
D239;CUVIO;VA;31;19/12/2025;09/01/2026;CONFERMA;NO;0,7;Aliquota unica;;;;;;;;;;;;;;;;;;;;;;;1;0
D244;DAIRAGO;MI;;;;;NO;0*;;;;;;;;;;;;;;;;;;;;;;;;;0
D245;DALMINE;BG;92;22/12/2025;05/03/2026;CONFERMA;SI;0;Esenzione per redditi imponibili fino a euro 13.000,00;,58;Aliquota unica;;;;;;;;;;;;;;;;;;;;;2;13000
D246;DAMBEL;TN;;;;;NO;0*;;;;;;;;;;;;;;;;;;;;;;;;;0
D247;DANTA DI CADORE;BL;29;30/12/2025;20/01/2026;CONFERMA;NO;0,8;Aliquota unica;;;;;;;;;;;;;;;;;;;;;;;1;0
D251;DARFO BOARIO TERME;BS;167;29/10/2025;01/07/2026;CONFERMA;NO;0,5;Aliquota unica;;;;;;;;;;;;;;;;;;;;;;;1;0
D253;DASA';VV;31;22/12/2025;06/03/2026;CONFERMA;SI;0;Esenzione per redditi imponibili fino a euro 8.000,00;,8;Aliquota unica;;;;;;;;;;;;;;;;;;;;;2;8000
D255;DAVAGNA;GE;19;16/12/2025;22/01/2026;CONFERMA;NO;0,8;Aliquota unica;;;;;;;;;;;;;;;;;;;;;;;1;0
D256;DAVERIO;VA;28;22/12/2025;22/01/2026;CONFERMA;NO;0,8;Aliquota unica;;;;;;;;;;;;;;;;;;;;;;;1;0
D257;DAVOLI;CZ;;;;;NO;0*;;;;;;;;;;;;;;;;;;;;;;;;;0
D258;DAZIO;SO;;;;;NO;0*;;;;;;;;;;;;;;;;;;;;;;;;;0
D259;DECIMOMANNU;CA;;;;;NO;0*;;;;;;;;;;;;;;;;;;;;;;;;;0
D260;DECIMOPUTZU;SU;47;23/12/2025;17/02/2026;MODIFICA;NO;0,5;Aliquota unica;;;;;;;;;;;;;;;;;;;;;;;1;0
D261;DECOLLATURA;CZ;;;;;NO;0*;;;;;;;;;;;;;;;;;;;;;;;;;0
D264;DEGO;SV;23;23/10/2025;07/01/2026;MODIFICA;NO;0,8;Aliquota unica;;;;;;;;;;;;;;;;;;;;;;;1;0
D265;DEIVA MARINA;SP;;;;;NO;0*;;;;;;;;;;;;;;;;;;;;;;;;;0
D266;DELEBIO;SO;28;18/12/2025;09/01/2026;CONFERMA;NO;0,8;Aliquota unica;;;;;;;;;;;;;;;;;;;;;;;1;0
D267;DELIA;CL;4;09/02/2026;16/03/2026;CONFERMA;NO;0,8;Aliquota unica;;;;;;;;;;;;;;;;;;;;;;;1;0
D268;DELIANUOVA;RC;;;;;NO;0*;;;;;;;;;;;;;;;;;;;;;;;;;0
D269;DELICETO;FG;;;;;NO;0*;;;;;;;;;;;;;;;;;;;;;;;;;0
D270;DELLO;BS;4;26/02/2026;05/05/2026;CONFERMA;NO;0,7;Aliquota unica;;;;;;;;;;;;;;;;;;;;;;;1;0
D271;DEMONTE;CN;30;18/12/2025;06/02/2026;MODIFICA;NO;0,8;Aliquota unica;;;;;;;;;;;;;;;;;;;;;;;1;0
D272;DENICE;AL;;;;;NO;0*;;;;;;;;;;;;;;;;;;;;;;;;;0
D273;DENNO;TN;;;;;NO;0*;;;;;;;;;;;;;;;;;;;;;;;;;0
D277;DERNICE;AL;16;23/12/2025;19/01/2026;ISTITUISCE;NO;0,7;Aliquota unica;;;;;;;;;;;;;;;;;;;;;;;1;0
D278;DEROVERE;CR;;;;;NO;0*;;;;;;;;;;;;;;;;;;;;;;;;;0
D279;DERUTA;PG;;;;;NO;0*;;;;;;;;;;;;;;;;;;;;;;;;;0
D280;DERVIO;LC;64;19/12/2025;15/01/2026;CONFERMA;SI;0;Esenzione per redditi imponibili fino a euro 10.000,00;,8;Aliquota unica;;;;;;;;;;;;;;;;;;;;;2;10000
D281;DESANA;VC;37;24/11/2025;30/01/2026;CONFERMA;NO;0,7;Aliquota unica;;;;;;;;;;;;;;;;;;;;;;;1;0
D284;DESENZANO DEL GARDA;BS;;;;;NO;0*;;;;;;;;;;;;;;;;;;;;;;;;;0
D286;DESIO;MB;;;;;NO;0*;;;;;;;;;;;;;;;;;;;;;;;;;0
D287;DESULO;NU;;;;;NO;0*;;;;;;;;;;;;;;;;;;;;;;;;;0
D289;DIAMANTE;CS;;;;;NO;0*;;;;;;;;;;;;;;;;;;;;;;;;;0
D293;DIANO ARENTINO;IM;;;;;NO;0*;;;;;;;;;;;;;;;;;;;;;;;;;0
D296;DIANO CASTELLO;IM;;;;;NO;0*;;;;;;;;;;;;;;;;;;;;;;;;;0
D291;DIANO D'ALBA;CN;;;;;NO;0*;;;;;;;;;;;;;;;;;;;;;;;;;0
D297;DIANO MARINA;IM;;;;;NO;0*;;;;;;;;;;;;;;;;;;;;;;;;;0
D298;DIANO SAN PIETRO;IM;;;;;NO;0*;;;;;;;;;;;;;;;;;;;;;;;;;0
D299;DICOMANO;FI;;;;;NO;0*;;;;;;;;;;;;;;;;;;;;;;;;;0
D300;DIGNANO;UD;39;23/12/2025;13/01/2026;CONFERMA;SI;0;Esenzione per redditi imponibili fino a euro 14.000,00;,5;Applicabile a scaglione di reddito fino a euro 28.000,00;,7;Applicabile a scaglione di reddito da euro 28.000,01 fino a euro 50.000,00;,8;Applicabile a scaglione di reddito oltre euro 50.000,00;;;;;;;;;;;;;;;;;4;14000
M366;DIMARO FOLGARIDA;TN;;;;;NO;0*;;;;;;;;;;;;;;;;;;;;;;;;;0
D303;DINAMI;VV;19;22/10/2025;17/03/2026;CONFERMA;NO;0,8;Aliquota unica;;;;;;;;;;;;;;;;;;;;;;;1;0
D304;DIPIGNANO;CS;28;27/12/2025;14/01/2026;MODIFICA;NO;0,8;Aliquota unica;;;;;;;;;;;;;;;;;;;;;;;1;0
D305;DISO;LE;;;;;NO;0*;;;;;;;;;;;;;;;;;;;;;;;;;0
D309;DIVIGNANO;NO;23;22/12/2025;14/07/2026;CONFERMA;NO;0,8;Aliquota unica;;;;;;;;;;;;;;;;;;;;;;;1;0
D310;DIZZASCO;CO;23;15/11/2025;05/01/2026;CONFERMA;NO;0,6;Aliquota unica;;;;;;;;;;;;;;;;;;;;;;;1;0
D311;DOBBIACO;BZ;;;;;NO;0*;;;;;;;;;;;;;;;;;;;;;;;;;0
D312;DOBERDO' DEL LAGO;GO;29;23/12/2025;19/01/2026;CONFERMA;SI;0;Esenzione per redditi imponibili fino a euro 12.499,99;,8;Aliquota unica;;;;;;;;;;;;;;;;;;;;;2;12499,99
D314;DOGLIANI;CN;25;22/12/2025;19/01/2026;DELIBERA ADOTTATA EX ART. 1, COMMA 751, L. 207/2024;SI;0,4;Applicabile a redditi fino a 15.000,00;,41;Applicabile a oltre Euro 15.000,00 fino a euro 28.000,00;,5;Applicabile a oltre euro 28.000,00 fino a euro 50.000,00;,7;Applicabile a oltre euro 50.000,00;0;Esenzione per redditi imponibili fino a euro 10.000,00;;;;;;;;;;;;;;;0;0
D315;DOGLIOLA;CH;;;;;NO;0*;;;;;;;;;;;;;;;;;;;;;;;;;0
D316;DOGNA;UD;;;;;NO;0*;;;;;;;;;;;;;;;;;;;;;;;;;0
D317;DOLCE';VR;;;;;NO;0*;;;;;;;;;;;;;;;;;;;;;;;;;0
D318;DOLCEACQUA;IM;32;18/12/2025;20/01/2026;CONFERMA;NO;0,4;Aliquota unica;;;;;;;;;;;;;;;;;;;;;;;1;0
D319;DOLCEDO;IM;35;25/11/2025;12/01/2026;CONFERMA;NO;0,8;Aliquota unica;;;;;;;;;;;;;;;;;;;;;;;1;0
D321;DOLEGNA DEL COLLIO;GO;24;16/12/2025;07/01/2026;CONFERMA;NO;0,5;Aliquota unica;;;;;;;;;;;;;;;;;;;;;;;1;0
D323;DOLIANOVA;SU;33;11/12/2025;15/01/2026;CONFERMA;SI;0,55;Applicabile a scaglione di reddito fino a euro 28.000,00;,65;Applicabile a scaglione di reddito da euro 28.000,01 fino a euro 50.000,00;,75;Applicabile a scaglione di reddito oltre euro 50.000,00;;;;;;;;;;;;;;;;;;;3;0
D325;DOLO;VE;59;26/11/2025;07/01/2026;CONFERMA;SI;0;Esenzione per redditi imponibili fino a euro 12.000,00;,8;Aliquota unica;;;;;;;;;;;;;;;;;;;;;2;12000
D327;DOLZAGO;LC;44;20/12/2025;08/06/2026;CONFERMA;SI;0,2;Applicabile a scaglioni di reddito fino a euro 15.000,00;,35;Applicabile a scaglioni di reddito da euro 15.001,00 fino a euro 28.000,00;,5;Applicabile a scaglioni di reddito da euro 28.001,00 fino a euro 50.000,00;,75;Applicabile a scaglioni di reddito OLTRE EURO 50.000,00;0;Esenzione per redditi imponibili fino a euro 15.000,00;;;;;;;;;;;;;;;0;0
D328;DOMANICO;CS;;;;;NO;0*;;;;;;;;;;;;;;;;;;;;;;;;;0
D329;DOMASO;CO;;;;;NO;0*;;;;;;;;;;;;;;;;;;;;;;;;;0
D330;DOMEGGE DI CADORE;BL;4;28/02/2026;30/03/2026;CONFERMA;SI;0;Esenzione per redditi imponibili fino a euro 12.000,00;,8;Aliquota unica;;;;;;;;;;;;;;;;;;;;;2;12000
D331;DOMICELLA;AV;3;06/03/2026;18/03/2026;CONFERMA;SI;0;Esenzione per redditi imponibili fino a euro 10.000,00;,6;Applicabile a scaglione di reddito fino a euro 28.000,00;,75;Applicabile a scaglione di reddito da euro 28.000,01 fino a euro 50.000,00;,8;Applicabile a scaglione di reddito oltre euro 50.000,00;;;;;;;;;;;;;;;;;4;10000
D332;DOMODOSSOLA;VB;;;;;NO;0*;;;;;;;;;;;;;;;;;;;;;;;;;0
D333;DOMUS DE MARIA;SU;37;23/12/2025;08/01/2026;CONFERMA;SI;0;Esenzione per redditi imponibili fino a euro 8.999,99;,5;Aliquota unica;;;;;;;;;;;;;;;;;;;;;2;8999,99
D334;DOMUSNOVAS;SU;;;;;NO;0*;;;;;;;;;;;;;;;;;;;;;;;;;0
D339;DONATO;BI;;;;;NO;0*;;;;;;;;;;;;;;;;;;;;;;;;;0
D341;DONGO;CO;35;22/12/2025;05/03/2026;CONFERMA;NO;0,5;Aliquota unica;;;;;;;;;;;;;;;;;;;;;;;1;0
D338;DONNAS;AO;;;;;NO;0*;;;;;;;;;;;;;;;;;;;;;;;;;0
D344;DONORI;SU;29;24/11/2025;26/08/2026;CONFERMA;NO;0,2;Aliquota unica;;;;;;;;;;;;;;;;;;;;;;;1;0
D345;DORGALI;NU;;;;;NO;0*;;;;;;;;;;;;;;;;;;;;;;;;;0
D346;DORIO;LC;;;;;NO;0*;;;;;;;;;;;;;;;;;;;;;;;;;0
D347;DORMELLETTO;NO;;;;;NO;0*;;;;;;;;;;;;;;;;;;;;;;;;;0
D348;DORNO;PV;55;20/12/2025;19/01/2026;MODIFICA;SI;0;Esenzione per redditi imponibili fino a euro 12.000,00;,75;Applicabile a scaglione di reddito fino a euro 28.000,00;,78;Applicabile a scaglione di reddito da euro 28.000,01 fino a euro 50.000,00;,8;Applicabile a scaglione di reddito oltre euro 50.000,00;;;;;;;;;;;;;;;;;4;12000
D350;DORZANO;BI;28;23/12/2025;06/03/2026;CONFERMA;NO;0,5;Aliquota unica;;;;;;;;;;;;;;;;;;;;;;;1;0
D351;DOSOLO;MN;29;20/12/2025;22/01/2026;DELIBERA ADOTTATA EX ART. 1, COMMA 751, L. 207/2024;SI;0,6;Applicabile a scaglione di reddito fino a euro 15.000,00;,65;Applicabile a scaglione di reddito da euro 15.000,01 fino a euro 28.000,00;,78;Applicabile a scaglione di reddito da euro 28.000,01 fino a euro 50.000,00;,8;Applicabile a scaglione di reddito oltre euro 50.000,00;0;Esenzione per redditi imponibili fino a euro 15.000,00;;;;;;;;;;;;;;;0;0
D352;DOSSENA;BG;;;;;NO;0*;;;;;;;;;;;;;;;;;;;;;;;;;0
D355;DOSSO DEL LIRO;CO;;;;;NO;0*;;;;;;;;;;;;;;;;;;;;;;;;;0
D356;DOUES;AO;;;;;NO;0*;;;;;;;;;;;;;;;;;;;;;;;;;0
D357;DOVADOLA;FC;;;;;NO;0*;;;;;;;;;;;;;;;;;;;;;;;;;0
D358;DOVERA;CR;;;;;NO;0*;;;;;;;;;;;;;;;;;;;;;;;;;0
D360;DOZZA;BO;;;;;NO;0*;;;;;;;;;;;;;;;;;;;;;;;;;0
D361;DRAGONI;CE;3;05/02/2026;16/02/2026;CONFERMA;NO;0,8;Aliquota unica;;;;;;;;;;;;;;;;;;;;;;;1;0
D364;DRAPIA;VV;;;;;NO;0*;;;;;;;;;;;;;;;;;;;;;;;;;0
D365;DRENA;TN;;;;;NO;0*;;;;;;;;;;;;;;;;;;;;;;;;;0
D366;DRENCHIA;UD;;;;;NO;0*;;;;;;;;;;;;;;;;;;;;;;;;;0
D367;DRESANO;MI;27;11/11/2025;19/01/2026;CONFERMA;SI;0;Esenzione per redditi imponibili fino a euro 15.000,00;,6;Applicabile a scaglione di reddito fino a euro 28.000,00;,6;Applicabile a scaglione di reddito da euro 28.000,01 fino a euro 50.000,00;,8;Applicabile a scaglione di reddito oltre euro 50.000,00;;;;;;;;;;;;;;;;;4;15000
D371;DRO;TN;;;;;NO;0*;;;;;;;;;;;;;;;;;;;;;;;;;0
D372;DRONERO;CN;42;22/12/2025;23/02/2026;CONFERMA;NO;0,8;Aliquota unica;;;;;;;;;;;;;;;;;;;;;;;1;0
D373;DRUENTO;TO;;;;;NO;0*;;;;;;;;;;;;;;;;;;;;;;;;;0
D374;DRUOGNO;VB;;;;;NO;0*;;;;;;;;;;;;;;;;;;;;;;;;;0
D376;DUALCHI;NU;;;;;NO;0*;;;;;;;;;;;;;;;;;;;;;;;;;0
D377;DUBINO;SO;;;;;NO;0*;;;;;;;;;;;;;;;;;;;;;;;;;0
M300;DUE CARRARE;PD;50;23/12/2025;30/01/2026;CONFERMA;SI;0;Esenzione per redditi imponibili fino a euro 10.000,00;,76;Aliquota unica;;;;;;;;;;;;;;;;;;;;;2;10000
D379;DUEVILLE;VI;;;;;NO;0*;;;;;;;;;;;;;;;;;;;;;;;;;0
D380;DUGENTA;BN;;;;;NO;0*;;;;;;;;;;;;;;;;;;;;;;;;;0
D383;DUINO-AURISINA;TS;;;;;NO;0*;;;;;;;;;;;;;;;;;;;;;;;;;0
D384;DUMENZA;VA;2;23/01/2026;11/03/2026;CONFERMA;NO;0,8;Aliquota unica;;;;;;;;;;;;;;;;;;;;;;;1;0
D385;DUNO;VA;;;;;NO;0*;;;;;;;;;;;;;;;;;;;;;;;;;0
D386;DURAZZANO;BN;;;;;NO;0*;;;;;;;;;;;;;;;;;;;;;;;;;0
C772;DURONIA;CB;;;;;NO;0*;;;;;;;;;;;;;;;;;;;;;;;;;0
D388;DUSINO SAN MICHELE;AT;29;13/12/2025;02/02/2026;CONFERMA;NO;0,8;Aliquota unica;;;;;;;;;;;;;;;;;;;;;;;1;0
D390;EBOLI;SA;;;;;NO;0*;;;;;;;;;;;;;;;;;;;;;;;;;0
D391;EDOLO;BS;;;;;NO;0*;;;;;;;;;;;;;;;;;;;;;;;;;0
D392;EGNA;BZ;;;;;NO;0*;;;;;;;;;;;;;;;;;;;;;;;;;0
D394;ELICE;PE;;;;;NO;0*;;;;;;;;;;;;;;;;;;;;;;;;;0
D395;ELINI;NU;;;;;NO;0*;;;;;;;;;;;;;;;;;;;;;;;;;0
D398;ELLO;LC;;;;;NO;0*;;;;;;;;;;;;;;;;;;;;;;;;;0
D399;ELMAS;CA;;;;;NO;0*;;;;;;;;;;;;;;;;;;;;;;;;;0
D401;ELVA;CN;;;;;NO;0*;;;;;;;;;;;;;;;;;;;;;;;;;0
D402;EMARESE;AO;;;;;NO;0*;;;;;;;;;;;;;;;;;;;;;;;;;0
D403;EMPOLI;FI;;;;;NO;0*;;;;;;;;;;;;;;;;;;;;;;;;;0
D406;ENDINE GAIANO;BG;;;;;NO;0*;;;;;;;;;;;;;;;;;;;;;;;;;0
D407;ENEGO;VI;52;12/12/2025;15/01/2026;CONFERMA;NO;0,8;Aliquota unica;;;;;;;;;;;;;;;;;;;;;;;1;0
D408;ENEMONZO;UD;40;19/12/2025;14/07/2026;CONFERMA;SI;0;Esenzione per redditi imponibili fino a euro 8.000,00;,4;Aliquota unica;;;;;;;;;;;;;;;;;;;;;2;8000
C342;ENNA;EN;;;;;NO;0*;;;;;;;;;;;;;;;;;;;;;;;;;0
D410;ENTRACQUE;CN;;;;;NO;0*;;;;;;;;;;;;;;;;;;;;;;;;;0
D411;ENTRATICO;BG;1;24/02/2026;16/04/2026;CONFERMA;NO;0,6;Aliquota unica;;;;;;;;;;;;;;;;;;;;;;;1;0
D412;ENVIE;CN;24;16/12/2025;19/01/2026;MODIFICA;SI;0,35;Aliquota unica;0;Esenzione per i contribuenti con reddito imponibile, ai fini dell’addizionale comunale all’IRPEF, derivante da lavoro dipendente, assimilato o da pensione, anche in presenza di reddito immobiliare, e complessivamente non superiore a 10.000,00 (diecimila) euro annui, esenzione che non rappresenta una franchigia e di conseguenza non riguarda chi percepisce redditi superiori alla soglia.;;;;;;;;;;;;;;;;;;;;;5;0
D414;EPISCOPIA;PZ;4;23/02/2026;27/02/2026;CONFERMA;NO;0,8;Aliquota unica;;;;;;;;;;;;;;;;;;;;;;;1;0
D415;ERACLEA;VE;;;;;NO;0*;;;;;;;;;;;;;;;;;;;;;;;;;0
D416;ERBA;CO;;;;;NO;0*;;;;;;;;;;;;;;;;;;;;;;;;;0
D419;ERBE';VR;28;19/11/2025;09/01/2026;CONFERMA;NO;0,7;Aliquota unica;;;;;;;;;;;;;;;;;;;;;;;1;0
D420;ERBEZZO;VR;;;;;NO;0*;;;;;;;;;;;;;;;;;;;;;;;;;0
D421;ERBUSCO;BS;36;23/12/2025;19/01/2026;CONFERMA;SI;0;Esenzione per redditi imponibili fino a euro 20.000,00;,55;Aliquota unica;;;;;;;;;;;;;;;;;;;;;2;20000
D422;ERCHIE;BR;;;;;NO;0*;;;;;;;;;;;;;;;;;;;;;;;;;0
H243;ERCOLANO;NA;;;;;NO;0*;;;;;;;;;;;;;;;;;;;;;;;;;0
D423;ERICE;TP;;;;;NO;0*;;;;;;;;;;;;;;;;;;;;;;;;;0
D424;ERLI;SV;13;04/12/2025;07/01/2026;CONFERMA;NO;0,4;Aliquota unica;;;;;;;;;;;;;;;;;;;;;;;1;0
D426;ERTO E CASSO;PN;;;;;NO;0*;;;;;;;;;;;;;;;;;;;;;;;;;0
M292;ERULA;SS;;;;;NO;0*;;;;;;;;;;;;;;;;;;;;;;;;;0
D428;ERVE;LC;36;23/12/2025;08/01/2026;CONFERMA;NO;0,7;Aliquota unica;;;;;;;;;;;;;;;;;;;;;;;1;0
D429;ESANATOGLIA;MC;;;;;NO;0*;;;;;;;;;;;;;;;;;;;;;;;;;0
D430;ESCALAPLANO;SU;;;;;NO;0*;;;;;;;;;;;;;;;;;;;;;;;;;0
D431;ESCOLCA;SU;;;;;NO;0*;;;;;;;;;;;;;;;;;;;;;;;;;0
D434;ESINE;BS;;;;;NO;0*;;;;;;;;;;;;;;;;;;;;;;;;;0
D436;ESINO LARIO;LC;;;;;NO;0*;;;;;;;;;;;;;;;;;;;;;;;;;0
D440;ESPERIA;FR;59;16/12/2025;22/06/2026;CONFERMA;SI;0;Esenzione per redditi imponibili fino a euro 10.000,00;,8;Aliquota unica;;;;;;;;;;;;;;;;;;;;;2;10000
D441;ESPORLATU;SS;;;;;NO;0*;;;;;;;;;;;;;;;;;;;;;;;;;0
D442;ESTE;PD;;;;;NO;0*;;;;;;;;;;;;;;;;;;;;;;;;;0
D443;ESTERZILI;SU;;;;;NO;0*;;;;;;;;;;;;;;;;;;;;;;;;;0
D444;ETROUBLES;AO;;;;;NO;0*;;;;;;;;;;;;;;;;;;;;;;;;;0
D445;EUPILIO;CO;;;;;NO;0*;;;;;;;;;;;;;;;;;;;;;;;;;0
D433;EXILLES;TO;;;;;NO;0*;;;;;;;;;;;;;;;;;;;;;;;;;0
D447;FABBRICA CURONE;AL;;;;;NO;0*;;;;;;;;;;;;;;;;;;;;;;;;;0
M319;FABBRICHE DI VERGEMOLI;LU;;;;;NO;0*;;;;;;;;;;;;;;;;;;;;;;;;;0
D450;FABBRICO;RE;58;11/12/2025;25/05/2026;CONFERMA;SI;0;Esenzione per redditi imponibili fino a euro 15.000,00;,5;Applicabile a scaglione di reddito fino a euro 28.000,00;,79;Applicabile a scaglione di reddito da euro 28.000,01 fino a euro 50.000,00;,8;Applicabile a scaglione di reddito oltre euro 50.000,00;;;;;;;;;;;;;;;;;4;15000
D451;FABRIANO;AN;81;17/12/2025;15/01/2026;CONFERMA;SI;0;Esenzione per redditi imponibili fino a euro 11.999,99;,8;Aliquota unica;;;;;;;;;;;;;;;;;;;;;2;11999,99
D452;FABRICA DI ROMA;VT;37;29/12/2025;19/01/2026;CONFERMA;NO;0,8;Aliquota unica;;;;;;;;;;;;;;;;;;;;;;;1;0
D453;FABRIZIA;VV;;;;;NO;0*;;;;;;;;;;;;;;;;;;;;;;;;;0
D454;FABRO;TR;;;;;NO;0*;;;;;;;;;;;;;;;;;;;;;;;;;0
D455;FAEDIS;UD;;;;;NO;0*;;;;;;;;;;;;;;;;;;;;;;;;;0
D456;FAEDO VALTELLINO;SO;;;;;NO;0*;;;;;;;;;;;;;;;;;;;;;;;;;0
D458;FAENZA;RA;;;;;NO;0*;;;;;;;;;;;;;;;;;;;;;;;;;0
D459;FAETO;FG;;;;;NO;0*;;;;;;;;;;;;;;;;;;;;;;;;;0
D461;FAGAGNA;UD;;;;;NO;0*;;;;;;;;;;;;;;;;;;;;;;;;;0
D462;FAGGETO LARIO;CO;31;26/11/2025;14/01/2026;CONFERMA;SI;0,55;Aliquota unica;0;Esenzione per i contribuenti che hanno un reddito annuo complessivo derivante da lavoro dipendente, autonomo o da pensioni, imponibile inferiore a euro 7.999,99;;;;;;;;;;;;;;;;;;;;;5;0
D463;FAGGIANO;TA;;;;;NO;0*;;;;;;;;;;;;;;;;;;;;;;;;;0
D465;FAGNANO ALTO;AQ;25;29/12/2025;09/01/2026;CONFERMA;SI;0;Esenzione per redditi imponibili fino a euro 7.500,00;,5;Aliquota unica;;;;;;;;;;;;;;;;;;;;;2;7500
D464;FAGNANO CASTELLO;CS;;;;;NO;0*;;;;;;;;;;;;;;;;;;;;;;;;;0
D467;FAGNANO OLONA;VA;74;18/12/2025;04/02/2026;CONFERMA;SI;0;Esenzione per redditi imponibili fino a euro 12.500,00;,8;Aliquota unica;;;;;;;;;;;;;;;;;;;;;2;12500
D468;FAI DELLA PAGANELLA;TN;;;;;NO;0*;;;;;;;;;;;;;;;;;;;;;;;;;0
D469;FAICCHIO;BN;;;;;NO;0*;;;;;;;;;;;;;;;;;;;;;;;;;0
D470;FALCADE;BL;84;12/11/2025;07/01/2026;CONFERMA;SI;0;Esenzione per redditi imponibili fino a euro 7.999,99;,75;Aliquota unica;;;;;;;;;;;;;;;;;;;;;2;7999,99
D471;FALCIANO DEL MASSICO;CE;;;;;NO;0*;;;;;;;;;;;;;;;;;;;;;;;;;0
D473;FALCONARA ALBANESE;CS;;;;;NO;0*;;;;;;;;;;;;;;;;;;;;;;;;;0
D472;FALCONARA MARITTIMA;AN;;;;;NO;0*;;;;;;;;;;;;;;;;;;;;;;;;;0
D474;FALCONE;ME;;;;;NO;0*;;;;;;;;;;;;;;;;;;;;;;;;;0
D475;FALERIA;VT;;;;;NO;0*;;;;;;;;;;;;;;;;;;;;;;;;;0
D476;FALERNA;CZ;2;17/03/2026;04/05/2026;CONFERMA;NO;0,8;Aliquota unica;;;;;;;;;;;;;;;;;;;;;;;1;0
D477;FALERONE;FM;40;30/12/2025;30/07/2026;CONFERMA;NO;0,8;Aliquota unica;;;;;;;;;;;;;;;;;;;;;;;1;0
D480;FALLO;CH;;;;;NO;0*;;;;;;;;;;;;;;;;;;;;;;;;;0
D482;FALOPPIO;CO;;;;;NO;0*;;;;;;;;;;;;;;;;;;;;;;;;;0
D483;FALVATERRA;FR;30;30/12/2025;09/03/2026;CONFERMA;NO;0,8;Aliquota unica;;;;;;;;;;;;;;;;;;;;;;;1;0
D484;FALZES;BZ;;;;;NO;0*;;;;;;;;;;;;;;;;;;;;;;;;;0
D486;FANANO;MO;;;;;NO;0*;;;;;;;;;;;;;;;;;;;;;;;;;0
D487;FANNA;PN;;;;;NO;0*;;;;;;;;;;;;;;;;;;;;;;;;;0
D488;FANO;PU;;;;;NO;0*;;;;;;;;;;;;;;;;;;;;;;;;;0
D489;FANO ADRIANO;TE;;;;;NO;0*;;;;;;;;;;;;;;;;;;;;;;;;;0
D494;FARA FILIORUM PETRI;CH;19;12/11/2025;13/01/2026;CONFERMA;SI;0;Esenzione per redditi imponibili fino a euro 5.000,00;,68;Aliquota unica;;;;;;;;;;;;;;;;;;;;;2;5000
D490;FARA GERA D'ADDA;BG;35;10/12/2025;05/02/2026;CONFERMA;SI;0;Esenzione per redditi imponibili fino a euro 15.000,00;,71;Applicabile a scaglione di reddito fino a euro 28.000,00;,75;Applicabile a scaglione di reddito da euro 28.000,01 fino a euro 50.000,00;,8;Applicabile a scaglione di reddito oltre euro 50.000,00;;;;;;;;;;;;;;;;;4;15000
D493;FARA IN SABINA;RI;61;23/12/2025;16/02/2026;CONFERMA;NO;0,8;Aliquota unica;;;;;;;;;;;;;;;;;;;;;;;1;0
D492;FARA NOVARESE;NO;;;;;NO;0*;;;;;;;;;;;;;;;;;;;;;;;;;0
D491;FARA OLIVANA CON SOLA;BG;;;;;NO;0*;;;;;;;;;;;;;;;;;;;;;;;;;0
D495;FARA SAN MARTINO;CH;;;;;NO;0*;;;;;;;;;;;;;;;;;;;;;;;;;0
D496;FARA VICENTINO;VI;;;;;NO;0*;;;;;;;;;;;;;;;;;;;;;;;;;0
D497;FARDELLA;PZ;;;;;NO;0*;;;;;;;;;;;;;;;;;;;;;;;;;0
D499;FARIGLIANO;CN;;;;;NO;0*;;;;;;;;;;;;;;;;;;;;;;;;;0
D501;FARINDOLA;PE;2;15/01/2026;03/03/2026;MODIFICA;NO;0,8;Aliquota unica;;;;;;;;;;;;;;;;;;;;;;;1;0
D502;FARINI;PC;;;;;NO;0*;;;;;;;;;;;;;;;;;;;;;;;;;0
D503;FARNESE;VT;48;29/12/2025;08/07/2026;MODIFICA;NO;0,7;Aliquota unica;;;;;;;;;;;;;;;;;;;;;;;1;0
D505;FARRA DI SOLIGO;TV;43;30/12/2025;30/07/2026;CONFERMA;NO;0,6;Aliquota unica;;;;;;;;;;;;;;;;;;;;;;;1;0
D504;FARRA D'ISONZO;GO;31;29/12/2025;05/08/2026;CONFERMA;SI;0;Esenzione per redditi imponibili fino a euro 15.000,00;,7;Applicabile a scaglione di reddito fino a euro 28.000,00;,75;Applicabile a scaglione di reddito da euro 28.000,01 fino a euro 50.000,00;,8;Applicabile a scaglione di reddito oltre euro 50.000,00;;;;;;;;;;;;;;;;;4;15000
D508;FASANO;BR;;;;;NO;0*;;;;;;;;;;;;;;;;;;;;;;;;;0
D509;FASCIA;GE;14;12/12/2025;19/01/2026;CONFERMA;NO;0,5;Aliquota unica;;;;;;;;;;;;;;;;;;;;;;;1;0
D510;FAUGLIA;PI;52;31/12/2025;22/01/2026;DELIBERA ADOTTATA EX ART. 1, COMMA 751, L. 207/2024;SI;0,53;Applicabile a redditi fino a 15.000,00;,77;Applicabile a redditi tra 15.000,01 e 28.000,00;,78;Applicabile a redditi tra 28.000,01 e 50.000,00;,8;Applicabile a redditi oltre 50.000,00;0;Esenzione per redditi imponibili fino a euro 7.500,00;;;;;;;;;;;;;;;0;0
D511;FAULE;CN;19;15/12/2025;25/08/2026;CONFERMA;NO;0,8;Aliquota unica;;;;;;;;;;;;;;;;;;;;;;;1;0
D512;FAVALE DI MALVARO;GE;24;17/12/2025;09/06/2026;MODIFICA;NO;0,8;Aliquota unica;;;;;;;;;;;;;;;;;;;;;;;1;0
D514;FAVARA;AG;18;26/03/2026;16/04/2026;CONFERMA;SI;0;Esenzione per redditi imponibili fino a euro 10.000,00;,8;Aliquota unica;;;;;;;;;;;;;;;;;;;;;2;10000
D518;FAVIGNANA;TP;;;;;NO;0*;;;;;;;;;;;;;;;;;;;;;;;;;0
D520;FAVRIA;TO;42;29/12/2025;21/08/2026;CONFERMA;SI;0;Esenzione per redditi imponibili fino a euro 15.000,00;,65;Applicabile a scaglione di reddito fino a euro 28.000,00;,78;Applicabile a scaglione di reddito da euro 28.000,01 fino a euro 50.000,00;,8;Applicabile a scaglione di reddito oltre euro 50.000,00;;;;;;;;;;;;;;;;;4;15000
D523;FEISOGLIO;CN;;;;;NO;0*;;;;;;;;;;;;;;;;;;;;;;;;;0
D524;FELETTO;TO;25;25/11/2025;23/07/2026;CONFERMA;SI;0;Esenzione per redditi imponibili fino a euro 10.000,00;,8;Aliquota unica;;;;;;;;;;;;;;;;;;;;;2;10000
D526;FELINO;PR;5;26/02/2026;01/04/2026;CONFERMA;SI;0;Esenzione per redditi imponibili fino a euro 12.000,00;,8;Aliquota unica;;;;;;;;;;;;;;;;;;;;;2;12000
D527;FELITTO;SA;;;;;NO;0*;;;;;;;;;;;;;;;;;;;;;;;;;0
D528;FELIZZANO;AL;2;28/02/2026;28/05/2026;CONFERMA;SI;0;Esenzione per redditi imponibili fino a euro 15.000,00;,8;Aliquota unica;;;;;;;;;;;;;;;;;;;;;2;15000
D530;FELTRE;BL;;;;;NO;0*;;;;;;;;;;;;;;;;;;;;;;;;;0
D531;FENEGRO';CO;28;23/12/2025;02/02/2026;CONFERMA;SI;0;Esenzione per redditi imponibili fino a euro 8.500,00;,68;Aliquota unica;;;;;;;;;;;;;;;;;;;;;2;8500
D532;FENESTRELLE;TO;40;16/12/2025;05/02/2026;MODIFICA;NO;0,6;Aliquota unica;;;;;;;;;;;;;;;;;;;;;;;1;0
D537;FENIS;AO;;;;;NO;0*;;;;;;;;;;;;;;;;;;;;;;;;;0
D538;FERENTILLO;TR;;;;;NO;0*;;;;;;;;;;;;;;;;;;;;;;;;;0
D539;FERENTINO;FR;;;;;NO;0*;;;;;;;;;;;;;;;;;;;;;;;;;0
D540;FERLA;SR;;;;;NO;0*;;;;;;;;;;;;;;;;;;;;;;;;;0
D541;FERMIGNANO;PU;;;;;NO;0*;;;;;;;;;;;;;;;;;;;;;;;;;0
D542;FERMO;FM;74;18/12/2025;03/02/2026;CONFERMA;SI;0;Esenzione per redditi imponibili fino a euro 9.000,00;,8;Aliquota unica;;;;;;;;;;;;;;;;;;;;;2;9000
D543;FERNO;VA;;;;;NO;0*;;;;;;;;;;;;;;;;;;;;;;;;;0
D544;FEROLETO ANTICO;CZ;;;;;NO;0*;;;;;;;;;;;;;;;;;;;;;;;;;0
D545;FEROLETO DELLA CHIESA;RC;;;;;NO;0*;;;;;;;;;;;;;;;;;;;;;;;;;0
D547;FERRANDINA;MT;;;;;NO;0*;;;;;;;;;;;;;;;;;;;;;;;;;0
D548;FERRARA;FE;;;;;NO;0*;;;;;;;;;;;;;;;;;;;;;;;;;0
D549;FERRARA DI MONTE BALDO;VR;;;;;NO;0*;;;;;;;;;;;;;;;;;;;;;;;;;0
D550;FERRAZZANO;CB;;;;;NO;0*;;;;;;;;;;;;;;;;;;;;;;;;;0
D551;FERRERA DI VARESE;VA;3;17/02/2026;24/03/2026;MODIFICA;SI;0;Esenzione per redditi imponibili fino a euro 11.999,99;,6;Aliquota unica;;;;;;;;;;;;;;;;;;;;;2;11999,99
D552;FERRERA ERBOGNONE;PV;;;;;NO;0*;;;;;;;;;;;;;;;;;;;;;;;;;0
D554;FERRERE;AT;;;;;NO;0*;;;;;;;;;;;;;;;;;;;;;;;;;0
D555;FERRIERE;PC;;;;;NO;0*;;;;;;;;;;;;;;;;;;;;;;;;;0
D557;FERRUZZANO;RC;;;;;NO;0*;;;;;;;;;;;;;;;;;;;;;;;;;0
D560;FIAMIGNANO;RI;;;;;NO;0*;;;;;;;;;;;;;;;;;;;;;;;;;0
D562;FIANO;TO;23;17/12/2025;14/01/2026;CONFERMA;SI;0;Esenzione per redditi imponibili fino a euro 15.000,00;,5;Applicabile a scaglione di reddito fino a euro 28.000,00;,6;Applicabile a scaglione di reddito da euro 28.000,01 fino a euro 50.000,00;,8;Applicabile a scaglione di reddito oltre euro 50.000,00;;;;;;;;;;;;;;;;;4;15000
D561;FIANO ROMANO;RM;5;05/03/2026;23/03/2026;CONFERMA;NO;0,8;Aliquota unica;;;;;;;;;;;;;;;;;;;;;;;1;0
D564;FIASTRA;MC;;;;;NO;0*;;;;;;;;;;;;;;;;;;;;;;;;;0
D565;FIAVE';TN;;;;;NO;0*;;;;;;;;;;;;;;;;;;;;;;;;;0
D567;FICARAZZI;PA;;;;;NO;0*;;;;;;;;;;;;;;;;;;;;;;;;;0
D568;FICAROLO;RO;35;22/12/2025;20/01/2026;CONFERMA;SI;0;Esenzione per redditi imponibili fino a euro 12.000,00;,8;Aliquota unica;;;;;;;;;;;;;;;;;;;;;2;12000
D569;FICARRA;ME;;;;;NO;0*;;;;;;;;;;;;;;;;;;;;;;;;;0
D570;FICULLE;TR;;;;;NO;0*;;;;;;;;;;;;;;;;;;;;;;;;;0
B034;FIDENZA;PR;;;;;NO;0*;;;;;;;;;;;;;;;;;;;;;;;;;0
D571;FIE' ALLO SCILIAR;BZ;;;;;NO;0*;;;;;;;;;;;;;;;;;;;;;;;;;0
D573;FIEROZZO;TN;;;;;NO;0*;;;;;;;;;;;;;;;;;;;;;;;;;0
D574;FIESCO;CR;27;29/12/2025;08/01/2026;CONFERMA;SI;0;Esenzione per redditi imponibili fino a euro 8.500,00;,75;Aliquota unica;;;;;;;;;;;;;;;;;;;;;2;8500
D575;FIESOLE;FI;;;;;NO;0*;;;;;;;;;;;;;;;;;;;;;;;;;0
D576;FIESSE;BS;;;;;NO;0*;;;;;;;;;;;;;;;;;;;;;;;;;0
D578;FIESSO D'ARTICO;VE;;;;;NO;0*;;;;;;;;;;;;;;;;;;;;;;;;;0
D577;FIESSO UMBERTIANO;RO;25;16/12/2025;14/01/2026;CONFERMA;SI;0;Esenzione per redditi imponibili fino a euro 12.000,00;,8;Aliquota unica;;;;;;;;;;;;;;;;;;;;;2;12000
D579;FIGINO SERENZA;CO;3;27/02/2026;23/03/2026;CONFERMA;NO;0,7;Aliquota unica;;;;;;;;;;;;;;;;;;;;;;;1;0
M321;FIGLINE E INCISA VALDARNO;FI;;;;;NO;0*;;;;;;;;;;;;;;;;;;;;;;;;;0
D582;FIGLINE VEGLIATURO;CS;24;15/12/2025;08/06/2026;CONFERMA;NO;0,8;Aliquota unica;;;;;;;;;;;;;;;;;;;;;;;1;0
D586;FILACCIANO;RM;26;22/12/2025;19/01/2026;MODIFICA;NO;0,8;Aliquota unica;;;;;;;;;;;;;;;;;;;;;;;1;0
D587;FILADELFIA;VV;;;;;NO;0*;;;;;;;;;;;;;;;;;;;;;;;;;0
D588;FILAGO;BG;;;;;NO;0*;;;;;;;;;;;;;;;;;;;;;;;;;0
D589;FILANDARI;VV;;;;;NO;0*;;;;;;;;;;;;;;;;;;;;;;;;;0
D590;FILATTIERA;MS;31;29/12/2025;14/01/2026;MODIFICA;NO;0,7;Aliquota unica;;;;;;;;;;;;;;;;;;;;;;;1;0
D591;FILETTINO;FR;;;;;NO;0*;;;;;;;;;;;;;;;;;;;;;;;;;0
D592;FILETTO;CH;;;;;NO;0*;;;;;;;;;;;;;;;;;;;;;;;;;0
D593;FILIANO;PZ;;;;;NO;0*;;;;;;;;;;;;;;;;;;;;;;;;;0
D594;FILIGHERA;PV;;;;;NO;0*;;;;;;;;;;;;;;;;;;;;;;;;;0
D595;FILIGNANO;IS;;;;;NO;0*;;;;;;;;;;;;;;;;;;;;;;;;;0
D596;FILOGASO;VV;;;;;NO;0*;;;;;;;;;;;;;;;;;;;;;;;;;0
D597;FILOTTRANO;AN;64;23/12/2025;13/01/2026;CONFERMA;NO;0,8;Aliquota unica;;;;;;;;;;;;;;;;;;;;;;;1;0
D599;FINALE EMILIA;MO;;;;;NO;0*;;;;;;;;;;;;;;;;;;;;;;;;;0
D600;FINALE LIGURE;SV;;;;;NO;0*;;;;;;;;;;;;;;;;;;;;;;;;;0
D604;FINO DEL MONTE;BG;29;23/12/2025;12/01/2026;CONFERMA;NO;0,6;Aliquota unica;;;;;;;;;;;;;;;;;;;;;;;1;0
D605;FINO MORNASCO;CO;57;27/11/2025;07/05/2026;CONFERMA;SI;0;Esenzione per redditi imponibili fino a euro 15.000,00;,76;Applicabile a scaglione di reddito fino a euro 28.000,00;,78;Applicabile a scaglione di reddito da euro 28.000,01 fino a euro 50.000,00;,8;Applicabile a scaglione di reddito oltre euro 50.000,00;;;;;;;;;;;;;;;;;4;15000
D606;FIORANO AL SERIO;BG;37;27/12/2025;19/01/2026;MODIFICA;SI;0;Esenzione per redditi imponibili fino a euro 10.000,00;,78;Aliquota unica;;;;;;;;;;;;;;;;;;;;;2;10000
D608;FIORANO CANAVESE;TO;28;22/12/2025;14/07/2026;CONFERMA;NO;0,7;Aliquota unica;;;;;;;;;;;;;;;;;;;;;;;1;0
D607;FIORANO MODENESE;MO;;;;;NO;0*;;;;;;;;;;;;;;;;;;;;;;;;;0
D611;FIORENZUOLA D'ARDA;PC;52;16/12/2025;26/01/2026;CONFERMA;SI;0;Esenzione per redditi imponibili fino a euro 10.000,00;,6;Aliquota unica;;;;;;;;;;;;;;;;;;;;;2;10000
D612;FIRENZE;FI;;;;;NO;0*;;;;;;;;;;;;;;;;;;;;;;;;;0
D613;FIRENZUOLA;FI;;;;;NO;0*;;;;;;;;;;;;;;;;;;;;;;;;;0
D614;FIRMO;CS;;;;;NO;0*;;;;;;;;;;;;;;;;;;;;;;;;;0
M323;FISCAGLIA;FE;;;;;NO;0*;;;;;;;;;;;;;;;;;;;;;;;;;0
D615;FISCIANO;SA;;;;;NO;0*;;;;;;;;;;;;;;;;;;;;;;;;;0
A310;FIUGGI;FR;;;;;NO;0*;;;;;;;;;;;;;;;;;;;;;;;;;0
D617;FIUMALBO;MO;;;;;NO;0*;;;;;;;;;;;;;;;;;;;;;;;;;0
D619;FIUMARA;RC;;;;;NO;0*;;;;;;;;;;;;;;;;;;;;;;;;;0
D621;FIUME VENETO;PN;56;22/12/2025;03/03/2026;MODIFICA;SI;0;Esenzione per redditi imponibili fino a euro 25.000,00;,75;Aliquota unica;;;;;;;;;;;;;;;;;;;;;2;25000
D622;FIUMEDINISI;ME;;;;;NO;0*;;;;;;;;;;;;;;;;;;;;;;;;;0
D624;FIUMEFREDDO BRUZIO;CS;2;27/01/2026;11/03/2026;CONFERMA;NO;0,8;Aliquota unica;;;;;;;;;;;;;;;;;;;;;;;1;0
D623;FIUMEFREDDO DI SICILIA;CT;;;;;NO;0*;;;;;;;;;;;;;;;;;;;;;;;;;0
M400;FIUMICELLO VILLA VICENTINA;UD;;;;;NO;0*;;;;;;;;;;;;;;;;;;;;;;;;;0
M297;FIUMICINO;RM;;;;;NO;0*;;;;;;;;;;;;;;;;;;;;;;;;;0
D628;FIUMINATA;MC;;;;;NO;0*;;;;;;;;;;;;;;;;;;;;;;;;;0
D629;FIVIZZANO;MS;28;19/12/2025;04/02/2026;CONFERMA;NO;0,7;Aliquota unica;;;;;;;;;;;;;;;;;;;;;;;1;0
D630;FLAIBANO;UD;;;;;NO;0*;;;;;;;;;;;;;;;;;;;;;;;;;0
D634;FLERO;BS;;;;;NO;0*;;;;;;;;;;;;;;;;;;;;;;;;;0
D635;FLORESTA;ME;;;;;NO;0*;;;;;;;;;;;;;;;;;;;;;;;;;0
D636;FLORIDIA;SR;;;;;NO;0*;;;;;;;;;;;;;;;;;;;;;;;;;0
D637;FLORINAS;SS;;;;;NO;0*;;;;;;;;;;;;;;;;;;;;;;;;;0
D638;FLUMERI;AV;;;;;NO;0*;;;;;;;;;;;;;;;;;;;;;;;;;0
D639;FLUMINIMAGGIORE;SU;6;08/04/2026;16/04/2026;CONFERMA;NO;0,6;Aliquota unica;;;;;;;;;;;;;;;;;;;;;;;1;0
D640;FLUSSIO;OR;;;;;NO;0*;;;;;;;;;;;;;;;;;;;;;;;;;0
D641;FOBELLO;VC;;;;;NO;0*;;;;;;;;;;;;;;;;;;;;;;;;;0
D643;FOGGIA;FG;;;;;NO;0*;;;;;;;;;;;;;;;;;;;;;;;;;0
D644;FOGLIANISE;BN;;;;;NO;0*;;;;;;;;;;;;;;;;;;;;;;;;;0
D645;FOGLIANO REDIPUGLIA;GO;;;;;NO;0*;;;;;;;;;;;;;;;;;;;;;;;;;0
D646;FOGLIZZO;TO;26;18/12/2025;26/01/2026;MODIFICA;SI;0;Esenzione per redditi imponibili fino a euro 10.000,00;,8;Aliquota unica;;;;;;;;;;;;;;;;;;;;;2;10000
D649;FOIANO DELLA CHIANA;AR;;;;;NO;0*;;;;;;;;;;;;;;;;;;;;;;;;;0
D650;FOIANO DI VAL FORTORE;BN;6;30/03/2026;07/05/2026;CONFERMA;NO;0,2;Aliquota unica;;;;;;;;;;;;;;;;;;;;;;;1;0
D651;FOLGARIA;TN;;;;;NO;0*;;;;;;;;;;;;;;;;;;;;;;;;;0
D652;FOLIGNANO;AP;;;;;NO;0*;;;;;;;;;;;;;;;;;;;;;;;;;0
D653;FOLIGNO;PG;68;29/12/2025;19/01/2026;DELIBERA ADOTTATA EX ART. 1, COMMA 751, L. 207/2024;SI;0,55;Applicabile a scaglione di reddito fino a euro 15.000,00;,65;Applicabile a scaglione di reddito da euro 15.000,01 fino a euro 28.000,00;,7;Applicabile a scaglione di reddito da euro 28.000,01 fino a euro 50.000,00;,8;Applicabile a scaglione di reddito oltre euro 50.000,00;0;Esenzione per redditi imponibili fino a euro 12.000,00;;;;;;;;;;;;;;;0;0
D654;FOLLINA;TV;;;;;NO;0*;;;;;;;;;;;;;;;;;;;;;;;;;0
D655;FOLLO;SP;34;20/12/2025;09/03/2026;CONFERMA;SI;0;Esenzione per redditi imponibili fino a euro 9.000,00;,8;Aliquota unica;;;;;;;;;;;;;;;;;;;;;2;9000
D656;FOLLONICA;GR;66;22/12/2025;02/02/2026;CONFERMA;NO;0,8;Aliquota unica;;;;;;;;;;;;;;;;;;;;;;;1;0
D660;FOMBIO;LO;28;20/12/2025;04/02/2026;DELIBERA ADOTTATA EX ART. 1, COMMA 751, L. 207/2024;SI;0,45;Applicabile a da 0,00 a 15.000,00;,55;Applicabile a da 15.001,00 a 28.000,00;,6;Applicabile a da 28.001,00 a 50.000,00;,7;Applicabile a oltre 50.000,00;0;Esenzione per fino a 10.000,00;;;;;;;;;;;;;;;0;0
D661;FONDACHELLI-FANTINA;ME;;;;;NO;0*;;;;;;;;;;;;;;;;;;;;;;;;;0
D662;FONDI;LT;;;;;NO;0*;;;;;;;;;;;;;;;;;;;;;;;;;0
D665;FONNI;NU;36;22/12/2025;08/01/2026;CONFERMA;NO;0,7;Aliquota unica;;;;;;;;;;;;;;;;;;;;;;;1;0
D666;FONTAINEMORE;AO;;;;;NO;0*;;;;;;;;;;;;;;;;;;;;;;;;;0
D667;FONTANA LIRI;FR;;;;;NO;0*;;;;;;;;;;;;;;;;;;;;;;;;;0
D670;FONTANAFREDDA;PN;;;;;NO;0*;;;;;;;;;;;;;;;;;;;;;;;;;0
D671;FONTANAROSA;AV;28;29/12/2025;12/05/2026;CONFERMA;SI;0,5;Applicabile a scaglione di reddito fino a euro 28.000,00;,6;Applicabile a scaglione di reddito da euro 28.000,01 fino a euro 50.000,00;,8;Applicabile a scaglione di reddito oltre euro 50.000,00;;;;;;;;;;;;;;;;;;;3;0
D668;FONTANELICE;BO;;;;;NO;0*;;;;;;;;;;;;;;;;;;;;;;;;;0
D672;FONTANELLA;BG;41;22/12/2025;13/07/2026;CONFERMA;NO;0,8;Aliquota unica;;;;;;;;;;;;;;;;;;;;;;;1;0
D673;FONTANELLATO;PR;;;;;NO;0*;;;;;;;;;;;;;;;;;;;;;;;;;0
D674;FONTANELLE;TV;;;;;NO;0*;;;;;;;;;;;;;;;;;;;;;;;;;0
D675;FONTANETO D'AGOGNA;NO;26;22/12/2025;09/01/2026;CONFERMA;SI;0;Esenzione per redditi imponibili fino a euro 13.000,00;,8;Aliquota unica;;;;;;;;;;;;;;;;;;;;;2;13000
D676;FONTANETTO PO;VC;30;19/12/2025;26/01/2026;CONFERMA;NO;0,6;Aliquota unica;;;;;;;;;;;;;;;;;;;;;;;1;0
D677;FONTANIGORDA;GE;1;26/02/2026;24/08/2026;CONFERMA;NO;0,4;Aliquota unica;;;;;;;;;;;;;;;;;;;;;;;1;0
D678;FONTANILE;AT;14;19/12/2025;25/03/2026;CONFERMA;NO;0,6;Aliquota unica;;;;;;;;;;;;;;;;;;;;;;;1;0
D679;FONTANIVA;PD;4;27/01/2026;09/03/2026;ISTITUISCE;SI;0;Esenzione per redditi imponibili fino a euro 15.000,00;,6;Aliquota unica;;;;;;;;;;;;;;;;;;;;;2;15000
D680;FONTE;TV;44;29/12/2025;12/02/2026;DELIBERA ADOTTATA EX ART. 1, COMMA 751, L. 207/2024;SI;0,55;Applicabile a scaglione di reddito fino a euro 15.000,00;,65;Applicabile a scaglione di reddito da euro 15.000,01 fino a euro 28.000,00;,7;Applicabile a scaglione di reddito da euro 28.000,01 fino a euro 50.000,00;,8;Applicabile a scaglione di reddito oltre euro 50.000,00;0;Esenzione per redditi imponibili fino a euro 15.000,00;;;;;;;;;;;;;;;0;0
M309;FONTE NUOVA;RM;41;22/12/2025;08/01/2026;CONFERMA;NO;0,8;Aliquota unica;;;;;;;;;;;;;;;;;;;;;;;1;0
D681;FONTECCHIO;AQ;;;;;NO;0*;;;;;;;;;;;;;;;;;;;;;;;;;0
D682;FONTECHIARI;FR;;;;;NO;0*;;;;;;;;;;;;;;;;;;;;;;;;;0
D683;FONTEGRECA;CE;;;;;NO;0*;;;;;;;;;;;;;;;;;;;;;;;;;0
D684;FONTENO;BG;22;27/12/2025;15/01/2026;CONFERMA;NO;0,6;Aliquota unica;;;;;;;;;;;;;;;;;;;;;;;1;0
D685;FONTEVIVO;PR;44;17/11/2025;11/02/2026;CONFERMA;SI;0;Esenzione per redditi imponibili fino a euro 12.000,00;,75;Aliquota unica;;;;;;;;;;;;;;;;;;;;;2;12000
D686;FONZASO;BL;39;22/12/2025;07/01/2026;CONFERMA;SI;0,6;Applicabile a scaglione di reddito fino a euro 28.000,00;,7;Applicabile a scaglione di reddito da euro 28.000,01 fino a euro 50.000,00;,8;Applicabile a scaglione di reddito oltre euro 50.000,00;;;;;;;;;;;;;;;;;;;3;0
D688;FOPPOLO;BG;;;;;NO;0*;;;;;;;;;;;;;;;;;;;;;;;;;0
D689;FORANO;RI;26;29/12/2025;08/01/2026;CONFERMA;NO;0,8;Aliquota unica;;;;;;;;;;;;;;;;;;;;;;;1;0
D691;FORCE;AP;;;;;NO;0*;;;;;;;;;;;;;;;;;;;;;;;;;0
D693;FORCHIA;BN;;;;;NO;0*;;;;;;;;;;;;;;;;;;;;;;;;;0
D694;FORCOLA;SO;;;;;NO;0*;;;;;;;;;;;;;;;;;;;;;;;;;0
D695;FORDONGIANUS;OR;;;;;NO;0*;;;;;;;;;;;;;;;;;;;;;;;;;0
D696;FORENZA;PZ;;;;;NO;0*;;;;;;;;;;;;;;;;;;;;;;;;;0
D697;FORESTO SPARSO;BG;30;22/12/2025;19/01/2026;CONFERMA;NO;0,6;Aliquota unica;;;;;;;;;;;;;;;;;;;;;;;1;0
D700;FORGARIA NEL FRIULI;UD;61;20/12/2025;09/01/2026;CONFERMA;NO;0,8;Aliquota unica;;;;;;;;;;;;;;;;;;;;;;;1;0
D701;FORINO;AV;4;27/02/2026;23/03/2026;CONFERMA;NO;0,7;Aliquota unica;;;;;;;;;;;;;;;;;;;;;;;1;0
D702;FORIO;NA;;;;;NO;0*;;;;;;;;;;;;;;;;;;;;;;;;;0
D704;FORLI';FC;;;;;NO;0*;;;;;;;;;;;;;;;;;;;;;;;;;0
D703;FORLI' DEL SANNIO;IS;;;;;NO;0*;;;;;;;;;;;;;;;;;;;;;;;;;0
D705;FORLIMPOPOLI;FC;;;;;NO;0*;;;;;;;;;;;;;;;;;;;;;;;;;0
D706;FORMAZZA;VB;;;;;NO;0*;;;;;;;;;;;;;;;;;;;;;;;;;0
D707;FORMELLO;RM;35;19/12/2025;18/06/2026;CONFERMA;SI;0,75;Applicabile a scaglione di reddito fino a euro 28.000,00;,78;Applicabile a scaglione di reddito da euro 28.000,01 fino a euro 50.000,00;,8;Applicabile a scaglione di reddito oltre euro 50.000,00;;;;;;;;;;;;;;;;;;;3;0
D708;FORMIA;LT;;;;;NO;0*;;;;;;;;;;;;;;;;;;;;;;;;;0
D709;FORMICOLA;CE;;;;;NO;0*;;;;;;;;;;;;;;;;;;;;;;;;;0
D710;FORMIGARA;CR;23;27/12/2025;02/02/2026;CONFERMA;NO;0,6;Aliquota unica;;;;;;;;;;;;;;;;;;;;;;;1;0
D711;FORMIGINE;MO;107;18/12/2025;07/08/2026;CONFERMA;SI;0;Esenzione per redditi imponibili fino a euro 10.000,00;,8;Aliquota unica;;;;;;;;;;;;;;;;;;;;;2;10000
D712;FORMIGLIANA;VC;;;;;NO;0*;;;;;;;;;;;;;;;;;;;;;;;;;0
D714;FORNACE;TN;;;;;NO;0*;;;;;;;;;;;;;;;;;;;;;;;;;0
D715;FORNELLI;IS;;;;;NO;0*;;;;;;;;;;;;;;;;;;;;;;;;;0
D718;FORNI AVOLTRI;UD;;;;;NO;0*;;;;;;;;;;;;;;;;;;;;;;;;;0
D719;FORNI DI SOPRA;UD;50;30/12/2025;03/03/2026;CONFERMA;NO;0,5;Aliquota unica;;;;;;;;;;;;;;;;;;;;;;;1;0
D720;FORNI DI SOTTO;UD;70;22/12/2025;26/03/2026;CONFERMA;NO;0,5;Aliquota unica;;;;;;;;;;;;;;;;;;;;;;;1;0
D725;FORNO CANAVESE;TO;;;;;NO;0*;;;;;;;;;;;;;;;;;;;;;;;;;0
D728;FORNOVO DI TARO;PR;;;;;NO;0*;;;;;;;;;;;;;;;;;;;;;;;;;0
D727;FORNOVO SAN GIOVANNI;BG;;;;;NO;0*;;;;;;;;;;;;;;;;;;;;;;;;;0
D730;FORTE DEI MARMI;LU;63;22/12/2025;13/01/2026;CONFERMA;SI;0;Esenzione per redditi imponibili fino a euro 20.000,00;,5;Applicabile a scaglione di reddito fino a euro 28.000,00;,65;Applicabile a scaglione di reddito da euro 28.000,01 fino a euro 50.000,00;,8;Applicabile a scaglione di reddito oltre euro 50.000,00;;;;;;;;;;;;;;;;;4;20000
D731;FORTEZZA;BZ;;;;;NO;0*;;;;;;;;;;;;;;;;;;;;;;;;;0
D732;FORTUNAGO;PV;2;02/01/2026;14/01/2026;CONFERMA;NO;0,8;Aliquota unica;;;;;;;;;;;;;;;;;;;;;;;1;0
D733;FORZA D'AGRO';ME;;;;;NO;0*;;;;;;;;;;;;;;;;;;;;;;;;;0
D734;FOSCIANDORA;LU;;;;;NO;0*;;;;;;;;;;;;;;;;;;;;;;;;;0
D735;FOSDINOVO;MS;41;18/12/2025;18/03/2026;CONFERMA;NO;0,8;Aliquota unica;;;;;;;;;;;;;;;;;;;;;;;1;0
D736;FOSSA;AQ;;;;;NO;0*;;;;;;;;;;;;;;;;;;;;;;;;;0
D738;FOSSACESIA;CH;59;29/12/2025;28/01/2026;CONFERMA;NO;0,6;Aliquota unica;;;;;;;;;;;;;;;;;;;;;;;1;0
D740;FOSSALTA DI PIAVE;VE;;;;;NO;0*;;;;;;;;;;;;;;;;;;;;;;;;;0
D741;FOSSALTA DI PORTOGRUARO;VE;30;29/12/2025;15/05/2026;CONFERMA;SI;0;Esenzione per redditi imponibili fino a euro 10.000,00;,68;Applicabile a scaglione di reddito fino a euro 28.000,00;,78;Applicabile a scaglione di reddito da euro 28.000,01 fino a euro 50.000,00;,8;Applicabile a scaglione di reddito oltre euro 50.000,00;;;;;;;;;;;;;;;;;4;10000
D737;FOSSALTO;CB;;;;;NO;0*;;;;;;;;;;;;;;;;;;;;;;;;;0
D742;FOSSANO;CN;79;22/12/2025;20/02/2026;MODIFICA;SI;0;Esenzione per redditi imponibili fino a euro 9.530,00;,55;Applicabile a scaglione di reddito fino a euro 28.000,00;,75;Applicabile a scaglione di reddito da euro 28.000,01 fino a euro 50.000,00;,8;Applicabile a scaglione di reddito oltre euro 50.000,00;;;;;;;;;;;;;;;;;4;9530
D745;FOSSATO DI VICO;PG;;;;;NO;0*;;;;;;;;;;;;;;;;;;;;;;;;;0
D744;FOSSATO SERRALTA;CZ;;;;;NO;0*;;;;;;;;;;;;;;;;;;;;;;;;;0
D748;FOSSO';VE;28;23/12/2025;15/05/2026;CONFERMA;NO;0,8;Aliquota unica;;;;;;;;;;;;;;;;;;;;;;;1;0
D749;FOSSOMBRONE;PU;60;22/12/2025;14/04/2026;MODIFICA;SI;0,8;Aliquota unica;0;Esenzione per redditi derivanti da lavoro dipendente e assimilato, o pensioni, fino a complessivi euro 10.000,00;;;;;;;;;;;;;;;;;;;;;5;0
D750;FOZA;VI;;;;;NO;0*;;;;;;;;;;;;;;;;;;;;;;;;;0
D751;FRABOSA SOPRANA;CN;;;;;NO;0*;;;;;;;;;;;;;;;;;;;;;;;;;0
D752;FRABOSA SOTTANA;CN;29;30/12/2025;10/02/2026;DELIBERA ADOTTATA EX ART. 1, COMMA 751, L. 207/2024;SI;0,6;Applicabile a scaglione di reddito fino a euro 15.000,00;,65;Applicabile a scaglione di reddito da euro 15.000,01 fino a euro 28.000,00;,7;Applicabile a scaglione di reddito da euro 28.000,01 fino a euro 50.000,00;,8;Applicabile a scaglione di reddito oltre euro 50.000,00;0;Esenzione per redditi imponibili fino a euro 7.500,00;;;;;;;;;;;;;;;0;0
D559;FRACONALTO;AL;;;;;NO;0*;;;;;;;;;;;;;;;;;;;;;;;;;0
D754;FRAGAGNANO;TA;;;;;NO;0*;;;;;;;;;;;;;;;;;;;;;;;;;0
D755;FRAGNETO L'ABATE;BN;;;;;NO;0*;;;;;;;;;;;;;;;;;;;;;;;;;0
D756;FRAGNETO MONFORTE;BN;;;;;NO;0*;;;;;;;;;;;;;;;;;;;;;;;;;0
D757;FRAINE;CH;;;;;NO;0*;;;;;;;;;;;;;;;;;;;;;;;;;0
D758;FRAMURA;SP;22;22/12/2025;19/01/2026;MODIFICA;SI;0;Esenzione per redditi imponibili fino a euro 15.000,00;,6;Applicabile a scaglione di reddito fino a euro 28.000,00;,6;Applicabile a scaglione di reddito da euro 28.000,01 fino a euro 50.000,00;,8;Applicabile a scaglione di reddito oltre euro 50.000,00;;;;;;;;;;;;;;;;;4;15000
D763;FRANCAVILLA AL MARE;CH;;;;;NO;0*;;;;;;;;;;;;;;;;;;;;;;;;;0
D762;FRANCAVILLA ANGITOLA;VV;6;13/02/2026;20/05/2026;CONFERMA;NO;0,8;Aliquota unica;;;;;;;;;;;;;;;;;;;;;;;1;0
D759;FRANCAVILLA BISIO;AL;;;;;NO;0*;;;;;;;;;;;;;;;;;;;;;;;;;0
D760;FRANCAVILLA D'ETE;FM;37;22/12/2025;25/03/2026;CONFERMA;NO;0,8;Aliquota unica;;;;;;;;;;;;;;;;;;;;;;;1;0
D765;FRANCAVILLA DI SICILIA;ME;;;;;NO;0*;;;;;;;;;;;;;;;;;;;;;;;;;0
D761;FRANCAVILLA FONTANA;BR;;;;;NO;0*;;;;;;;;;;;;;;;;;;;;;;;;;0
D766;FRANCAVILLA IN SINNI;PZ;;;;;NO;0*;;;;;;;;;;;;;;;;;;;;;;;;;0
D764;FRANCAVILLA MARITTIMA;CS;;;;;NO;0*;;;;;;;;;;;;;;;;;;;;;;;;;0
D767;FRANCICA;VV;;;;;NO;0*;;;;;;;;;;;;;;;;;;;;;;;;;0
D768;FRANCOFONTE;SR;;;;;NO;0*;;;;;;;;;;;;;;;;;;;;;;;;;0
D769;FRANCOLISE;CE;;;;;NO;0*;;;;;;;;;;;;;;;;;;;;;;;;;0
D770;FRASCARO;AL;30;18/12/2025;12/01/2026;CONFERMA;NO;0,8;Aliquota unica;;;;;;;;;;;;;;;;;;;;;;;1;0
D771;FRASCAROLO;PV;;;;;NO;0*;;;;;;;;;;;;;;;;;;;;;;;;;0
D773;FRASCATI;RM;74;18/12/2025;08/01/2026;CONFERMA;SI;0;Esenzione per redditi imponibili fino a euro 11.999,99;,8;Aliquota unica;;;;;;;;;;;;;;;;;;;;;2;11999,99
D774;FRASCINETO;CS;;;;;NO;0*;;;;;;;;;;;;;;;;;;;;;;;;;0
D775;FRASSILONGO;TN;;;;;NO;0*;;;;;;;;;;;;;;;;;;;;;;;;;0
D776;FRASSINELLE POLESINE;RO;32;15/12/2025;08/01/2026;CONFERMA;SI;0;Esenzione per redditi imponibili fino a euro 9.000,00;,8;Aliquota unica;;;;;;;;;;;;;;;;;;;;;2;9000
D777;FRASSINELLO MONFERRATO;AL;33;23/12/2025;24/08/2026;CONFERMA;SI;0;Esenzione per redditi imponibili fino a euro 7.000,00;,8;Aliquota unica;;;;;;;;;;;;;;;;;;;;;2;7000
D780;FRASSINETO PO;AL;;;;;NO;0*;;;;;;;;;;;;;;;;;;;;;;;;;0
D781;FRASSINETTO;TO;2;07/02/2026;11/02/2026;CONFERMA;NO;0,6;Aliquota unica;;;;;;;;;;;;;;;;;;;;;;;1;0
D782;FRASSINO;CN;;;;;NO;0*;;;;;;;;;;;;;;;;;;;;;;;;;0
D783;FRASSINORO;MO;;;;;NO;0*;;;;;;;;;;;;;;;;;;;;;;;;;0
D785;FRASSO SABINO;RI;;;;;NO;0*;;;;;;;;;;;;;;;;;;;;;;;;;0
D784;FRASSO TELESINO;BN;;;;;NO;0*;;;;;;;;;;;;;;;;;;;;;;;;;0
D788;FRATTA POLESINE;RO;36;16/10/2025;19/01/2026;CONFERMA;SI;0;Esenzione per redditi imponibili fino a euro 8.999,99;,8;Aliquota unica;;;;;;;;;;;;;;;;;;;;;2;8999,99
D787;FRATTA TODINA;PG;;;;;NO;0*;;;;;;;;;;;;;;;;;;;;;;;;;0
D789;FRATTAMAGGIORE;NA;;;;;NO;0*;;;;;;;;;;;;;;;;;;;;;;;;;0
D790;FRATTAMINORE;NA;;;;;NO;0*;;;;;;;;;;;;;;;;;;;;;;;;;0
D791;FRATTE ROSA;PU;;;;;NO;0*;;;;;;;;;;;;;;;;;;;;;;;;;0
D793;FRAZZANO';ME;;;;;NO;0*;;;;;;;;;;;;;;;;;;;;;;;;;0
D794;FREGONA;TV;36;27/11/2025;08/01/2026;ISTITUISCE;SI;0;Esenzione per redditi imponibili fino a euro 10.000,00;,4;Aliquota unica;;;;;;;;;;;;;;;;;;;;;2;10000
D796;FRESAGRANDINARIA;CH;;;;;NO;0*;;;;;;;;;;;;;;;;;;;;;;;;;0
D797;FRESONARA;AL;;;;;NO;0*;;;;;;;;;;;;;;;;;;;;;;;;;0
D798;FRIGENTO;AV;;;;;NO;0*;;;;;;;;;;;;;;;;;;;;;;;;;0
D799;FRIGNANO;CE;;;;;NO;0*;;;;;;;;;;;;;;;;;;;;;;;;;0
D802;FRINCO;AT;29;19/12/2025;15/01/2026;MODIFICA;NO;0,8;Aliquota unica;;;;;;;;;;;;;;;;;;;;;;;1;0
D803;FRISA;CH;35;17/12/2025;13/01/2026;CONFERMA;NO;0,8;Aliquota unica;;;;;;;;;;;;;;;;;;;;;;;1;0
D804;FRISANCO;PN;;;;;NO;0*;;;;;;;;;;;;;;;;;;;;;;;;;0
D805;FRONT;TO;26;14/11/2025;21/01/2026;DELIBERA ADOTTATA EX ART. 1, COMMA 751, L. 207/2024;SI;0,7;Applicabile a scaglione di reddito fino a euro 15.000,00;,75;Applicabile a scaglione di reddito da euro 15.000,01 fino a euro 28.000,00;,8;Applicabile a scaglione di reddito da euro 28.000,01 fino a euro 50.000,00;,8;Applicabile a scaglione di reddito oltre euro 50.000,00;0;Esenzione per redditi imponibili fino a euro 10.000,00;;;;;;;;;;;;;;;0;0
D807;FRONTINO;PU;36;16/12/2025;29/01/2026;CONFERMA;NO;0,8;Aliquota unica;;;;;;;;;;;;;;;;;;;;;;;1;0
D808;FRONTONE;PU;;;;;NO;0*;;;;;;;;;;;;;;;;;;;;;;;;;0
D810;FROSINONE;FR;3;15/01/2026;11/02/2026;CONFERMA;NO;0,8;Aliquota unica;;;;;;;;;;;;;;;;;;;;;;;1;0
D811;FROSOLONE;IS;33;30/12/2025;05/02/2026;CONFERMA;SI;0;Esenzione per redditi imponibili fino a euro 8.000,00;,5;Aliquota unica;;;;;;;;;;;;;;;;;;;;;2;8000
D812;FROSSASCO;TO;34;17/12/2025;09/02/2026;CONFERMA;SI;0;Esenzione per redditi imponibili fino a euro 10.500,00;,4;Applicabile a scaglione di reddito fino a euro 28.000,00;,6;Applicabile a scaglione di reddito da euro 28.000,01 fino a euro 50.000,00;,8;Applicabile a scaglione di reddito oltre euro 50.000,00;;;;;;;;;;;;;;;;;4;10500
D813;FRUGAROLO;AL;33;30/12/2025;20/01/2026;MODIFICA;SI;0,5;Applicabile a scaglione di reddito fino a euro 28.000,00;,55;Applicabile a scaglione di reddito da euro 28.000,01 fino a euro 50.000,00;,65;Applicabile a scaglione di reddito oltre euro 50.000,00;;;;;;;;;;;;;;;;;;;3;0
D814;FUBINE MONFERRATO;AL;;;;;NO;0*;;;;;;;;;;;;;;;;;;;;;;;;;0
D815;FUCECCHIO;FI;4;10/01/2026;23/02/2026;MODIFICA;SI;0;Esenzione per redditi imponibili fino a euro 12.000,00;,8;Aliquota unica;;;;;;;;;;;;;;;;;;;;;2;12000
D817;FUIPIANO VALLE IMAGNA;BG;26;17/12/2025;27/01/2026;MODIFICA;NO;0,6;Aliquota unica;;;;;;;;;;;;;;;;;;;;;;;1;0
D818;FUMANE;VR;;;;;NO;0*;;;;;;;;;;;;;;;;;;;;;;;;;0
D819;FUMONE;FR;;;;;NO;0*;;;;;;;;;;;;;;;;;;;;;;;;;0
D821;FUNES;BZ;;;;;NO;0*;;;;;;;;;;;;;;;;;;;;;;;;;0
D823;FURCI;CH;27;30/12/2025;18/05/2026;CONFERMA;NO;0,8;Aliquota unica;;;;;;;;;;;;;;;;;;;;;;;1;0
D824;FURCI SICULO;ME;;;;;NO;0*;;;;;;;;;;;;;;;;;;;;;;;;;0
D825;FURNARI;ME;9;20/05/2026;18/06/2026;COMUNE CON DELIBERA DI DISSESTO;NO;0,8;Aliquota unica;;;;;;;;;;;;;;;;;;;;;;;1;0
D826;FURORE;SA;;;;;NO;0*;;;;;;;;;;;;;;;;;;;;;;;;;0
D827;FURTEI;SU;;;;;NO;0*;;;;;;;;;;;;;;;;;;;;;;;;;0
D828;FUSCALDO;CS;;;;;NO;0*;;;;;;;;;;;;;;;;;;;;;;;;;0
D829;FUSIGNANO;RA;;;;;NO;0*;;;;;;;;;;;;;;;;;;;;;;;;;0
D830;FUSINE;SO;;;;;NO;0*;;;;;;;;;;;;;;;;;;;;;;;;;0
D832;FUTANI;SA;;;;;NO;0*;;;;;;;;;;;;;;;;;;;;;;;;;0
D834;GABBIONETA-BINANUOVA;CR;24;29/12/2025;26/01/2026;CONFERMA;NO;0,7;Aliquota unica;;;;;;;;;;;;;;;;;;;;;;;1;0
D835;GABIANO;AL;;;;;NO;0*;;;;;;;;;;;;;;;;;;;;;;;;;0
D836;GABICCE MARE;PU;;;;;NO;0*;;;;;;;;;;;;;;;;;;;;;;;;;0
D839;GABY;AO;;;;;NO;0*;;;;;;;;;;;;;;;;;;;;;;;;;0
D841;GADESCO-PIEVE DELMONA;CR;;;;;NO;0*;;;;;;;;;;;;;;;;;;;;;;;;;0
D842;GADONI;NU;4;17/01/2026;25/02/2026;CONFERMA;NO;0,2;Aliquota unica;;;;;;;;;;;;;;;;;;;;;;;1;0
D843;GAETA;LT;;;;;NO;0*;;;;;;;;;;;;;;;;;;;;;;;;;0
D844;GAGGI;ME;189;25/11/2025;13/01/2026;CONFERMA;NO;0,8;Aliquota unica;;;;;;;;;;;;;;;;;;;;;;;1;0
D845;GAGGIANO;MI;;;;;NO;0*;;;;;;;;;;;;;;;;;;;;;;;;;0
D847;GAGGIO MONTANO;BO;;;;;NO;0*;;;;;;;;;;;;;;;;;;;;;;;;;0
D848;GAGLIANICO;BI;34;22/12/2025;12/01/2026;CONFERMA;NO;0,75;Aliquota unica;;;;;;;;;;;;;;;;;;;;;;;1;0
D850;GAGLIANO ATERNO;AQ;;;;;NO;0*;;;;;;;;;;;;;;;;;;;;;;;;;0
D849;GAGLIANO CASTELFERRATO;EN;;;;;NO;0*;;;;;;;;;;;;;;;;;;;;;;;;;0
D851;GAGLIANO DEL CAPO;LE;;;;;NO;0*;;;;;;;;;;;;;;;;;;;;;;;;;0
D852;GAGLIATO;CZ;;;;;NO;0*;;;;;;;;;;;;;;;;;;;;;;;;;0
D853;GAGLIOLE;MC;;;;;NO;0*;;;;;;;;;;;;;;;;;;;;;;;;;0
D854;GAIARINE;TV;36;22/12/2025;17/08/2026;MODIFICA;SI;0;Esenzione per redditi imponibili fino a euro 12.000,00;,8;Aliquota unica;;;;;;;;;;;;;;;;;;;;;2;12000
D855;GAIBA;RO;;;;;NO;0*;;;;;;;;;;;;;;;;;;;;;;;;;0
D856;GAIOLA;CN;30;15/12/2025;07/01/2026;CONFERMA;NO;0,8;Aliquota unica;;;;;;;;;;;;;;;;;;;;;;;1;0
D858;GAIOLE IN CHIANTI;SI;47;18/12/2025;12/01/2026;DELIBERA ADOTTATA EX ART. 1, COMMA 751, L. 207/2024;SI;0,5;Applicabile a Scaglione imponibile da 0,00 a 15.000,00 euro;,6;Applicabile a Scaglione imponibile da 15.001,00 a 28.000,00 euro;,7;Applicabile a Scaglione imponibile da 28.001,00 a 50.000,00 euro;,8;Applicabile a Scaglione imponibile oltre 50.000,00 euro;;;;;;;;;;;;;;;;;0;0
D859;GAIRO;NU;;;;;NO;0*;;;;;;;;;;;;;;;;;;;;;;;;;0
D860;GAIS;BZ;;;;;NO;0*;;;;;;;;;;;;;;;;;;;;;;;;;0
D861;GALATI MAMERTINO;ME;;;;;NO;0*;;;;;;;;;;;;;;;;;;;;;;;;;0
D862;GALATINA;LE;;;;;NO;0*;;;;;;;;;;;;;;;;;;;;;;;;;0
D863;GALATONE;LE;;;;;NO;0*;;;;;;;;;;;;;;;;;;;;;;;;;0
D864;GALATRO;RC;2;27/03/2026;01/07/2026;CONFERMA;NO;0,5;Aliquota unica;;;;;;;;;;;;;;;;;;;;;;;1;0
D865;GALBIATE;LC;71;22/12/2025;13/01/2026;DELIBERA ADOTTATA EX ART. 1, COMMA 751, L. 207/2024;SI;0,6;Applicabile a scaglione di reddito fino a 15.000 euro;,62;Applicabile a scaglione di reddito da euro 15.000,01 fino a euro 28.000 ;,7;Applicabile a scaglione di reddito da euro 28.000,01 fino a euro 50.000 ;,8;Applicabile a scaglione di reddito oltre euro 50.000 ;;;;;;;;;;;;;;;;;0;0
D867;GALEATA;FC;;;;;NO;0*;;;;;;;;;;;;;;;;;;;;;;;;;0
D868;GALGAGNANO;LO;31;29/12/2025;30/07/2026;CONFERMA;SI;0;Esenzione per redditi imponibili fino a euro 9.000,00;,8;Aliquota unica;;;;;;;;;;;;;;;;;;;;;2;9000
D869;GALLARATE;VA;47;19/12/2025;27/01/2026;MODIFICA;SI;0,7;Applicabile a scaglione di reddito fino a euro 28.000,00;,73;Applicabile a scaglione di reddito da euro 28.000,01 fino a euro 50.000,00;,76;Applicabile a scaglione di reddito oltre euro 50.000,00;;;;;;;;;;;;;;;;;;;3;0
D870;GALLESE;VT;;;;;NO;0*;;;;;;;;;;;;;;;;;;;;;;;;;0
D872;GALLIATE;NO;;;;;NO;0*;;;;;;;;;;;;;;;;;;;;;;;;;0
D871;GALLIATE LOMBARDO;VA;27;19/12/2025;08/01/2026;CONFERMA;NO;0,7;Aliquota unica;;;;;;;;;;;;;;;;;;;;;;;1;0
D873;GALLIAVOLA;PV;;;;;NO;0*;;;;;;;;;;;;;;;;;;;;;;;;;0
D874;GALLICANO;LU;46;18/12/2025;20/01/2026;CONFERMA;SI;0;Esenzione per redditi imponibili fino a euro 11.000,00;,8;Aliquota unica;;;;;;;;;;;;;;;;;;;;;2;11000
D875;GALLICANO NEL LAZIO;RM;;;;;NO;0*;;;;;;;;;;;;;;;;;;;;;;;;;0
D876;GALLICCHIO;PZ;;;;;NO;0*;;;;;;;;;;;;;;;;;;;;;;;;;0
D878;GALLIERA;BO;;;;;NO;0*;;;;;;;;;;;;;;;;;;;;;;;;;0
D879;GALLIERA VENETA;PD;26;29/12/2025;12/01/2026;CONFERMA;SI;0;Esenzione per redditi imponibili fino a euro 18.000,00;,8;Aliquota unica;;;;;;;;;;;;;;;;;;;;;2;18000
D881;GALLINARO;FR;;;;;NO;0*;;;;;;;;;;;;;;;;;;;;;;;;;0
D882;GALLIO;VI;;;;;NO;0*;;;;;;;;;;;;;;;;;;;;;;;;;0
D883;GALLIPOLI;LE;;;;;NO;0*;;;;;;;;;;;;;;;;;;;;;;;;;0
D884;GALLO MATESE;CE;;;;;NO;0*;;;;;;;;;;;;;;;;;;;;;;;;;0
D885;GALLODORO;ME;105;15/12/2025;07/08/2026;CONFERMA;SI;0;Esenzione per redditi imponibili fino a euro 8.500,00;,8;Aliquota unica;;;;;;;;;;;;;;;;;;;;;2;8500
D886;GALLUCCIO;CE;;;;;NO;0*;;;;;;;;;;;;;;;;;;;;;;;;;0
D888;GALTELLI';NU;;;;;NO;0*;;;;;;;;;;;;;;;;;;;;;;;;;0
D889;GALZIGNANO TERME;PD;58;19/12/2025;16/02/2026;CONFERMA;SI;0,66;Applicabile a scaglione di reddito fino a euro 28.000,00;,75;Applicabile a scaglione di reddito da euro 28.000,01 fino a euro 50.000,00;,78;Applicabile a scaglione di reddito oltre euro 50.000,00;;;;;;;;;;;;;;;;;;;3;0
D890;GAMALERO;AL;;;;;NO;0*;;;;;;;;;;;;;;;;;;;;;;;;;0
D891;GAMBARA;BS;30;22/12/2025;01/07/2026;CONFERMA;SI;0;Esenzione per redditi imponibili fino a euro 15.000,00;,7;Aliquota unica;;;;;;;;;;;;;;;;;;;;;2;15000
D892;GAMBARANA;PV;;;;;NO;0*;;;;;;;;;;;;;;;;;;;;;;;;;0
D894;GAMBASCA;CN;2;22/01/2026;05/02/2026;CONFERMA;NO;0,3;Aliquota unica;;;;;;;;;;;;;;;;;;;;;;;1;0
D895;GAMBASSI TERME;FI;;;;;NO;0*;;;;;;;;;;;;;;;;;;;;;;;;;0
D896;GAMBATESA;CB;;;;;NO;0*;;;;;;;;;;;;;;;;;;;;;;;;;0
D897;GAMBELLARA;VI;32;17/12/2025;20/01/2026;CONFERMA;NO;0,8;Aliquota unica;;;;;;;;;;;;;;;;;;;;;;;1;0
D898;GAMBERALE;CH;;;;;NO;0*;;;;;;;;;;;;;;;;;;;;;;;;;0
D899;GAMBETTOLA;FC;;;;;NO;0*;;;;;;;;;;;;;;;;;;;;;;;;;0
D901;GAMBOLO';PV;;;;;NO;0*;;;;;;;;;;;;;;;;;;;;;;;;;0
D903;GANDELLINO;BG;39;22/12/2025;12/05/2026;CONFERMA;NO;0,8;Aliquota unica;;;;;;;;;;;;;;;;;;;;;;;1;0
D905;GANDINO;BG;78;22/12/2025;27/01/2026;CONFERMA;SI;0;Esenzione per redditi imponibili fino a euro 18.000,00;,4;Applicabile a scaglione di reddito fino a euro 28.000,00;,5;Applicabile a scaglione di reddito da euro 28.000,01 fino a euro 50.000,00;,8;Applicabile a scaglione di reddito oltre euro 50.000,00;;;;;;;;;;;;;;;;;4;18000
D906;GANDOSSO;BG;21;27/12/2025;08/04/2026;CONFERMA;SI;0;Esenzione per redditi imponibili fino a euro 13.000,00;,8;Aliquota unica;;;;;;;;;;;;;;;;;;;;;2;13000
D907;GANGI;PA;;;;;NO;0*;;;;;;;;;;;;;;;;;;;;;;;;;0
D909;GARAGUSO;MT;;;;;NO;0*;;;;;;;;;;;;;;;;;;;;;;;;;0
D910;GARBAGNA;AL;21;29/12/2025;30/03/2026;CONFERMA;NO;0,7;Aliquota unica;;;;;;;;;;;;;;;;;;;;;;;1;0
D911;GARBAGNA NOVARESE;NO;33;16/12/2025;14/01/2026;CONFERMA;SI;0;Esenzione per redditi imponibili fino a euro 8.000,00;,7;Aliquota unica;;;;;;;;;;;;;;;;;;;;;2;8000
D912;GARBAGNATE MILANESE;MI;34;24/11/2025;08/01/2026;CONFERMA;SI;0;Esenzione per redditi imponibili fino a euro 12.000,00;,69;Applicabile a scaglione di reddito fino a euro 28.000,00;,78;Applicabile a scaglione di reddito da euro 28.000,01 fino a euro 50.000,00;,8;Applicabile a scaglione di reddito oltre euro 50.000,00;;;;;;;;;;;;;;;;;4;12000
D913;GARBAGNATE MONASTERO;LC;35;18/12/2025;14/01/2026;CONFERMA;SI;0;Esenzione per redditi imponibili fino a euro 15.000,00;,3;Applicabile a scaglione di reddito fino a euro 28.000,00;,45;Applicabile a scaglione di reddito da euro 28.000,01 fino a euro 50.000,00;,55;Applicabile a scaglione di reddito oltre euro 50.000,00;;;;;;;;;;;;;;;;;4;15000
D915;GARDA;VR;;;;;NO;0*;;;;;;;;;;;;;;;;;;;;;;;;;0
D917;GARDONE RIVIERA;BS;;;;;NO;0*;;;;;;;;;;;;;;;;;;;;;;;;;0
D918;GARDONE VAL TROMPIA;BS;;;;;NO;0*;;;;;;;;;;;;;;;;;;;;;;;;;0
D920;GARESSIO;CN;;;;;NO;0*;;;;;;;;;;;;;;;;;;;;;;;;;0
D921;GARGALLO;NO;28;22/12/2025;12/01/2026;DELIBERA ADOTTATA EX ART. 1, COMMA 751, L. 207/2024;SI;0,5;Applicabile a a scaglione di reddito fino a euro 15.000,00;,6;Applicabile a scaglione di reddito da euro 15.000,01 fino a euro 28.000,00;,75;Applicabile a scaglione di reddito da euro 28.000,01 fino a euro 50.000,00;,8;Applicabile a scaglione di reddito oltre euro 50.000,00;0;Esenzione per redditi imponibili fino a euro 10.000,00;;;;;;;;;;;;;;;0;0
D923;GARGAZZONE;BZ;;;;;NO;0*;;;;;;;;;;;;;;;;;;;;;;;;;0
D924;GARGNANO;BS;;;;;NO;0*;;;;;;;;;;;;;;;;;;;;;;;;;0
D925;GARLASCO;PV;68;12/12/2025;13/01/2026;CONFERMA;SI;0;Esenzione per redditi imponibili fino a euro 10.000,00;,8;Aliquota unica;;;;;;;;;;;;;;;;;;;;;2;10000
D926;GARLATE;LC;20;29/12/2025;14/05/2026;MODIFICA;SI;0,72;Applicabile a scaglione di reddito fino a euro 28.000,00;,77;Applicabile a scaglione di reddito da euro 28.000,01 fino a euro 50.000,00;,8;Applicabile a scaglione di reddito oltre euro 50.000,00;;;;;;;;;;;;;;;;;;;3;0
D927;GARLENDA;SV;59;17/12/2025;27/02/2026;CONFERMA;NO;0,8;Aliquota unica;;;;;;;;;;;;;;;;;;;;;;;1;0
D928;GARNIGA TERME;TN;;;;;NO;0*;;;;;;;;;;;;;;;;;;;;;;;;;0
D930;GARZENO;CO;;;;;NO;0*;;;;;;;;;;;;;;;;;;;;;;;;;0
D931;GARZIGLIANA;TO;;;;;NO;0*;;;;;;;;;;;;;;;;;;;;;;;;;0
D932;GASPERINA;CZ;;;;;NO;0*;;;;;;;;;;;;;;;;;;;;;;;;;0
D933;GASSINO TORINESE;TO;44;30/12/2025;20/04/2026;DELIBERA ADOTTATA EX ART. 1, COMMA 751, L. 207/2024;SI;0,6;Applicabile a scaglione di reddito fino a euro 15.000,00;,65;Applicabile a scaglione di reddito da euro 15.000,01 fino a euro 28.000,00;,75;Applicabile a scaglione di reddito da euro 28.000,01 fino a euro 50.000,00;,8;Applicabile a scaglione di reddito oltre euro 50.000,00;0;Esenzione per redditi imponibili fino a euro 12.000,00;;;;;;;;;;;;;;;0;0
D934;GATTATICO;RE;;;;;NO;0*;;;;;;;;;;;;;;;;;;;;;;;;;0
D935;GATTEO;FC;34;22/12/2025;13/01/2026;CONFERMA;SI;0;Esenzione per redditi imponibili fino a euro 15.000,00;,6;Applicabile a scaglione di reddito fino a euro 28.000,00;,75;Applicabile a scaglione di reddito da euro 28.000,01 fino a euro 50.000,00;,8;Applicabile a scaglione di reddito oltre euro 50.000,00;;;;;;;;;;;;;;;;;4;15000
M416;GATTICO-VERUNO;NO;41;18/12/2025;22/01/2026;CONFERMA;SI;0;Esenzione per redditi imponibili fino a euro 15.000,00;,45;Applicabile a scaglione di reddito fino a euro 28.000,00;,6;Applicabile a scaglione di reddito da euro 28.000,01 fino a euro 50.000,00;,7;Applicabile a scaglione di reddito oltre euro 50.000,00;;;;;;;;;;;;;;;;;4;15000
D938;GATTINARA;VC;;;;;NO;0*;;;;;;;;;;;;;;;;;;;;;;;;;0
D940;GAVARDO;BS;90;15/10/2025;15/01/2026;CONFERMA;SI;0;Esenzione per redditi imponibili fino a euro 9.999,99;,8;Aliquota unica;;;;;;;;;;;;;;;;;;;;;2;9999,99
D942;GAVELLO;RO;;;;;NO;0*;;;;;;;;;;;;;;;;;;;;;;;;;0
D943;GAVERINA TERME;BG;;;;;NO;0*;;;;;;;;;;;;;;;;;;;;;;;;;0
D944;GAVI;AL;25;23/12/2025;30/03/2026;CONFERMA;NO;0,7;Aliquota unica;;;;;;;;;;;;;;;;;;;;;;;1;0
D945;GAVIGNANO;RM;;;;;NO;0*;;;;;;;;;;;;;;;;;;;;;;;;;0
D946;GAVIRATE;VA;37;17/12/2025;15/04/2026;CONFERMA;NO;0,8;Aliquota unica;;;;;;;;;;;;;;;;;;;;;;;1;0
D947;GAVOI;NU;;;;;NO;0*;;;;;;;;;;;;;;;;;;;;;;;;;0
D948;GAVORRANO;GR;;;;;NO;0*;;;;;;;;;;;;;;;;;;;;;;;;;0
D949;GAZOLDO DEGLI IPPOLITI;MN;50;23/12/2025;22/01/2026;CONFERMA;SI;0;Esenzione per redditi imponibili fino a euro 10.000,00;,8;Aliquota unica;;;;;;;;;;;;;;;;;;;;;2;10000
D951;GAZZADA SCHIANNO;VA;31;20/12/2025;25/02/2026;CONFERMA;NO;0,8;Aliquota unica;;;;;;;;;;;;;;;;;;;;;;;1;0
D952;GAZZANIGA;BG;41;22/12/2025;12/01/2026;CONFERMA;NO;0,75;Aliquota unica;;;;;;;;;;;;;;;;;;;;;;;1;0
D956;GAZZO;PD;25;30/12/2025;28/01/2026;CONFERMA;SI;0;Esenzione per redditi imponibili fino a euro 12.000,00;,6;Aliquota unica;;;;;;;;;;;;;;;;;;;;;2;12000
D957;GAZZO VERONESE;VR;32;23/12/2025;29/04/2026;CONFERMA;NO;0,8;Aliquota unica;;;;;;;;;;;;;;;;;;;;;;;1;0
D958;GAZZOLA;PC;27;19/12/2025;07/08/2026;MODIFICA;SI;0;Esenzione per redditi imponibili fino a euro 8.000,00;,68;Applicabile a scaglione di reddito fino a euro 28.000,00;,7;Applicabile a scaglione di reddito da euro 28.000,01 fino a euro 50.000,00;,8;Applicabile a scaglione di reddito oltre euro 50.000,00;;;;;;;;;;;;;;;;;4;8000
D959;GAZZUOLO;MN;29;23/12/2025;27/02/2026;CONFERMA;SI;0;Esenzione per redditi imponibili fino a euro 12.000,00;,76;Applicabile a scaglione di reddito fino a euro 28.000,00;,78;Applicabile a scaglione di reddito da euro 28.000,01 fino a euro 50.000,00;,8;Applicabile a scaglione di reddito oltre euro 50.000,00;;;;;;;;;;;;;;;;;4;12000
D960;GELA;CL;;;;;NO;0*;;;;;;;;;;;;;;;;;;;;;;;;;0
D961;GEMMANO;RN;;;;;NO;0*;;;;;;;;;;;;;;;;;;;;;;;;;0
D962;GEMONA DEL FRIULI;UD;46;27/11/2025;24/03/2026;CONFERMA;SI;0,7;Applicabile a scaglione di reddito fino a euro 28.000,00;,75;Applicabile a scaglione di reddito da euro 28.000,01 fino a euro 50.000,00;,77;Applicabile a scaglione di reddito oltre euro 50.000,00;;;;;;;;;;;;;;;;;;;3;0
D963;GEMONIO;VA;;;;;NO;0*;;;;;;;;;;;;;;;;;;;;;;;;;0
D964;GENAZZANO;RM;;;;;NO;0*;;;;;;;;;;;;;;;;;;;;;;;;;0
D965;GENGA;AN;86;30/12/2025;19/05/2026;CONFERMA;NO;0,2;Aliquota unica;;;;;;;;;;;;;;;;;;;;;;;1;0
D966;GENIVOLTA;CR;39;29/12/2025;27/01/2026;CONFERMA;SI;0,4;Applicabile a scaglione di reddito fino a euro 28.000,00;,5;Applicabile a scaglione di reddito da euro 28.000,01 fino a euro 50.000,00;,7;Applicabile a scaglione di reddito oltre euro 50.000,00;;;;;;;;;;;;;;;;;;;3;0
D967;GENOLA;CN;27;18/12/2025;09/01/2026;CONFERMA;SI;0;Esenzione per redditi imponibili fino a euro 10.000,00;,7;Applicabile a scaglione di reddito fino a euro 28.000,00;,75;Applicabile a scaglione di reddito da euro 28.000,01 fino a euro 50.000,00;,8;Applicabile a scaglione di reddito oltre euro 50.000,00;;;;;;;;;;;;;;;;;4;10000
D968;GENONI;SU;;;;;NO;0*;;;;;;;;;;;;;;;;;;;;;;;;;0
D969;GENOVA;GE;;;;;NO;0*;;;;;;;;;;;;;;;;;;;;;;;;;0
D970;GENURI;SU;;;;;NO;0*;;;;;;;;;;;;;;;;;;;;;;;;;0
D971;GENZANO DI LUCANIA;PZ;;;;;NO;0*;;;;;;;;;;;;;;;;;;;;;;;;;0
D972;GENZANO DI ROMA;RM;;;;;NO;0*;;;;;;;;;;;;;;;;;;;;;;;;;0
D974;GERA LARIO;CO;;;;;NO;0*;;;;;;;;;;;;;;;;;;;;;;;;;0
D975;GERACE;RC;04;31/03/2026;21/04/2026;CONFERMA;SI;0,75;Aliquota unica;0;Esenzione per Esenzione per redditi da pensione ai fini Irpef non superiori ad euro 8000.00;;;;;;;;;;;;;;;;;;;;;5;0
D977;GERACI SICULO;PA;;;;;NO;0*;;;;;;;;;;;;;;;;;;;;;;;;;0
D978;GERANO;RM;;;;;NO;0*;;;;;;;;;;;;;;;;;;;;;;;;;0
D980;GERENZAGO;PV;;;;;NO;0*;;;;;;;;;;;;;;;;;;;;;;;;;0
D981;GERENZANO;VA;36;20/12/2025;18/05/2026;CONFERMA;SI;0;Esenzione per redditi imponibili fino a euro 15.000,00;,7;Applicabile a scaglione di reddito fino a euro 28.000,00;,78;Applicabile a scaglione di reddito da euro 28.000,01 fino a euro 50.000,00;,8;Applicabile a scaglione di reddito oltre euro 50.000,00;;;;;;;;;;;;;;;;;4;15000
D982;GERGEI;SU;;;;;NO;0*;;;;;;;;;;;;;;;;;;;;;;;;;0
D983;GERMAGNANO;TO;24;25/11/2025;08/01/2026;CONFERMA;SI;0,5;Applicabile a scaglione di reddito fino a euro 28.000,00;,75;Applicabile a scaglione di reddito da euro 28.000,01 fino a euro 50.000,00;,8;Applicabile a scaglione di reddito oltre euro 50.000,00;;;;;;;;;;;;;;;;;;;3;0
D984;GERMAGNO;VB;22;17/11/2025;08/01/2026;CONFERMA;SI;0;Esenzione per redditi imponibili fino a euro 10.000,00;,6;Aliquota unica;;;;;;;;;;;;;;;;;;;;;2;10000
D987;GERMIGNAGA;VA;48;22/12/2025;09/02/2026;CONFERMA;SI;0;Esenzione per redditi imponibili fino a euro 8.000,00;,5;Aliquota unica;;;;;;;;;;;;;;;;;;;;;2;8000
D988;GEROCARNE;VV;28;19/11/2025;09/02/2026;CONFERMA;NO;0,6;Aliquota unica;;;;;;;;;;;;;;;;;;;;;;;1;0
D990;GEROLA ALTA;SO;30;08/11/2025;07/01/2026;MODIFICA;NO;0,8;Aliquota unica;;;;;;;;;;;;;;;;;;;;;;;1;0
D993;GERRE DE' CAPRIOLI;CR;30;18/12/2025;20/01/2026;CONFERMA;NO;0,8;Aliquota unica;;;;;;;;;;;;;;;;;;;;;;;1;0
D994;GESICO;SU;;;;;NO;0*;;;;;;;;;;;;;;;;;;;;;;;;;0
D995;GESSATE;MI;53;16/12/2025;20/01/2026;CONFERMA;SI;0;Esenzione per redditi imponibili fino a euro 8.000,00;,7;Applicabile a scaglione di reddito fino a euro 28.000,00;,76;Applicabile a scaglione di reddito da euro 28.000,01 fino a euro 50.000,00;,8;Applicabile a scaglione di reddito oltre euro 50.000,00;;;;;;;;;;;;;;;;;4;8000
D996;GESSOPALENA;CH;;;;;NO;0*;;;;;;;;;;;;;;;;;;;;;;;;;0
D997;GESTURI;SU;;;;;NO;0*;;;;;;;;;;;;;;;;;;;;;;;;;0
D998;GESUALDO;AV;;;;;NO;0*;;;;;;;;;;;;;;;;;;;;;;;;;0
D999;GHEDI;BS;;;;;NO;0*;;;;;;;;;;;;;;;;;;;;;;;;;0
E001;GHEMME;NO;;;;;NO;0*;;;;;;;;;;;;;;;;;;;;;;;;;0
E003;GHIFFA;VB;;;;;NO;0*;;;;;;;;;;;;;;;;;;;;;;;;;0
E004;GHILARZA;OR;;;;;NO;0*;;;;;;;;;;;;;;;;;;;;;;;;;0
E006;GHISALBA;BG;46;22/12/2025;08/01/2026;CONFERMA;NO;0,8;Aliquota unica;;;;;;;;;;;;;;;;;;;;;;;1;0
E007;GHISLARENGO;VC;;;;;NO;0*;;;;;;;;;;;;;;;;;;;;;;;;;0
E008;GIACCIANO CON BARUCHELLA;RO;53;22/12/2025;11/02/2026;CONFERMA;NO;0,8;Aliquota unica;;;;;;;;;;;;;;;;;;;;;;;1;0
E009;GIAGLIONE;TO;;;;;NO;0*;;;;;;;;;;;;;;;;;;;;;;;;;0
E010;GIANICO;BS;;;;;NO;0*;;;;;;;;;;;;;;;;;;;;;;;;;0
E012;GIANO DELL'UMBRIA;PG;;;;;NO;0*;;;;;;;;;;;;;;;;;;;;;;;;;0
E011;GIANO VETUSTO;CE;31;27/12/2025;18/06/2026;CONFERMA;NO;0,8;Aliquota unica;;;;;;;;;;;;;;;;;;;;;;;1;0
E013;GIARDINELLO;PA;;;;;NO;0*;;;;;;;;;;;;;;;;;;;;;;;;;0
E014;GIARDINI-NAXOS;ME;;;;;NO;0*;;;;;;;;;;;;;;;;;;;;;;;;;0
E015;GIAROLE;AL;;;;;NO;0*;;;;;;;;;;;;;;;;;;;;;;;;;0
E016;GIARRATANA;RG;;;;;NO;0*;;;;;;;;;;;;;;;;;;;;;;;;;0
E017;GIARRE;CT;;;;;NO;0*;;;;;;;;;;;;;;;;;;;;;;;;;0
E019;GIAVE;SS;;;;;NO;0*;;;;;;;;;;;;;;;;;;;;;;;;;0
E020;GIAVENO;TO;44;22/12/2025;20/03/2026;CONFERMA;SI;0;Esenzione per redditi imponibili fino a euro 8.500,00;,7;Applicabile a scaglione di reddito fino a euro 28.000,00;,78;Applicabile a scaglione di reddito da euro 28.000,01 fino a euro 50.000,00;,8;Applicabile a scaglione di reddito oltre euro 50.000,00;;;;;;;;;;;;;;;;;4;8500
E021;GIAVERA DEL MONTELLO;TV;44;30/12/2025;19/01/2026;DELIBERA ADOTTATA EX ART. 1, COMMA 751, L. 207/2024;SI;0,4;Applicabile a scaglione di reddito fino a euro 15.000,00;,6;Applicabile a scaglione di reddito da euro 15.000,01 fino a euro 28.000,00;,7;Applicabile a scaglione di reddito da euro 28.000,01 fino a euro 50.000,00;,75;Applicabile a scaglione di reddito oltre euro 50.000,00;0;Esenzione per redditi imponibili fino a euro 16.000,00;;;;;;;;;;;;;;;0;0
E022;GIBA;SU;;;;;NO;0*;;;;;;;;;;;;;;;;;;;;;;;;;0
E023;GIBELLINA;TP;;;;;NO;0*;;;;;;;;;;;;;;;;;;;;;;;;;0
E024;GIFFLENGA;BI;21;20/12/2025;08/01/2026;CONFERMA;NO;0,4;Aliquota unica;;;;;;;;;;;;;;;;;;;;;;;1;0
E025;GIFFONE;RC;;;;;NO;0*;;;;;;;;;;;;;;;;;;;;;;;;;0
E026;GIFFONI SEI CASALI;SA;9;26/03/2026;27/04/2026;CONFERMA;NO;0,7;Aliquota unica;;;;;;;;;;;;;;;;;;;;;;;1;0
E027;GIFFONI VALLE PIANA;SA;;;;;NO;0*;;;;;;;;;;;;;;;;;;;;;;;;;0
E028;GIGNESE;VB;34;23/12/2025;17/08/2026;CONFERMA;SI;0;Esenzione per redditi imponibili fino a euro 50.000,00;,8;Aliquota unica;;;;;;;;;;;;;;;;;;;;;2;50000
E029;GIGNOD;AO;;;;;NO;0*;;;;;;;;;;;;;;;;;;;;;;;;;0
E030;GILDONE;CB;;;;;NO;0*;;;;;;;;;;;;;;;;;;;;;;;;;0
E031;GIMIGLIANO;CZ;;;;;NO;0*;;;;;;;;;;;;;;;;;;;;;;;;;0
E033;GINESTRA;PZ;23;30/12/2025;04/03/2026;CONFERMA;NO;0,5;Aliquota unica;;;;;;;;;;;;;;;;;;;;;;;1;0
E034;GINESTRA DEGLI SCHIAVONI;BN;;;;;NO;0*;;;;;;;;;;;;;;;;;;;;;;;;;0
E036;GINOSA;TA;;;;;NO;0*;;;;;;;;;;;;;;;;;;;;;;;;;0
E037;GIOI;SA;;;;;NO;0*;;;;;;;;;;;;;;;;;;;;;;;;;0
E040;GIOIA DEI MARSI;AQ;;;;;NO;0*;;;;;;;;;;;;;;;;;;;;;;;;;0
E038;GIOIA DEL COLLE;BA;6;03/02/2026;09/03/2026;DELIBERA ADOTTATA EX ART. 1, COMMA 751, L. 207/2024;SI;0,43;Applicabile a scaglione di reddito fino a euro 15.000,00;,47;Applicabile a scaglione di reddito da euro 15.001,00 fino a euro 28.000,00;,65;Applicabile a scaglione di reddito da euro 28.001,00 e fino a €euro 50.000,00;,8;Applicabile a scaglione di reddito oltre euro 50.000;0;Esenzione per redditi imponibili fino a euro 9.000,00;;;;;;;;;;;;;;;0;0
E039;GIOIA SANNITICA;CE;;;;;NO;0*;;;;;;;;;;;;;;;;;;;;;;;;;0
E041;GIOIA TAURO;RC;;;;;NO;0*;;;;;;;;;;;;;;;;;;;;;;;;;0
E044;GIOIOSA IONICA;RC;7;13/03/2026;20/05/2026;CONFERMA;NO;0,8;Aliquota unica;;;;;;;;;;;;;;;;;;;;;;;1;0
E043;GIOIOSA MAREA;ME;;;;;NO;0*;;;;;;;;;;;;;;;;;;;;;;;;;0
E045;GIOVE;TR;;;;;NO;0*;;;;;;;;;;;;;;;;;;;;;;;;;0
E047;GIOVINAZZO;BA;55;27/12/2025;14/01/2026;CONFERMA;SI;0;Esenzione per redditi imponibili fino a euro 7.500,00;,8;Aliquota unica;;;;;;;;;;;;;;;;;;;;;2;7500
E048;GIOVO;TN;;;;;NO;0*;;;;;;;;;;;;;;;;;;;;;;;;;0
E049;GIRASOLE;NU;;;;;NO;0*;;;;;;;;;;;;;;;;;;;;;;;;;0
E050;GIRIFALCO;CZ;;;;;NO;0*;;;;;;;;;;;;;;;;;;;;;;;;;0
E052;GISSI;CH;;;;;NO;0*;;;;;;;;;;;;;;;;;;;;;;;;;0
E053;GIUGGIANELLO;LE;;;;;NO;0*;;;;;;;;;;;;;;;;;;;;;;;;;0
E054;GIUGLIANO IN CAMPANIA;NA;22;23/02/2026;23/03/2026;CONFERMA;SI;0;Esenzione per redditi imponibili fino a euro 7.499,99;,8;Aliquota unica;;;;;;;;;;;;;;;;;;;;;2;7499,99
E055;GIULIANA;PA;;;;;NO;0*;;;;;;;;;;;;;;;;;;;;;;;;;0
E057;GIULIANO DI ROMA;FR;26;19/12/2025;07/05/2026;CONFERMA;NO;0,8;Aliquota unica;;;;;;;;;;;;;;;;;;;;;;;1;0
E056;GIULIANO TEATINO;CH;23;16/12/2025;10/04/2026;CONFERMA;NO;0,8;Aliquota unica;;;;;;;;;;;;;;;;;;;;;;;1;0
E058;GIULIANOVA;TE;;;;;NO;0*;;;;;;;;;;;;;;;;;;;;;;;;;0
E060;GIUNGANO;SA;29;18/12/2025;03/02/2026;CONFERMA;SI;0;Esenzione per redditi imponibili fino a euro 8.000,00;,8;Aliquota unica;;;;;;;;;;;;;;;;;;;;;2;8000
E061;GIURDIGNANO;LE;;;;;NO;0*;;;;;;;;;;;;;;;;;;;;;;;;;0
E062;GIUSSAGO;PV;;;;;NO;0*;;;;;;;;;;;;;;;;;;;;;;;;;0
E063;GIUSSANO;MB;42;18/12/2025;08/04/2026;CONFERMA;SI;0;Esenzione per redditi imponibili fino a euro 12.000,00;,65;Aliquota unica;;;;;;;;;;;;;;;;;;;;;2;12000
E064;GIUSTENICE;SV;24;25/11/2025;07/01/2026;MODIFICA;NO;0,8;Aliquota unica;;;;;;;;;;;;;;;;;;;;;;;1;0
E065;GIUSTINO;TN;;;;;NO;0*;;;;;;;;;;;;;;;;;;;;;;;;;0
E066;GIUSVALLA;SV;;;;;NO;0*;;;;;;;;;;;;;;;;;;;;;;;;;0
E067;GIVOLETTO;TO;;;;;NO;0*;;;;;;;;;;;;;;;;;;;;;;;;;0
E068;GIZZERIA;CZ;;;;;NO;0*;;;;;;;;;;;;;;;;;;;;;;;;;0
E069;GLORENZA;BZ;;;;;NO;0*;;;;;;;;;;;;;;;;;;;;;;;;;0
E071;GODEGA DI SANT'URBANO;TV;;;;;NO;0*;;;;;;;;;;;;;;;;;;;;;;;;;0
E072;GODIASCO SALICE TERME;PV;26;18/12/2025;14/01/2026;CONFERMA;SI;0;Esenzione per redditi imponibili fino a euro 15.000,00;,8;Aliquota unica;;;;;;;;;;;;;;;;;;;;;2;15000
E074;GODRANO;PA;11;08/04/2026;28/05/2026;MODIFICA;NO;0,7;Aliquota unica;;;;;;;;;;;;;;;;;;;;;;;1;0
E078;GOITO;MN;51;15/12/2025;11/02/2026;CONFERMA;SI;0;Esenzione per redditi imponibili fino a euro 12.000,00;,8;Aliquota unica;;;;;;;;;;;;;;;;;;;;;2;12000
E079;GOLASECCA;VA;25;22/12/2025;08/01/2026;CONFERMA;SI;0;Esenzione per redditi imponibili fino a euro 14.000,00;,8;Aliquota unica;;;;;;;;;;;;;;;;;;;;;2;14000
E081;GOLFERENZO;PV;;;;;NO;0*;;;;;;;;;;;;;;;;;;;;;;;;;0
M274;GOLFO ARANCI;SS;;;;;NO;0*;;;;;;;;;;;;;;;;;;;;;;;;;0
E082;GOMBITO;CR;32;17/12/2025;15/06/2026;CONFERMA;NO;0,8;Aliquota unica;;;;;;;;;;;;;;;;;;;;;;;1;0
E083;GONARS;UD;4;19/02/2026;24/02/2026;CONFERMA;SI;0;Esenzione per redditi imponibili fino a euro 15.000,00;,6;Applicabile a scaglione di reddito fino a euro 28.000,00;,7;Applicabile a scaglione di reddito da euro 28.000,01 fino a euro 50.000,00;,8;Applicabile a scaglione di reddito oltre euro 50.000,00;;;;;;;;;;;;;;;;;4;15000
E084;GONI;SU;;;;;NO;0*;;;;;;;;;;;;;;;;;;;;;;;;;0
E086;GONNESA;SU;37;22/12/2025;05/03/2026;CONFERMA;NO;0,5;Aliquota unica;;;;;;;;;;;;;;;;;;;;;;;1;0
E087;GONNOSCODINA;OR;;;;;NO;0*;;;;;;;;;;;;;;;;;;;;;;;;;0
E085;GONNOSFANADIGA;SU;38;25/11/2025;26/03/2026;CONFERMA;SI;0,5;Applicabile a scaglione di reddito fino a euro 28.000,00;,7;Applicabile a scaglione di reddito da euro 28.000,01 fino a euro 50.000,00;,8;Applicabile a scaglione di reddito oltre euro 50.000,00;;;;;;;;;;;;;;;;;;;3;0
D585;GONNOSNO';OR;;;;;NO;0*;;;;;;;;;;;;;;;;;;;;;;;;;0
E088;GONNOSTRAMATZA;OR;;;;;NO;0*;;;;;;;;;;;;;;;;;;;;;;;;;0
E089;GONZAGA;MN;62;22/12/2025;19/01/2026;CONFERMA;SI;0;Esenzione per redditi imponibili fino a euro 15.000,00;,8;Aliquota unica;;;;;;;;;;;;;;;;;;;;;2;15000
E090;GORDONA;SO;;;;;NO;0*;;;;;;;;;;;;;;;;;;;;;;;;;0
E091;GORGA;RM;4;06/02/2026;09/03/2026;CONFERMA;SI;0,65;Applicabile a scaglione di reddito fino a euro 28.000,00;,75;Applicabile a scaglione di reddito da euro 28.000,01 fino a euro 50.000,00;,8;Applicabile a scaglione di reddito oltre euro 50.000,00;;;;;;;;;;;;;;;;;;;3;0
E092;GORGO AL MONTICANO;TV;38;23/12/2025;09/01/2026;CONFERMA;SI;0;Esenzione per redditi imponibili fino a euro 10.000,00;,8;Aliquota unica;;;;;;;;;;;;;;;;;;;;;2;10000
E093;GORGOGLIONE;MT;;;;;NO;0*;;;;;;;;;;;;;;;;;;;;;;;;;0
E094;GORGONZOLA;MI;105;27/11/2025;17/03/2026;CONFERMA;SI;0;Esenzione per redditi imponibili fino a euro 12.000,00;,8;Aliquota unica;;;;;;;;;;;;;;;;;;;;;2;12000
E096;GORIANO SICOLI;AQ;;;;;NO;0*;;;;;;;;;;;;;;;;;;;;;;;;;0
E098;GORIZIA;GO;37;15/12/2025;21/01/2026;MODIFICA;SI;0;Esenzione per redditi imponibili fino a euro 15.000,00;,7;Aliquota unica;;;;;;;;;;;;;;;;;;;;;2;15000
E101;GORLA MAGGIORE;VA;31;18/12/2025;13/01/2026;CONFERMA;SI;0;Esenzione per redditi imponibili fino a euro 15.000,00;,7;Aliquota unica;;;;;;;;;;;;;;;;;;;;;2;15000
E102;GORLA MINORE;VA;;;;;NO;0*;;;;;;;;;;;;;;;;;;;;;;;;;0
E100;GORLAGO;BG;;;;;NO;0*;;;;;;;;;;;;;;;;;;;;;;;;;0
E103;GORLE;BG;32;30/12/2025;13/07/2026;CONFERMA;SI;0,09;Applicabile a Scaglione di reddito fino a 15.000,00;,1;Applicabile a scaglione di reddito da 15.001,00 fino a 28.000,00;,2;Applicabile a scaglione di reddito da 28.001,00 fino a 50.000,00;,7;Applicabile a scaglione di reddito oltre 50.000,00;0;Esenzione per redditi imponibili fino a 40.000,00;;;;;;;;;;;;;;;0;0
E104;GORNATE-OLONA;VA;33;17/12/2025;11/03/2026;MODIFICA;SI;0;Esenzione per redditi imponibili fino a euro 10.500,00;,8;Aliquota unica;;;;;;;;;;;;;;;;;;;;;2;10500
E106;GORNO;BG;25;27/12/2025;19/01/2026;CONFERMA;NO;0,6;Aliquota unica;;;;;;;;;;;;;;;;;;;;;;;1;0
E107;GORO;FE;31;26/11/2025;13/01/2026;CONFERMA;NO;0,8;Aliquota unica;;;;;;;;;;;;;;;;;;;;;;;1;0
E109;GORRETO;GE;22;20/12/2025;13/04/2026;CONFERMA;NO;0,5;Aliquota unica;;;;;;;;;;;;;;;;;;;;;;;1;0
E111;GORZEGNO;CN;;;;;NO;0*;;;;;;;;;;;;;;;;;;;;;;;;;0
E113;GOSALDO;BL;;;;;NO;0*;;;;;;;;;;;;;;;;;;;;;;;;;0
E114;GOSSOLENGO;PC;;;;;NO;0*;;;;;;;;;;;;;;;;;;;;;;;;;0
E115;GOTTASECCA;CN;;;;;NO;0*;;;;;;;;;;;;;;;;;;;;;;;;;0
E116;GOTTOLENGO;BS;;;;;NO;0*;;;;;;;;;;;;;;;;;;;;;;;;;0
E118;GOVONE;CN;42;18/12/2025;27/01/2026;CONFERMA;NO;0,8;Aliquota unica;;;;;;;;;;;;;;;;;;;;;;;1;0
E120;GOZZANO;NO;;;;;NO;0*;;;;;;;;;;;;;;;;;;;;;;;;;0
E122;GRADARA;PU;;;;;NO;0*;;;;;;;;;;;;;;;;;;;;;;;;;0
E124;GRADISCA D'ISONZO;GO;43;18/12/2025;22/01/2026;CONFERMA;SI;0;Esenzione per redditi imponibili fino a euro 15.000,00;,6;Applicabile a scaglione di reddito fino a euro 28.000,00;,7;Applicabile a scaglione di reddito da euro 28.000,01 fino a euro 50.000,00;,8;Applicabile a scaglione di reddito oltre euro 50.000,00;;;;;;;;;;;;;;;;;4;15000
E125;GRADO;GO;;;;;NO;0*;;;;;;;;;;;;;;;;;;;;;;;;;0
E126;GRADOLI;VT;39;30/12/2025;22/01/2026;CONFERMA;NO;0,8;Aliquota unica;;;;;;;;;;;;;;;;;;;;;;;1;0
E127;GRAFFIGNANA;LO;;;;;NO;0*;;;;;;;;;;;;;;;;;;;;;;;;;0
E128;GRAFFIGNANO;VT;;;;;NO;0*;;;;;;;;;;;;;;;;;;;;;;;;;0
E130;GRAGLIA;BI;25;15/12/2025;23/01/2026;CONFERMA;NO;0,7;Aliquota unica;;;;;;;;;;;;;;;;;;;;;;;1;0
E131;GRAGNANO;NA;;;;;NO;0*;;;;;;;;;;;;;;;;;;;;;;;;;0
E132;GRAGNANO TREBBIENSE;PC;;;;;NO;0*;;;;;;;;;;;;;;;;;;;;;;;;;0
E133;GRAMMICHELE;CT;;;;;NO;0*;;;;;;;;;;;;;;;;;;;;;;;;;0
E134;GRANA;AT;;;;;NO;0*;;;;;;;;;;;;;;;;;;;;;;;;;0
E136;GRANAROLO DELL'EMILIA;BO;126;19/12/2025;30/07/2026;MODIFICA;SI;0;Esenzione per redditi imponibili fino a euro 12.000,00;,7;Applicabile a scaglione di reddito fino a euro 28.000,00;,78;Applicabile a scaglione di reddito da euro 28.000,01 fino a euro 50.000,00;,8;Applicabile a scaglione di reddito oltre euro 50.000,00;;;;;;;;;;;;;;;;;4;12000
E139;GRANDATE;CO;;;;;NO;0*;;;;;;;;;;;;;;;;;;;;;;;;;0
E141;GRANDOLA ED UNITI;CO;34;15/12/2025;12/01/2026;CONFERMA;NO;0,6;Aliquota unica;;;;;;;;;;;;;;;;;;;;;;;1;0
E142;GRANITI;ME;;;;;NO;0*;;;;;;;;;;;;;;;;;;;;;;;;;0
E143;GRANOZZO CON MONTICELLO;NO;;;;;NO;0*;;;;;;;;;;;;;;;;;;;;;;;;;0
E144;GRANTOLA;VA;;;;;NO;0*;;;;;;;;;;;;;;;;;;;;;;;;;0
E145;GRANTORTO;PD;;;;;NO;0*;;;;;;;;;;;;;;;;;;;;;;;;;0
E146;GRANZE;PD;25;22/12/2025;08/01/2026;MODIFICA;NO;0,7;Aliquota unica;;;;;;;;;;;;;;;;;;;;;;;1;0
E147;GRASSANO;MT;;;;;NO;0*;;;;;;;;;;;;;;;;;;;;;;;;;0
E148;GRASSOBBIO;BG;57;22/12/2025;30/07/2026;MODIFICA;SI;0;Esenzione per redditi imponibili fino a euro 12.000,00;,73;Applicabile a scaglione di reddito fino a euro 28.000,00;,8;Applicabile a scaglione di reddito da euro 28.000,01 fino a euro 50.000,00;,8;Applicabile a scaglione di reddito oltre euro 50.000,00;;;;;;;;;;;;;;;;;4;12000
E149;GRATTERI;PA;;;;;NO;0*;;;;;;;;;;;;;;;;;;;;;;;;;0
M315;GRAVEDONA ED UNITI;CO;;;;;NO;0*;;;;;;;;;;;;;;;;;;;;;;;;;0
E152;GRAVELLONA LOMELLINA;PV;18;16/12/2025;13/01/2026;CONFERMA;NO;0,8;Aliquota unica;;;;;;;;;;;;;;;;;;;;;;;1;0
E153;GRAVELLONA TOCE;VB;;;;;NO;0*;;;;;;;;;;;;;;;;;;;;;;;;;0
E154;GRAVERE;TO;;;;;NO;0*;;;;;;;;;;;;;;;;;;;;;;;;;0
E156;GRAVINA DI CATANIA;CT;;;;;NO;0*;;;;;;;;;;;;;;;;;;;;;;;;;0
E155;GRAVINA IN PUGLIA;BA;;;;;NO;0*;;;;;;;;;;;;;;;;;;;;;;;;;0
E158;GRAZZANISE;CE;;;;;NO;0*;;;;;;;;;;;;;;;;;;;;;;;;;0
E159;GRAZZANO BADOGLIO;AT;13;09/12/2025;09/01/2026;CONFERMA;SI;0;Esenzione per redditi imponibili fino a euro 15.000,00;,7;Aliquota unica;;;;;;;;;;;;;;;;;;;;;2;15000
E160;GRECCIO;RI;;;;;NO;0*;;;;;;;;;;;;;;;;;;;;;;;;;0
E161;GRECI;AV;;;;;NO;0*;;;;;;;;;;;;;;;;;;;;;;;;;0
E163;GREGGIO;VC;;;;;NO;0*;;;;;;;;;;;;;;;;;;;;;;;;;0
E164;GREMIASCO;AL;;;;;NO;0*;;;;;;;;;;;;;;;;;;;;;;;;;0
E165;GRESSAN;AO;;;;;NO;0*;;;;;;;;;;;;;;;;;;;;;;;;;0
E167;GRESSONEY-LA-TRINITE';AO;;;;;NO;0*;;;;;;;;;;;;;;;;;;;;;;;;;0
E168;GRESSONEY-SAINT-JEAN;AO;;;;;NO;0*;;;;;;;;;;;;;;;;;;;;;;;;;0
E169;GREVE IN CHIANTI;FI;;;;;NO;0*;;;;;;;;;;;;;;;;;;;;;;;;;0
E170;GREZZAGO;MI;30;18/12/2025;02/02/2026;CONFERMA;NO;0,8;Aliquota unica;;;;;;;;;;;;;;;;;;;;;;;1;0
E171;GREZZANA;VR;;;;;NO;0*;;;;;;;;;;;;;;;;;;;;;;;;;0
E172;GRIANTE;CO;;;;;NO;0*;;;;;;;;;;;;;;;;;;;;;;;;;0
E173;GRICIGNANO DI AVERSA;CE;39;30/12/2025;26/01/2026;CONFERMA;NO;0,4;Aliquota unica;;;;;;;;;;;;;;;;;;;;;;;1;0
E177;GRIGNASCO;NO;43;20/12/2025;08/05/2026;CONFERMA;NO;0,8;Aliquota unica;;;;;;;;;;;;;;;;;;;;;;;1;0
E178;GRIGNO;TN;;;;;NO;0*;;;;;;;;;;;;;;;;;;;;;;;;;0
E179;GRIMACCO;UD;;;;;NO;0*;;;;;;;;;;;;;;;;;;;;;;;;;0
E180;GRIMALDI;CS;;;;;NO;0*;;;;;;;;;;;;;;;;;;;;;;;;;0
E182;GRINZANE CAVOUR;CN;28;29/12/2025;22/05/2026;CONFERMA;NO;0,6;Aliquota unica;;;;;;;;;;;;;;;;;;;;;;;1;0
E184;GRISIGNANO DI ZOCCO;VI;57;18/12/2025;04/03/2026;MODIFICA;SI;0;Esenzione per redditi imponibili fino a euro 12.000,00;,66;Applicabile a scaglione di reddito fino a euro 28.000,00;,68;Applicabile a scaglione di reddito da euro 28.000,01 fino a euro 50.000,00;,76;Applicabile a scaglione di reddito oltre euro 50.000,00;;;;;;;;;;;;;;;;;4;12000
E185;GRISOLIA;CS;;;;;NO;0*;;;;;;;;;;;;;;;;;;;;;;;;;0
E187;GRIZZANA MORANDI;BO;47;22/12/2025;23/02/2026;CONFERMA;SI;0;Esenzione per redditi imponibili fino a euro 10.000,00;,8;Aliquota unica;;;;;;;;;;;;;;;;;;;;;2;10000
E188;GROGNARDO;AL;;;;;NO;0*;;;;;;;;;;;;;;;;;;;;;;;;;0
E189;GROMO;BG;43;29/12/2025;30/03/2026;CONFERMA;SI;0;Esenzione per redditi imponibili fino a euro 12.000,00;,8;Aliquota unica;;;;;;;;;;;;;;;;;;;;;2;12000
E191;GRONDONA;AL;;;;;NO;0*;;;;;;;;;;;;;;;;;;;;;;;;;0
E192;GRONE;BG;;;;;NO;0*;;;;;;;;;;;;;;;;;;;;;;;;;0
E193;GRONTARDO;CR;25;22/12/2025;22/01/2026;CONFERMA;NO;0,6;Aliquota unica;;;;;;;;;;;;;;;;;;;;;;;1;0
E195;GROPELLO CAIROLI;PV;;;;;NO;0*;;;;;;;;;;;;;;;;;;;;;;;;;0
E196;GROPPARELLO;PC;23;20/12/2025;13/01/2026;MODIFICA;SI;0;Esenzione per redditi imponibili fino a euro 10.000,00;,7;Aliquota unica;;;;;;;;;;;;;;;;;;;;;2;10000
E199;GROSCAVALLO;TO;;;;;NO;0*;;;;;;;;;;;;;;;;;;;;;;;;;0
E200;GROSIO;SO;;;;;NO;0*;;;;;;;;;;;;;;;;;;;;;;;;;0
E201;GROSOTTO;SO;30;18/12/2025;12/01/2026;CONFERMA;NO;0,4;Aliquota unica;;;;;;;;;;;;;;;;;;;;;;;1;0
E202;GROSSETO;GR;;;;;NO;0*;;;;;;;;;;;;;;;;;;;;;;;;;0
E203;GROSSO;TO;4;26/01/2026;26/02/2026;MODIFICA;NO;0,7;Aliquota unica;;;;;;;;;;;;;;;;;;;;;;;1;0
E204;GROTTAFERRATA;RM;58;22/12/2025;09/02/2026;CONFERMA;SI;0;Esenzione per redditi imponibili fino a euro 5.000,00;,8;Aliquota unica;;;;;;;;;;;;;;;;;;;;;2;5000
E205;GROTTAGLIE;TA;;;;;NO;0*;;;;;;;;;;;;;;;;;;;;;;;;;0
E206;GROTTAMINARDA;AV;;;;;NO;0*;;;;;;;;;;;;;;;;;;;;;;;;;0
E207;GROTTAMMARE;AP;;;;;NO;0*;;;;;;;;;;;;;;;;;;;;;;;;;0
E208;GROTTAZZOLINA;FM;;;;;NO;0*;;;;;;;;;;;;;;;;;;;;;;;;;0
E209;GROTTE;AG;;;;;NO;0*;;;;;;;;;;;;;;;;;;;;;;;;;0
E210;GROTTE DI CASTRO;VT;;;;;NO;0*;;;;;;;;;;;;;;;;;;;;;;;;;0
E212;GROTTERIA;RC;;;;;NO;0*;;;;;;;;;;;;;;;;;;;;;;;;;0
E213;GROTTOLE;MT;32;29/12/2025;25/05/2026;CONFERMA;NO;0,3;Aliquota unica;;;;;;;;;;;;;;;;;;;;;;;1;0
E214;GROTTOLELLA;AV;29;23/12/2025;04/02/2026;MODIFICA;NO;0,7;Aliquota unica;;;;;;;;;;;;;;;;;;;;;;;1;0
E215;GRUARO;VE;;;;;NO;0*;;;;;;;;;;;;;;;;;;;;;;;;;0
E216;GRUGLIASCO;TO;;;;;NO;0*;;;;;;;;;;;;;;;;;;;;;;;;;0
E217;GRUMELLO CREMONESE ED UNITI;CR;36;30/12/2025;23/02/2026;CONFERMA;NO;0,5;Aliquota unica;;;;;;;;;;;;;;;;;;;;;;;1;0
E219;GRUMELLO DEL MONTE;BG;30;17/12/2025;20/01/2026;CONFERMA;SI;0;Esenzione per redditi imponibili fino a euro 10.000,00;,5;Applicabile a scaglione di reddito fino a euro 28.000,00;,5;Applicabile a scaglione di reddito da euro 28.000,01 fino a euro 50.000,00;,7;Applicabile a scaglione di reddito oltre euro 50.000,00;;;;;;;;;;;;;;;;;4;10000
E221;GRUMENTO NOVA;PZ;;;;;NO;0*;;;;;;;;;;;;;;;;;;;;;;;;;0
E223;GRUMO APPULA;BA;10;27/02/2026;18/03/2026;CONFERMA;NO;0,8;Aliquota unica;;;;;;;;;;;;;;;;;;;;;;;1;0
E224;GRUMO NEVANO;NA;3;24/02/2026;30/03/2026;CONFERMA;SI;0,8;Aliquota unica;0;Esenzione per redditi di pensione/lavoro dipendente non superiore a euro 8.500,00 annui;0;Esenzione per reddito di terreni non superiore a euro 185.92 ;0;Esenzione per reddito dell'unita' immibiliare adibita ad abitazione principale e relative pertinenze;;;;;;;;;;;;;;;;;5;0
E226;GRUMOLO DELLE ABBADESSE;VI;;;;;NO;0*;;;;;;;;;;;;;;;;;;;;;;;;;0
E227;GUAGNANO;LE;;;;;NO;0*;;;;;;;;;;;;;;;;;;;;;;;;;0
E228;GUALDO;MC;;;;;NO;0*;;;;;;;;;;;;;;;;;;;;;;;;;0
E229;GUALDO CATTANEO;PG;35;22/12/2025;14/01/2026;CONFERMA;SI;0;Esenzione per redditi imponibili fino a euro 10.000,00;,73;Applicabile a scaglione di reddito fino a euro 28.000,00;,77;Applicabile a scaglione di reddito da euro 28.000,01 fino a euro 50.000,00;,8;Applicabile a scaglione di reddito oltre euro 50.000,00;;;;;;;;;;;;;;;;;4;10000
E230;GUALDO TADINO;PG;88;18/12/2025;28/01/2026;CONFERMA;SI;0;Esenzione per redditi imponibili fino a euro 13.000,00;,8;Aliquota unica;;;;;;;;;;;;;;;;;;;;;2;13000
E232;GUALTIERI;RE;;;;;NO;0*;;;;;;;;;;;;;;;;;;;;;;;;;0
E233;GUALTIERI SICAMINO';ME;;;;;NO;0*;;;;;;;;;;;;;;;;;;;;;;;;;0
E234;GUAMAGGIORE;SU;2;30/01/2026;27/03/2026;CONFERMA;NO;0,3;Aliquota unica;;;;;;;;;;;;;;;;;;;;;;;1;0
E235;GUANZATE;CO;11;18/12/2025;08/01/2026;MODIFICA;SI;0;Esenzione per redditi imponibili fino a euro 15.000,00;,8;Aliquota unica;;;;;;;;;;;;;;;;;;;;;2;15000
E236;GUARCINO;FR;;;;;NO;0*;;;;;;;;;;;;;;;;;;;;;;;;;0
E240;GUARDA VENETA;RO;;;;;NO;0*;;;;;;;;;;;;;;;;;;;;;;;;;0
E237;GUARDABOSONE;VC;;;;;NO;0*;;;;;;;;;;;;;;;;;;;;;;;;;0
E238;GUARDAMIGLIO;LO;3;26/01/2026;05/03/2026;CONFERMA;SI;0;Esenzione per redditi imponibili fino a euro 16.000,00;,53;Aliquota unica;;;;;;;;;;;;;;;;;;;;;2;16000
E239;GUARDAVALLE;CZ;;;;;NO;0*;;;;;;;;;;;;;;;;;;;;;;;;;0
E241;GUARDEA;TR;;;;;NO;0*;;;;;;;;;;;;;;;;;;;;;;;;;0
E245;GUARDIA LOMBARDI;AV;11;17/12/2025;18/05/2026;CONFERMA;NO;0,6;Aliquota unica;;;;;;;;;;;;;;;;;;;;;;;1;0
E246;GUARDIA PERTICARA;PZ;;;;;NO;0*;;;;;;;;;;;;;;;;;;;;;;;;;0
E242;GUARDIA PIEMONTESE;CS;;;;;NO;0*;;;;;;;;;;;;;;;;;;;;;;;;;0
E249;GUARDIA SANFRAMONDI;BN;25;06/11/2025;08/06/2026;CONFERMA;SI;0;Esenzione per redditi imponibili fino a euro 8.000,00;,8;Aliquota unica;;;;;;;;;;;;;;;;;;;;;2;8000
E243;GUARDIAGRELE;CH;;;;;NO;0*;;;;;;;;;;;;;;;;;;;;;;;;;0
E244;GUARDIALFIERA;CB;;;;;NO;0*;;;;;;;;;;;;;;;;;;;;;;;;;0
E248;GUARDIAREGIA;CB;18;22/12/2025;12/05/2026;CONFERMA;SI;0;Esenzione per redditi imponibili fino a euro 7.999,99;,4;Aliquota unica;;;;;;;;;;;;;;;;;;;;;2;7999,99
E250;GUARDISTALLO;PI;;;;;NO;0*;;;;;;;;;;;;;;;;;;;;;;;;;0
E251;GUARENE;CN;;;;;NO;0*;;;;;;;;;;;;;;;;;;;;;;;;;0
E252;GUASILA;SU;;;;;NO;0*;;;;;;;;;;;;;;;;;;;;;;;;;0
E253;GUASTALLA;RE;;;;;NO;0*;;;;;;;;;;;;;;;;;;;;;;;;;0
E255;GUAZZORA;AL;18;15/12/2025;08/01/2026;CONFERMA;NO;0,8;Aliquota unica;;;;;;;;;;;;;;;;;;;;;;;1;0
E256;GUBBIO;PG;;;;;NO;0*;;;;;;;;;;;;;;;;;;;;;;;;;0
E258;GUDO VISCONTI;MI;;;;;NO;0*;;;;;;;;;;;;;;;;;;;;;;;;;0
E259;GUGLIONESI;CB;;;;;NO;0*;;;;;;;;;;;;;;;;;;;;;;;;;0
E261;GUIDIZZOLO;MN;56;30/12/2025;18/05/2026;CONFERMA;NO;0,8;Aliquota unica;;;;;;;;;;;;;;;;;;;;;;;1;0
E263;GUIDONIA MONTECELIO;RM;;;;;NO;0*;;;;;;;;;;;;;;;;;;;;;;;;;0
E264;GUIGLIA;MO;;;;;NO;0*;;;;;;;;;;;;;;;;;;;;;;;;;0
E266;GUILMI;CH;;;;;NO;0*;;;;;;;;;;;;;;;;;;;;;;;;;0
E269;GURRO;VB;;;;;NO;0*;;;;;;;;;;;;;;;;;;;;;;;;;0
E270;GUSPINI;SU;;;;;NO;0*;;;;;;;;;;;;;;;;;;;;;;;;;0
E271;GUSSAGO;BS;;;;;NO;0*;;;;;;;;;;;;;;;;;;;;;;;;;0
E272;GUSSOLA;CR;55;22/12/2025;07/01/2026;CONFERMA;SI;0;Esenzione per redditi imponibili fino a euro 7.500,00;,65;Aliquota unica;;;;;;;;;;;;;;;;;;;;;2;7500
E273;HONE;AO;;;;;NO;0*;;;;;;;;;;;;;;;;;;;;;;;;;0
E280;IDRO;BS;52;29/12/2025;13/01/2026;MODIFICA;NO;0,7;Aliquota unica;;;;;;;;;;;;;;;;;;;;;;;1;0
E281;IGLESIAS;SU;;;;;NO;0*;;;;;;;;;;;;;;;;;;;;;;;;;0
E282;IGLIANO;CN;;;;;NO;0*;;;;;;;;;;;;;;;;;;;;;;;;;0
E283;ILBONO;NU;;;;;NO;0*;;;;;;;;;;;;;;;;;;;;;;;;;0
E284;ILLASI;VR;47;17/12/2025;21/01/2026;CONFERMA;NO;0,8;Aliquota unica;;;;;;;;;;;;;;;;;;;;;;;1;0
E285;ILLORAI;SS;;;;;NO;0*;;;;;;;;;;;;;;;;;;;;;;;;;0
E287;IMBERSAGO;LC;44;22/12/2025;25/05/2026;CONFERMA;NO;0,8;Aliquota unica;;;;;;;;;;;;;;;;;;;;;;;1;0
E288;IMER;TN;;;;;NO;0*;;;;;;;;;;;;;;;;;;;;;;;;;0
E289;IMOLA;BO;;;;;NO;0*;;;;;;;;;;;;;;;;;;;;;;;;;0
E290;IMPERIA;IM;;;;;NO;0*;;;;;;;;;;;;;;;;;;;;;;;;;0
E291;IMPRUNETA;FI;;;;;NO;0*;;;;;;;;;;;;;;;;;;;;;;;;;0
E292;INARZO;VA;20;16/12/2025;08/01/2026;CONFERMA;SI;0;Esenzione per redditi imponibili fino a euro 11.500,00;,7;Aliquota unica;;;;;;;;;;;;;;;;;;;;;2;11500
E295;INCISA SCAPACCINO;AT;2;22/01/2026;29/01/2026;MODIFICA;NO;0,8;Aliquota unica;;;;;;;;;;;;;;;;;;;;;;;1;0
E297;INCUDINE;BS;;;;;NO;0*;;;;;;;;;;;;;;;;;;;;;;;;;0
E299;INDUNO OLONA;VA;3;23/02/2026;08/06/2026;CONFERMA;SI;0;Esenzione per redditi imponibili fino a euro 15.000,00;,75;Aliquota unica;;;;;;;;;;;;;;;;;;;;;2;15000
E301;INGRIA;TO;25;19/12/2025;05/03/2026;CONFERMA;NO;0,5;Aliquota unica;;;;;;;;;;;;;;;;;;;;;;;1;0
E304;INTRAGNA;VB;;;;;NO;0*;;;;;;;;;;;;;;;;;;;;;;;;;0
E305;INTROBIO;LC;67;18/12/2025;19/01/2026;CONFERMA;NO;0,6;Aliquota unica;;;;;;;;;;;;;;;;;;;;;;;1;0
E306;INTROD;AO;;;;;NO;0*;;;;;;;;;;;;;;;;;;;;;;;;;0
E307;INTRODACQUA;AQ;;;;;NO;0*;;;;;;;;;;;;;;;;;;;;;;;;;0
E309;INVERIGO;CO;;;;;NO;0*;;;;;;;;;;;;;;;;;;;;;;;;;0
E310;INVERNO E MONTELEONE;PV;;;;;NO;0*;;;;;;;;;;;;;;;;;;;;;;;;;0
E311;INVERSO PINASCA;TO;31;17/12/2025;09/01/2026;CONFERMA;NO;0,75;Aliquota unica;;;;;;;;;;;;;;;;;;;;;;;1;0
E313;INVERUNO;MI;63;22/12/2025;05/03/2026;CONFERMA;SI;0;Esenzione per redditi imponibili fino a euro 15.000,00;,8;Aliquota unica;;;;;;;;;;;;;;;;;;;;;2;15000
E314;INVORIO;NO;24;15/12/2025;05/02/2026;CONFERMA;NO;0,6;Aliquota unica;;;;;;;;;;;;;;;;;;;;;;;1;0
E317;INZAGO;MI;39;16/12/2025;14/01/2026;DELIBERA ADOTTATA EX ART. 1, COMMA 751, L. 207/2024;SI;0,35;Applicabile a Scaglione di reddito fino a euro 15.000,00;,5;Applicabile a scaglione di reddito da euro 15.000,01 fino a euro 28.000,00;,6;Applicabile a scaglione di reddito da euro 28.000,01 fino a euro 50.000,00;,8;Applicabile a scaglione di reddito oltre euro 50.000,00;0;Esenzione per redditi imponibili fino a euro 10.000,00;;;;;;;;;;;;;;;0;0
E323;IRGOLI;NU;;;;;NO;0*;;;;;;;;;;;;;;;;;;;;;;;;;0
E325;IRMA;BS;26;27/11/2025;13/01/2026;CONFERMA;SI;0;Esenzione per redditi imponibili fino a euro 11.000,00;,7;Applicabile a scaglione di reddito fino a euro 28.000,00;,75;Applicabile a scaglione di reddito da euro 28.000,01 fino a euro 50.000,00;,8;Applicabile a scaglione di reddito oltre euro 50.000,00;;;;;;;;;;;;;;;;;4;11000
E326;IRSINA;MT;;;;;NO;0*;;;;;;;;;;;;;;;;;;;;;;;;;0
E327;ISASCA;CN;;;;;NO;0*;;;;;;;;;;;;;;;;;;;;;;;;;0
E328;ISCA SULLO IONIO;CZ;;;;;NO;0*;;;;;;;;;;;;;;;;;;;;;;;;;0
E329;ISCHIA;NA;;;;;NO;0*;;;;;;;;;;;;;;;;;;;;;;;;;0
E330;ISCHIA DI CASTRO;VT;4;02/02/2026;23/02/2026;MODIFICA;NO;0,8;Aliquota unica;;;;;;;;;;;;;;;;;;;;;;;1;0
E332;ISCHITELLA;FG;;;;;NO;0*;;;;;;;;;;;;;;;;;;;;;;;;;0
E333;ISEO;BS;71;22/12/2025;19/01/2026;MODIFICA;SI;0;Esenzione per redditi imponibili fino a euro 15.000,00;,4;Applicabile a scaglione di reddito fino a euro 28.000,00;,65;Applicabile a scaglione di reddito da euro 28.000,01 fino a euro 50.000,00;,75;Applicabile a scaglione di reddito oltre euro 50.000,00;;;;;;;;;;;;;;;;;4;15000
E334;ISERA;TN;44;22/12/2025;28/01/2026;MODIFICA;SI;0;Esenzione per redditi imponibili fino a euro 15.000,00;,33;Applicabile a scaglione di reddito fino a euro 28.000,00;,4;Applicabile a scaglione di reddito da euro 28.000,01 fino a euro 50.000,00;,47;Applicabile a scaglione di reddito oltre euro 50.000,00;;;;;;;;;;;;;;;;;4;15000
E335;ISERNIA;IS;;;;;NO;0*;;;;;;;;;;;;;;;;;;;;;;;;;0
E336;ISILI;SU;4;16/03/2026;31/03/2026;CONFERMA;NO;0,7;Aliquota unica;;;;;;;;;;;;;;;;;;;;;;;1;0
E337;ISNELLO;PA;;;;;NO;0*;;;;;;;;;;;;;;;;;;;;;;;;;0
E338;ISOLA D'ASTI;AT;44;19/12/2025;29/01/2026;CONFERMA;NO;0,8;Aliquota unica;;;;;;;;;;;;;;;;;;;;;;;1;0
E341;ISOLA DEL CANTONE;GE;;;;;NO;0*;;;;;;;;;;;;;;;;;;;;;;;;;0
E348;ISOLA DEL GIGLIO;GR;7;26/06/2026;02/07/2026;ATTO OLTRE TERMINE - ALIQUOTE APPLICABILI PER IL 2026 IN QUANTO CONFERMATE;SI;0;Esenzione per redditi imponibili fino a euro 15.000,00;,3;Applicabile a scaglione di reddito fino a euro 28.000,00;,5;Applicabile a scaglione di reddito da euro 28.000,01 fino a euro 50.000,00;,8;Applicabile a scaglione di reddito oltre euro 50.000,00;;;;;;;;;;;;;;;;;4;15000
E343;ISOLA DEL GRAN SASSO D'ITALIA;TE;36;22/12/2025;11/06/2026;DELIBERA ADOTTATA EX ART. 1, COMMA 751, L. 207/2024;SI;0,7;Applicabile a  scaglione di reddito fino a euro 15.000,00;,75;Applicabile a scaglione di reddito da euro 15.000,01 fino a euro 28.000,00;,78;Applicabile a scaglione di reddito oltre euro 28.000,00 fino a euro 50.000,00;,8;Applicabile a scaglione di reddito oltre euro 50.000,00;0;Esenzione per redditi imponibili fino a euro 15.000,00;;;;;;;;;;;;;;;0;0
E340;ISOLA DEL LIRI;FR;;;;;NO;0*;;;;;;;;;;;;;;;;;;;;;;;;;0
E351;ISOLA DEL PIANO;PU;;;;;NO;0*;;;;;;;;;;;;;;;;;;;;;;;;;0
E349;ISOLA DELLA SCALA;VR;;;;;NO;0*;;;;;;;;;;;;;;;;;;;;;;;;;0
E350;ISOLA DELLE FEMMINE;PA;;;;;NO;0*;;;;;;;;;;;;;;;;;;;;;;;;;0
E339;ISOLA DI CAPO RIZZUTO;KR;2;24/03/2026;15/04/2026;CONFERMA;SI;0;Esenzione per redditi imponibili fino a euro 10.000,00;,8;Aliquota unica;;;;;;;;;;;;;;;;;;;;;2;10000
E353;ISOLA DI FONDRA;BG;;;;;NO;0*;;;;;;;;;;;;;;;;;;;;;;;;;0
E356;ISOLA DOVARESE;CR;45;17/12/2025;20/05/2026;MODIFICA;SI;0,3;Applicabile a scaglione di reddito fino A euro 15.000,00;,45;Applicabile a scaglione di reddito da euro 15.000,01 fino a euro 28.000,00;,55;Applicabile a scaglione di reddito da euro 28.000,01 fino a euro 50.000,00;,75;Applicabile a scaglione di reddito oltre euro 50.000,00;;;;;;;;;;;;;;;;;0;0
E358;ISOLA RIZZA;VR;41;10/12/2025;13/01/2026;CONFERMA;NO;0,8;Aliquota unica;;;;;;;;;;;;;;;;;;;;;;;1;0
E360;ISOLA SANT'ANTONIO;AL;;;;;NO;0*;;;;;;;;;;;;;;;;;;;;;;;;;0
E354;ISOLA VICENTINA;VI;42;22/12/2025;07/04/2026;CONFERMA;NO;0,6;Aliquota unica;;;;;;;;;;;;;;;;;;;;;;;1;0
E345;ISOLABELLA;TO;;;;;NO;0*;;;;;;;;;;;;;;;;;;;;;;;;;0
E346;ISOLABONA;IM;;;;;NO;0*;;;;;;;;;;;;;;;;;;;;;;;;;0
E363;ISOLE TREMITI;FG;;;;;NO;0*;;;;;;;;;;;;;;;;;;;;;;;;;0
E364;ISORELLA;BS;;;;;NO;0*;;;;;;;;;;;;;;;;;;;;;;;;;0
E365;ISPANI;SA;3;12/02/2026;25/03/2026;MODIFICA;SI;0;Esenzione per redditi imponibili fino a euro 12.000,00;,6;Applicabile a scaglione di reddito fino a euro 28.000,00;,7;Applicabile a scaglione di reddito da euro 28.000,01 fino a euro 50.000,00;,8;Applicabile a scaglione di reddito oltre euro 50.000,00;;;;;;;;;;;;;;;;;4;12000
E366;ISPICA;RG;;;;;NO;0*;;;;;;;;;;;;;;;;;;;;;;;;;0
E367;ISPRA;VA;2;26/02/2026;30/03/2026;CONFERMA;SI;0;Esenzione per redditi imponibili fino a euro 14.000,00;,5;Aliquota unica;;;;;;;;;;;;;;;;;;;;;2;14000
E368;ISSIGLIO;TO;19;29/12/2025;25/08/2026;CONFERMA;NO;0,75;Aliquota unica;;;;;;;;;;;;;;;;;;;;;;;1;0
E369;ISSIME;AO;;;;;NO;0*;;;;;;;;;;;;;;;;;;;;;;;;;0
E370;ISSO;BG;48;18/12/2025;27/01/2026;CONFERMA;NO;0,8;Aliquota unica;;;;;;;;;;;;;;;;;;;;;;;1;0
E371;ISSOGNE;AO;;;;;NO;0*;;;;;;;;;;;;;;;;;;;;;;;;;0
E373;ISTRANA;TV;;;;;NO;0*;;;;;;;;;;;;;;;;;;;;;;;;;0
E374;ITALA;ME;;;;;NO;0*;;;;;;;;;;;;;;;;;;;;;;;;;0
E375;ITRI;LT;;;;;NO;0*;;;;;;;;;;;;;;;;;;;;;;;;;0
E376;ITTIREDDU;SS;;;;;NO;0*;;;;;;;;;;;;;;;;;;;;;;;;;0
E377;ITTIRI;SS;;;;;NO;0*;;;;;;;;;;;;;;;;;;;;;;;;;0
E379;IVREA;TO;;;;;NO;0*;;;;;;;;;;;;;;;;;;;;;;;;;0
E380;IZANO;CR;3;25/02/2026;04/05/2026;CONFERMA;SI;0;Esenzione per redditi imponibili fino a euro 7.500,00;,55;Applicabile a scaglione di reddito fino a euro 28.000,00;,6;Applicabile a scaglione di reddito da euro 28.000,01 fino a euro 50.000,00;,8;Applicabile a scaglione di reddito oltre euro 50.000,00;;;;;;;;;;;;;;;;;4;7500
E274;JACURSO;CZ;;;;;NO;0*;;;;;;;;;;;;;;;;;;;;;;;;;0
E381;JELSI;CB;;;;;NO;0*;;;;;;;;;;;;;;;;;;;;;;;;;0
E382;JENNE;RM;3;20/03/2026;18/06/2026;CONFERMA;NO;0,5;Aliquota unica;;;;;;;;;;;;;;;;;;;;;;;1;0
E386;JERAGO CON ORAGO;VA;41;23/12/2025;09/02/2026;CONFERMA;SI;0;Esenzione per redditi imponibili fino a euro 12.000,00;,8;Aliquota unica;;;;;;;;;;;;;;;;;;;;;2;12000
E387;JERZU;NU;;;;;NO;0*;;;;;;;;;;;;;;;;;;;;;;;;;0
E388;JESI;AN;;;;;NO;0*;;;;;;;;;;;;;;;;;;;;;;;;;0
C388;JESOLO;VE;;;;;NO;0*;;;;;;;;;;;;;;;;;;;;;;;;;0
E320;JOLANDA DI SAVOIA;FE;;;;;NO;0*;;;;;;;;;;;;;;;;;;;;;;;;;0
E321;JONADI;VV;46;23/12/2025;23/02/2026;CONFERMA;NO;0,8;Aliquota unica;;;;;;;;;;;;;;;;;;;;;;;1;0
E389;JOPPOLO;VV;;;;;NO;0*;;;;;;;;;;;;;;;;;;;;;;;;;0
E390;JOPPOLO GIANCAXIO;AG;;;;;NO;0*;;;;;;;;;;;;;;;;;;;;;;;;;0
E391;JOVENCAN;AO;;;;;NO;0*;;;;;;;;;;;;;;;;;;;;;;;;;0
E394;LA CASSA;TO;31;16/12/2025;17/06/2026;DELIBERA ADOTTATA EX ART. 1, COMMA 751, L. 207/2024;SI;0,3;Applicabile a scaglione di reddito fino a euro 15.000,00;,4;Applicabile a scaglione di reddito da euro 15.000,01 fino a euro 28.000,00;,5;Applicabile a scaglione di reddito da euro 28.000,01 fino a euro 50.000,00;,6;Applicabile a scaglione di reddito oltre euro 50.000,00;;;;;;;;;;;;;;;;;0;0
E423;LA LOGGIA;TO;36;11/12/2025;21/01/2026;DELIBERA ADOTTATA EX ART. 1, COMMA 751, L. 207/2024;SI;0,35;Applicabile a scaglione di reddito fino a euro 15.000,00;,5;Applicabile a scaglione di reddito da euro 15.000,01 fino a euro 28.000,00;,7;Applicabile a scaglione di reddito da euro 28.000,01 fino a euro 50.000,00;,8;Applicabile a scaglione di reddito oltre euro 50.000,00;0;Esenzione per redditi imponibili fino a euro 15.000,99;;;;;;;;;;;;;;;0;0
E425;LA MADDALENA;SS;48;30/10/2025;08/01/2026;CONFERMA;SI;0;Esenzione per redditi imponibili fino a euro 11.000,00;,8;Aliquota unica;;;;;;;;;;;;;;;;;;;;;2;11000
A308;LA MAGDELEINE;AO;;;;;NO;0*;;;;;;;;;;;;;;;;;;;;;;;;;0
E430;LA MORRA;CN;28;22/12/2025;21/01/2026;CONFERMA;NO;0,6;Aliquota unica;;;;;;;;;;;;;;;;;;;;;;;1;0
E458;LA SALLE;AO;;;;;NO;0*;;;;;;;;;;;;;;;;;;;;;;;;;0
E463;LA SPEZIA;SP;37;15/12/2025;08/01/2026;CONFERMA;SI;0;Esenzione per redditi imponibili fino a euro 15.000,00;,8;Aliquota unica;;;;;;;;;;;;;;;;;;;;;2;15000
E470;LA THUILE;AO;;;;;NO;0*;;;;;;;;;;;;;;;;;;;;;;;;;0
E491;LA VALLE;BZ;;;;;NO;0*;;;;;;;;;;;;;;;;;;;;;;;;;0
E490;LA VALLE AGORDINA;BL;;;;;NO;0*;;;;;;;;;;;;;;;;;;;;;;;;;0
M348;LA VALLETTA BRIANZA;LC;63;19/12/2025;23/02/2026;CONFERMA;SI;0;Esenzione per redditi imponibili fino a euro 15.000,00;,6;Applicabile a scaglione di reddito fino a euro 28.000,00;,7;Applicabile a scaglione di reddito da euro 28.000,01 fino a euro 50.000,00;,8;Applicabile a scaglione di reddito oltre euro 50.000,00;;;;;;;;;;;;;;;;;4;15000
E392;LABICO;RM;33;29/12/2025;23/06/2026;CONFERMA;NO;0,8;Aliquota unica;;;;;;;;;;;;;;;;;;;;;;;1;0
E393;LABRO;RI;;;;;NO;0*;;;;;;;;;;;;;;;;;;;;;;;;;0
E395;LACCHIARELLA;MI;44;18/12/2025;13/01/2026;CONFERMA;SI;0;Esenzione per redditi imponibili fino a euro 15.000,00;,62;Applicabile a scaglione di reddito fino a euro 28.000,00;,72;Applicabile a scaglione di reddito da euro 28.000,01 fino a euro 50.000,00;,8;Applicabile a scaglione di reddito oltre euro 50.000,00;;;;;;;;;;;;;;;;;4;15000
E396;LACCO AMENO;NA;;;;;NO;0*;;;;;;;;;;;;;;;;;;;;;;;;;0
E397;LACEDONIA;AV;;;;;NO;0*;;;;;;;;;;;;;;;;;;;;;;;;;0
E398;LACES;BZ;;;;;NO;0*;;;;;;;;;;;;;;;;;;;;;;;;;0
E400;LACONI;OR;;;;;NO;0*;;;;;;;;;;;;;;;;;;;;;;;;;0
M212;LADISPOLI;RM;;;;;NO;0*;;;;;;;;;;;;;;;;;;;;;;;;;0
E401;LAERRU;SS;;;;;NO;0*;;;;;;;;;;;;;;;;;;;;;;;;;0
E402;LAGANADI;RC;;;;;NO;0*;;;;;;;;;;;;;;;;;;;;;;;;;0
E403;LAGHI;VI;;;;;NO;0*;;;;;;;;;;;;;;;;;;;;;;;;;0
E405;LAGLIO;CO;;;;;NO;0*;;;;;;;;;;;;;;;;;;;;;;;;;0
E406;LAGNASCO;CN;20;16/12/2025;04/02/2026;CONFERMA;NO;0,5;Aliquota unica;;;;;;;;;;;;;;;;;;;;;;;1;0
E407;LAGO;CS;;;;;NO;0*;;;;;;;;;;;;;;;;;;;;;;;;;0
E409;LAGONEGRO;PZ;5;12/02/2026;27/02/2026;CONFERMA;NO;0,8;Aliquota unica;;;;;;;;;;;;;;;;;;;;;;;1;0
E410;LAGOSANTO;FE;40;18/12/2025;12/01/2026;CONFERMA;NO;0,8;Aliquota unica;;;;;;;;;;;;;;;;;;;;;;;1;0
E412;LAGUNDO;BZ;;;;;NO;0*;;;;;;;;;;;;;;;;;;;;;;;;;0
E414;LAIGUEGLIA;SV;;;;;NO;0*;;;;;;;;;;;;;;;;;;;;;;;;;0
E415;LAINATE;MI;112;18/12/2025;24/03/2026;CONFERMA;SI;0;Esenzione per redditi imponibili fino a euro 12.000,00;,74;Applicabile a scaglione di reddito fino a euro 28.000,00;,76;Applicabile a scaglione di reddito da euro 28.000,01 fino a euro 50.000,00;,78;Applicabile a scaglione di reddito oltre euro 50.000,00;;;;;;;;;;;;;;;;;4;12000
E416;LAINO;CO;36;01/12/2025;08/06/2026;CONFERMA;NO;0,5;Aliquota unica;;;;;;;;;;;;;;;;;;;;;;;1;0
E417;LAINO BORGO;CS;;;;;NO;0*;;;;;;;;;;;;;;;;;;;;;;;;;0
E419;LAINO CASTELLO;CS;95;04/12/2025;07/01/2026;CONFERMA;NO;0,6;Aliquota unica;;;;;;;;;;;;;;;;;;;;;;;1;0
E420;LAION;BZ;;;;;NO;0*;;;;;;;;;;;;;;;;;;;;;;;;;0
E421;LAIVES;BZ;;;;;NO;0*;;;;;;;;;;;;;;;;;;;;;;;;;0
E413;LAJATICO;PI;;;;;NO;0*;;;;;;;;;;;;;;;;;;;;;;;;;0
E422;LALLIO;BG;;;;;NO;0*;;;;;;;;;;;;;;;;;;;;;;;;;0
E424;LAMA DEI PELIGNI;CH;38;19/12/2025;30/01/2026;CONFERMA;SI;0;Esenzione per redditi imponibili fino a euro 7.999,99;,8;Aliquota unica;;;;;;;;;;;;;;;;;;;;;2;7999,99
E426;LAMA MOCOGNO;MO;;;;;NO;0*;;;;;;;;;;;;;;;;;;;;;;;;;0
E428;LAMBRUGO;CO;;;;;NO;0*;;;;;;;;;;;;;;;;;;;;;;;;;0
M208;LAMEZIA TERME;CZ;;;;;NO;0*;;;;;;;;;;;;;;;;;;;;;;;;;0
E429;LAMON;BL;;;;;NO;0*;;;;;;;;;;;;;;;;;;;;;;;;;0
E431;LAMPEDUSA E LINOSA;AG;;;;;NO;0*;;;;;;;;;;;;;;;;;;;;;;;;;0
E432;LAMPORECCHIO;PT;;;;;NO;0*;;;;;;;;;;;;;;;;;;;;;;;;;0
E433;LAMPORO;VC;;;;;NO;0*;;;;;;;;;;;;;;;;;;;;;;;;;0
E434;LANA;BZ;;;;;NO;0*;;;;;;;;;;;;;;;;;;;;;;;;;0
E435;LANCIANO;CH;;;;;NO;0*;;;;;;;;;;;;;;;;;;;;;;;;;0
E436;LANDIONA;NO;;;;;NO;0*;;;;;;;;;;;;;;;;;;;;;;;;;0
E437;LANDRIANO;PV;7;25/02/2026;30/03/2026;CONFERMA;NO;0,5;Aliquota unica;;;;;;;;;;;;;;;;;;;;;;;1;0
E438;LANGHIRANO;PR;55;18/12/2025;28/07/2026;CONFERMA;SI;0;Esenzione per redditi imponibili fino a euro 10.000,00;,8;Aliquota unica;;;;;;;;;;;;;;;;;;;;;2;10000
E439;LANGOSCO;PV;;;;;NO;0*;;;;;;;;;;;;;;;;;;;;;;;;;0
E441;LANUSEI;NU;;;;;NO;0*;;;;;;;;;;;;;;;;;;;;;;;;;0
C767;LANUVIO;RM;;;;;NO;0*;;;;;;;;;;;;;;;;;;;;;;;;;0
E443;LANZADA;SO;2;02/02/2026;05/03/2026;CONFERMA;NO;0,2;Aliquota unica;;;;;;;;;;;;;;;;;;;;;;;1;0
E445;LANZO TORINESE;TO;40;26/11/2025;17/02/2026;CONFERMA;SI;0,65;Applicabile a scaglione di reddito fino a euro 28.000,00;,75;Applicabile a scaglione di reddito da euro 28.000,01 fino a euro 50.000,00;,8;Applicabile a scaglione di reddito oltre euro 50.000,00;;;;;;;;;;;;;;;;;;;3;0
E447;LAPEDONA;FM;;;;;NO;0*;;;;;;;;;;;;;;;;;;;;;;;;;0
E448;LAPIO;AV;;;;;NO;0*;;;;;;;;;;;;;;;;;;;;;;;;;0
E450;LAPPANO;CS;;;;;NO;0*;;;;;;;;;;;;;;;;;;;;;;;;;0
A345;L'AQUILA;AQ;;;;;NO;0*;;;;;;;;;;;;;;;;;;;;;;;;;0
E451;LARCIANO;PT;47;10/11/2025;20/05/2026;CONFERMA;SI;0,55;Applicabile a scaglione di reddito fino a euro 28.000,00;,7;Applicabile a scaglione di reddito da euro 28.000,01 fino a euro 50.000,00;,8;Applicabile a scaglione di reddito oltre euro 50.000,00;0;Esenzione per tutti i contribuenti titolari di un reddito complessivo annuo imponibile non superiore ad € 12.000,00. Tale reddito dovra' essere esclusivamente derivante da reddito di lavoro dipendente o reddito di pensione e reddito per abitazione principale;;;;;;;;;;;;;;;;;6;0
E454;LARDIRAGO;PV;33;22/12/2025;22/01/2026;CONFERMA;NO;0,8;Aliquota unica;;;;;;;;;;;;;;;;;;;;;;;1;0
M207;LARIANO;RM;;;;;NO;0*;;;;;;;;;;;;;;;;;;;;;;;;;0
E456;LARINO;CB;;;;;NO;0*;;;;;;;;;;;;;;;;;;;;;;;;;0
E464;LAS PLASSAS;SU;;;;;NO;0*;;;;;;;;;;;;;;;;;;;;;;;;;0
E457;LASA;BZ;;;;;NO;0*;;;;;;;;;;;;;;;;;;;;;;;;;0
E459;LASCARI;PA;;;;;NO;0*;;;;;;;;;;;;;;;;;;;;;;;;;0
E462;LASNIGO;CO;;;;;NO;0*;;;;;;;;;;;;;;;;;;;;;;;;;0
E465;LASTEBASSE;VI;;;;;NO;0*;;;;;;;;;;;;;;;;;;;;;;;;;0
E466;LASTRA A SIGNA;FI;;;;;NO;0*;;;;;;;;;;;;;;;;;;;;;;;;;0
E467;LATERA;VT;;;;;NO;0*;;;;;;;;;;;;;;;;;;;;;;;;;0
M392;LATERINA PERGINE VALDARNO;AR;85;19/12/2025;04/02/2026;CONFERMA;NO;0,8;Aliquota unica;;;;;;;;;;;;;;;;;;;;;;;1;0
E469;LATERZA;TA;;;;;NO;0*;;;;;;;;;;;;;;;;;;;;;;;;;0
E471;LATIANO;BR;;;;;NO;0*;;;;;;;;;;;;;;;;;;;;;;;;;0
E472;LATINA;LT;;;;;NO;0*;;;;;;;;;;;;;;;;;;;;;;;;;0
E473;LATISANA;UD;;;;;NO;0*;;;;;;;;;;;;;;;;;;;;;;;;;0
E474;LATRONICO;PZ;;;;;NO;0*;;;;;;;;;;;;;;;;;;;;;;;;;0
E475;LATTARICO;CS;;;;;NO;0*;;;;;;;;;;;;;;;;;;;;;;;;;0
E476;LAUCO;UD;36;24/11/2025;08/06/2026;DELIBERA ADOTTATA EX ART. 1, COMMA 751, L. 207/2024;SI;0,2;Applicabile a scaglione di reddito fino a euro 15.000,00;,4;Applicabile a scaglione di reddito da euro 15.000,01 fino a euro 28.000,00;,6;Applicabile a scaglione di reddito da euro 28.000,01 fino a euro 50.000,00;,7;Applicabile a scaglione di reddito oltre euro 50.000,00;0;Esenzione per redditi imponibili fino a euro 7.500,00;;;;;;;;;;;;;;;0;0
E480;LAUREANA CILENTO;SA;;;;;NO;0*;;;;;;;;;;;;;;;;;;;;;;;;;0
E479;LAUREANA DI BORRELLO;RC;;;;;NO;0*;;;;;;;;;;;;;;;;;;;;;;;;;0
E481;LAUREGNO;BZ;;;;;NO;0*;;;;;;;;;;;;;;;;;;;;;;;;;0
E482;LAURENZANA;PZ;;;;;NO;0*;;;;;;;;;;;;;;;;;;;;;;;;;0
E483;LAURIA;PZ;;;;;NO;0*;;;;;;;;;;;;;;;;;;;;;;;;;0
E484;LAURIANO;TO;34;23/12/2025;28/01/2026;CONFERMA;NO;0,75;Aliquota unica;;;;;;;;;;;;;;;;;;;;;;;1;0
E485;LAURINO;SA;;;;;NO;0*;;;;;;;;;;;;;;;;;;;;;;;;;0
E486;LAURITO;SA;;;;;NO;0*;;;;;;;;;;;;;;;;;;;;;;;;;0
E487;LAURO;AV;;;;;NO;0*;;;;;;;;;;;;;;;;;;;;;;;;;0
E488;LAVAGNA;GE;;;;;NO;0*;;;;;;;;;;;;;;;;;;;;;;;;;0
E489;LAVAGNO;VR;99;12/12/2025;15/01/2026;CONFERMA;NO;0,8;Aliquota unica;;;;;;;;;;;;;;;;;;;;;;;1;0
E492;LAVARONE;TN;;;;;NO;0*;;;;;;;;;;;;;;;;;;;;;;;;;0
E493;LAVELLO;PZ;;;;;NO;0*;;;;;;;;;;;;;;;;;;;;;;;;;0
E494;LAVENA PONTE TRESA;VA;33;18/12/2025;08/01/2026;CONFERMA;NO;0,8;Aliquota unica;;;;;;;;;;;;;;;;;;;;;;;1;0
E496;LAVENO-MOMBELLO;VA;;;;;NO;0*;;;;;;;;;;;;;;;;;;;;;;;;;0
E497;LAVENONE;BS;29;29/12/2025;11/02/2026;MODIFICA;NO;0,8;Aliquota unica;;;;;;;;;;;;;;;;;;;;;;;1;0
E498;LAVIANO;SA;;;;;NO;0*;;;;;;;;;;;;;;;;;;;;;;;;;0
E500;LAVIS;TN;;;;;NO;0*;;;;;;;;;;;;;;;;;;;;;;;;;0
E502;LAZISE;VR;;;;;NO;0*;;;;;;;;;;;;;;;;;;;;;;;;;0
E504;LAZZATE;MB;6;27/02/2026;23/03/2026;CONFERMA;SI;0;Esenzione per redditi imponibili fino a euro 15.000,00;,7;Aliquota unica;;;;;;;;;;;;;;;;;;;;;2;15000
E506;LECCE;LE;;;;;NO;0*;;;;;;;;;;;;;;;;;;;;;;;;;0
E505;LECCE NEI MARSI;AQ;;;;;NO;0*;;;;;;;;;;;;;;;;;;;;;;;;;0
E507;LECCO;LC;;;;;NO;0*;;;;;;;;;;;;;;;;;;;;;;;;;0
M313;LEDRO;TN;;;;;NO;0*;;;;;;;;;;;;;;;;;;;;;;;;;0
E509;LEFFE;BG;25;23/12/2025;19/01/2026;CONFERMA;SI;0;Esenzione per redditi imponibili fino a euro 10.000,00;,5;Aliquota unica;;;;;;;;;;;;;;;;;;;;;2;10000
E510;LEGGIUNO;VA;39;20/12/2025;14/01/2026;CONFERMA;SI;0;Esenzione per redditi imponibili fino a euro 15.000,00;,75;Aliquota unica;;;;;;;;;;;;;;;;;;;;;2;15000
E512;LEGNAGO;VR;66;22/12/2025;18/02/2026;CONFERMA;SI;0;Esenzione per redditi imponibili fino a euro 15.000,00;,8;Aliquota unica;;;;;;;;;;;;;;;;;;;;;2;15000
E514;LEGNANO;MI;46;16/12/2025;18/02/2026;CONFERMA;SI;0,6;Applicabile a scaglione dio reddito fino a 15.000;,65;Applicabile a scaglione di reddito da euro 15.000,01 fino a euro 28.000,00;,7;Applicabile a scaglione di reddito da euro 28.000,01 fino a euro 50.000,00;,8;Applicabile a scaglione di reddito oltre 50.000,00;0;Esenzione per 15.000;;;;;;;;;;;;;;;0;0
E515;LEGNARO;PD;39;18/12/2025;09/02/2026;CONFERMA;SI;0;Esenzione per redditi imponibili fino a euro 14.000,00;,8;Aliquota unica;;;;;;;;;;;;;;;;;;;;;2;14000
E517;LEI;NU;;;;;NO;0*;;;;;;;;;;;;;;;;;;;;;;;;;0
E518;LEINI;TO;55;30/12/2025;11/02/2026;CONFERMA;NO;0,8;Aliquota unica;;;;;;;;;;;;;;;;;;;;;;;1;0
E519;LEIVI;GE;;;;;NO;0*;;;;;;;;;;;;;;;;;;;;;;;;;0
E520;LEMIE;TO;25;09/12/2025;07/01/2026;CONFERMA;SI;0,5;Applicabile a scaglione di reddito fino a euro 28.000,00;,7;Applicabile a scaglione di reddito da euro 28.000,01 fino a euro 50.000,00;,8;Applicabile a scaglione di reddito oltre euro 50.000,00;;;;;;;;;;;;;;;;;;;3;0
E522;LENDINARA;RO;;;;;NO;0*;;;;;;;;;;;;;;;;;;;;;;;;;0
E523;LENI;ME;;;;;NO;0*;;;;;;;;;;;;;;;;;;;;;;;;;0
E524;LENNA;BG;;;;;NO;0*;;;;;;;;;;;;;;;;;;;;;;;;;0
E526;LENO;BS;45;18/12/2025;13/01/2026;DELIBERA ADOTTATA EX ART. 1, COMMA 751, L. 207/2024;SI;0,73;Applicabile a scaglione di reddito fino a euro 15.000,00;,75;Applicabile a scaglione di reddito da euro 15.000,01 fino a euro 28.000,00;,78;Applicabile a scaglione di reddito da euro 28.000,01 fino a euro 50.000,00;,8;Applicabile a scaglione di reddito oltre euro 50.000,00                                    ;0;Esenzione per redditi imponibili fino a euro 15.000,00;;;;;;;;;;;;;;;0;0
E527;LENOLA;LT;;;;;NO;0*;;;;;;;;;;;;;;;;;;;;;;;;;0
E528;LENTA;VC;30;18/12/2025;17/08/2026;CONFERMA;NO;0,8;Aliquota unica;;;;;;;;;;;;;;;;;;;;;;;1;0
E530;LENTATE SUL SEVESO;MB;59;30/12/2025;02/02/2026;CONFERMA;SI;0;Esenzione per redditi imponibili fino a euro 8.500,00;,8;Aliquota unica;;;;;;;;;;;;;;;;;;;;;2;8500
E531;LENTELLA;CH;;;;;NO;0*;;;;;;;;;;;;;;;;;;;;;;;;;0
E532;LENTINI;SR;;;;;NO;0*;;;;;;;;;;;;;;;;;;;;;;;;;0
E535;LEONESSA;RI;;;;;NO;0*;;;;;;;;;;;;;;;;;;;;;;;;;0
E536;LEONFORTE;EN;;;;;NO;0*;;;;;;;;;;;;;;;;;;;;;;;;;0
E537;LEPORANO;TA;4;17/02/2026;01/04/2026;CONFERMA;SI;0;Esenzione per redditi imponibili fino a euro 12.000,00;,8;Aliquota unica;;;;;;;;;;;;;;;;;;;;;2;12000
E538;LEQUILE;LE;;;;;NO;0*;;;;;;;;;;;;;;;;;;;;;;;;;0
E540;LEQUIO BERRIA;CN;34;18/12/2025;09/01/2026;CONFERMA;SI;0;Esenzione per redditi imponibili fino a euro 8.000,00;,55;Aliquota unica;;;;;;;;;;;;;;;;;;;;;2;8000
E539;LEQUIO TANARO;CN;;;;;NO;0*;;;;;;;;;;;;;;;;;;;;;;;;;0
E541;LERCARA FRIDDI;PA;;;;;NO;0*;;;;;;;;;;;;;;;;;;;;;;;;;0
E542;LERICI;SP;45;19/12/2025;19/08/2026;CONFERMA;SI;0;Esenzione per redditi imponibili fino a euro 27.999,99;,8;Aliquota unica;;;;;;;;;;;;;;;;;;;;;2;27999,99
E543;LERMA;AL;24;17/12/2025;16/01/2026;CONFERMA;NO;0,8;Aliquota unica;;;;;;;;;;;;;;;;;;;;;;;1;0
E544;LESA;NO;54;16/12/2025;14/01/2026;CONFERMA;SI;0;Esenzione per redditi imponibili fino a euro 17.000,00;,7;Applicabile a scaglione di reddito fino a euro 28.000,00;,8;Applicabile a scaglione di reddito da euro 28.000,01 fino a euro 50.000,00;,8;Applicabile a scaglione di reddito oltre euro 50.000,00;;;;;;;;;;;;;;;;;4;17000
E546;LESEGNO;CN;;;;;NO;0*;;;;;;;;;;;;;;;;;;;;;;;;;0
E547;LESIGNANO DE' BAGNI;PR;50;29/12/2025;08/04/2026;CONFERMA;SI;0;Esenzione per redditi imponibili fino a euro 9.999,99;,8;Aliquota unica;;;;;;;;;;;;;;;;;;;;;2;9999,99
E549;LESINA;FG;;;;;NO;0*;;;;;;;;;;;;;;;;;;;;;;;;;0
E550;LESMO;MB;;;;;NO;0*;;;;;;;;;;;;;;;;;;;;;;;;;0
E551;LESSOLO;TO;;;;;NO;0*;;;;;;;;;;;;;;;;;;;;;;;;;0
M371;LESSONA;BI;26;15/12/2025;14/07/2026;CONFERMA;NO;0,3;Aliquota unica;;;;;;;;;;;;;;;;;;;;;;;1;0
E553;LESTIZZA;UD;;;;;NO;0*;;;;;;;;;;;;;;;;;;;;;;;;;0
E554;LETINO;CE;;;;;NO;0*;;;;;;;;;;;;;;;;;;;;;;;;;0
E555;LETOJANNI;ME;;;;;NO;0*;;;;;;;;;;;;;;;;;;;;;;;;;0
E557;LETTERE;NA;;;;;NO;0*;;;;;;;;;;;;;;;;;;;;;;;;;0
E558;LETTOMANOPPELLO;PE;37;24/11/2025;10/08/2026;CONFERMA;NO;0,8;Aliquota unica;;;;;;;;;;;;;;;;;;;;;;;1;0
E559;LETTOPALENA;CH;;;;;NO;0*;;;;;;;;;;;;;;;;;;;;;;;;;0
E560;LEVANTO;SP;4;28/01/2026;06/03/2026;CONFERMA;SI;0;Esenzione per redditi imponibili fino a euro 10.000,00;,5;Aliquota unica;;;;;;;;;;;;;;;;;;;;;2;10000
E562;LEVATE;BG;35;30/12/2025;26/01/2026;CONFERMA;SI;0,7;Aliquota unica;0;Esenzione per reddito complessivo da lavoro dipendente e/o assimilato a quello di lavoro dipendente, ai sensi rispettivamente degli articoli 49 e 50 del testo unico delle imposte sui redditi (DPR 22/12/86 n. 917) e successive modifiche ed integrazioni non superiore a 8.500 euro;;;;;;;;;;;;;;;;;;;;;5;0
E563;LEVERANO;LE;;;;;NO;0*;;;;;;;;;;;;;;;;;;;;;;;;;0
E564;LEVICE;CN;11;19/12/2025;19/02/2026;CONFERMA;NO;0,7;Aliquota unica;;;;;;;;;;;;;;;;;;;;;;;1;0
E565;LEVICO TERME;TN;;;;;NO;0*;;;;;;;;;;;;;;;;;;;;;;;;;0
E566;LEVONE;TO;;;;;NO;0*;;;;;;;;;;;;;;;;;;;;;;;;;0
E569;LEZZENO;CO;;;;;NO;0*;;;;;;;;;;;;;;;;;;;;;;;;;0
E570;LIBERI;CE;;;;;NO;0*;;;;;;;;;;;;;;;;;;;;;;;;;0
E571;LIBRIZZI;ME;;;;;NO;0*;;;;;;;;;;;;;;;;;;;;;;;;;0
E573;LICATA;AG;;;;;NO;0*;;;;;;;;;;;;;;;;;;;;;;;;;0
E574;LICCIANA NARDI;MS;;;;;NO;0*;;;;;;;;;;;;;;;;;;;;;;;;;0
E576;LICENZA;RM;8;26/02/2026;08/06/2026;CONFERMA;NO;0,8;Aliquota unica;;;;;;;;;;;;;;;;;;;;;;;1;0
E578;LICODIA EUBEA;CT;;;;;NO;0*;;;;;;;;;;;;;;;;;;;;;;;;;0
E581;LIERNA;LC;;;;;NO;0*;;;;;;;;;;;;;;;;;;;;;;;;;0
E583;LIGNANA;VC;;;;;NO;0*;;;;;;;;;;;;;;;;;;;;;;;;;0
E584;LIGNANO SABBIADORO;UD;;;;;NO;0*;;;;;;;;;;;;;;;;;;;;;;;;;0
E587;LILLIANES;AO;;;;;NO;0*;;;;;;;;;;;;;;;;;;;;;;;;;0
E588;LIMANA;BL;49;26/11/2025;07/01/2026;MODIFICA;NO;0,8;Aliquota unica;;;;;;;;;;;;;;;;;;;;;;;1;0
E589;LIMATOLA;BN;7;06/02/2026;13/05/2026;CONFERMA;NO;0,8;Aliquota unica;;;;;;;;;;;;;;;;;;;;;;;1;0
E590;LIMBADI;VV;3;05/03/2026;11/03/2026;CONFERMA;NO;0,8;Aliquota unica;;;;;;;;;;;;;;;;;;;;;;;1;0
E591;LIMBIATE;MB;44;12/11/2025;13/01/2026;CONFERMA;SI;0;Esenzione per redditi imponibili fino a euro 15.000,00;,65;Applicabile a scaglione di reddito fino a euro 28.000,00;,75;Applicabile a scaglione di reddito da euro 28.000,01 fino a euro 50.000,00;,79;Applicabile a scaglione di reddito oltre euro 50.000,00;;;;;;;;;;;;;;;;;4;15000
E592;LIMENA;PD;65;22/12/2025;17/02/2026;MODIFICA;SI;0;Esenzione per redditi imponibili fino a euro 15.000,00;,68;Applicabile a scaglione di reddito fino a euro 28.000,00;,78;Applicabile a scaglione di reddito da euro 28.000,01 fino a euro 50.000,00;,8;Applicabile a scaglione di reddito oltre euro 50.000,00;;;;;;;;;;;;;;;;;4;15000
E593;LIMIDO COMASCO;CO;30;16/12/2025;22/01/2026;CONFERMA;SI;0;Esenzione per redditi imponibili fino a euro 10.000,00;,75;Aliquota unica;;;;;;;;;;;;;;;;;;;;;2;10000
E594;LIMINA;ME;;;;;NO;0*;;;;;;;;;;;;;;;;;;;;;;;;;0
E597;LIMONE PIEMONTE;CN;49;18/12/2025;09/01/2026;ERRATA CORRIGE;SI;0;Esenzione per redditi imponibili fino a euro 10.000,00;,3;Applicabile a scaglione di reddito fino a euro 28.000,00;,4;Applicabile a scaglione di reddito da euro 28.000,01 fino a euro 50.000,00;,52;Applicabile a scaglione di reddito oltre euro 50.000,00;;;;;;;;;;;;;;;;;4;10000
E596;LIMONE SUL GARDA;BS;;;;;NO;0*;;;;;;;;;;;;;;;;;;;;;;;;;0
E599;LIMOSANO;CB;3;27/02/2026;02/03/2026;CONFERMA;NO;0,2;Aliquota unica;;;;;;;;;;;;;;;;;;;;;;;1;0
E600;LINAROLO;PV;28;17/12/2025;15/04/2026;MODIFICA;SI;0;Esenzione per redditi imponibili fino a euro 8.000,00;,55;Applicabile a scaglione di reddito fino a euro 28.000,00;,79;Applicabile a scaglione di reddito da euro 28.000,01 fino a euro 50.000,00;,8;Applicabile a scaglione di reddito oltre euro 50.000,00;;;;;;;;;;;;;;;;;4;8000
E602;LINGUAGLOSSA;CT;;;;;NO;0*;;;;;;;;;;;;;;;;;;;;;;;;;0
E605;LIONI;AV;41;22/12/2025;14/01/2026;CONFERMA;NO;0,8;Aliquota unica;;;;;;;;;;;;;;;;;;;;;;;1;0
E606;LIPARI;ME;;;;;NO;0*;;;;;;;;;;;;;;;;;;;;;;;;;0
E607;LIPOMO;CO;37;22/12/2025;09/03/2026;CONFERMA;SI;0;Esenzione per redditi imponibili fino a euro 20.000,00;,8;Aliquota unica;;;;;;;;;;;;;;;;;;;;;2;20000
E608;LIRIO;PV;;;;;NO;0*;;;;;;;;;;;;;;;;;;;;;;;;;0
E610;LISCATE;MI;42;16/12/2025;13/01/2026;DELIBERA ADOTTATA EX ART. 1, COMMA 751, L. 207/2024;SI;0,5;Applicabile a scaglione di reddito fino a euro 15.000,00;,52;Applicabile a scaglione di reddito Da euro 15.000,01 fino a euro 28.000,00;,54;Applicabile a scaglione di reddito Da euro 28.000,01 fino a euro 50.000,00;,57;Applicabile a scaglione di reddito Oltre euro 50.000,00;0;Esenzione per redditi imponibili fino a euro 10.000,00;;;;;;;;;;;;;;;0;0
E611;LISCIA;CH;;;;;NO;0*;;;;;;;;;;;;;;;;;;;;;;;;;0
E613;LISCIANO NICCONE;PG;46;22/12/2025;29/01/2026;CONFERMA;SI;0;Esenzione per redditi imponibili fino a euro 11.999,99;,8;Aliquota unica;;;;;;;;;;;;;;;;;;;;;2;11999,99
E615;LISIO;CN;;;;;NO;0*;;;;;;;;;;;;;;;;;;;;;;;;;0
E617;LISSONE;MB;;;;;NO;0*;;;;;;;;;;;;;;;;;;;;;;;;;0
E620;LIVERI;NA;;;;;NO;0*;;;;;;;;;;;;;;;;;;;;;;;;;0
E621;LIVIGNO;SO;;;;;NO;0*;;;;;;;;;;;;;;;;;;;;;;;;;0
E622;LIVINALLONGO DEL COL DI LANA;BL;50;12/12/2025;19/02/2026;CONFERMA;SI;0;Esenzione per redditi imponibili fino a euro 10.000,00;,6;Aliquota unica;;;;;;;;;;;;;;;;;;;;;2;10000
E623;LIVO;CO;;;;;NO;0*;;;;;;;;;;;;;;;;;;;;;;;;;0
E624;LIVO;TN;;;;;NO;0*;;;;;;;;;;;;;;;;;;;;;;;;;0
E625;LIVORNO;LI;;;;;NO;0*;;;;;;;;;;;;;;;;;;;;;;;;;0
E626;LIVORNO FERRARIS;VC;36;15/12/2025;09/01/2026;CONFERMA;NO;0,8;Aliquota unica;;;;;;;;;;;;;;;;;;;;;;;1;0
E627;LIVRAGA;LO;45;15/12/2025;08/07/2026;CONFERMA;SI;0;Esenzione per redditi imponibili fino a euro 12.000,00;,8;Aliquota unica;;;;;;;;;;;;;;;;;;;;;2;12000
E629;LIZZANELLO;LE;;;;;NO;0*;;;;;;;;;;;;;;;;;;;;;;;;;0
E630;LIZZANO;TA;70;27/11/2025;18/02/2026;CONFERMA;NO;0,8;Aliquota unica;;;;;;;;;;;;;;;;;;;;;;;1;0
A771;LIZZANO IN BELVEDERE;BO;;;;;NO;0*;;;;;;;;;;;;;;;;;;;;;;;;;0
E632;LOANO;SV;;;;;NO;0*;;;;;;;;;;;;;;;;;;;;;;;;;0
E633;LOAZZOLO;AT;19;22/12/2025;24/04/2026;CONFERMA;NO;0,7;Aliquota unica;;;;;;;;;;;;;;;;;;;;;;;1;0
E635;LOCANA;TO;;;;;NO;0*;;;;;;;;;;;;;;;;;;;;;;;;;0
E639;LOCATE DI TRIULZI;MI;;;;;NO;0*;;;;;;;;;;;;;;;;;;;;;;;;;0
E638;LOCATE VARESINO;CO;47;20/12/2025;18/02/2026;CONFERMA;SI;0;Esenzione per redditi imponibili fino a euro 12.000,00;,7;Applicabile a scaglione di reddito fino a euro 28.000,00;,75;Applicabile a scaglione di reddito da euro 28.000,01 fino a euro 50.000,00;,8;Applicabile a scaglione di reddito oltre euro 50.000,00;;;;;;;;;;;;;;;;;4;12000
E640;LOCATELLO;BG;;;;;NO;0*;;;;;;;;;;;;;;;;;;;;;;;;;0
E644;LOCERI;NU;;;;;NO;0*;;;;;;;;;;;;;;;;;;;;;;;;;0
E645;LOCOROTONDO;BA;97;27/11/2025;23/03/2026;CONFERMA;NO;0,8;Aliquota unica;;;;;;;;;;;;;;;;;;;;;;;1;0
D976;LOCRI;RC;;;;;NO;0*;;;;;;;;;;;;;;;;;;;;;;;;;0
E646;LOCULI;NU;18;29/12/2025;09/01/2026;CONFERMA;NO;0,2;Aliquota unica;;;;;;;;;;;;;;;;;;;;;;;1;0
E647;LODE';NU;;;;;NO;0*;;;;;;;;;;;;;;;;;;;;;;;;;0
E648;LODI;LO;106;18/12/2025;19/01/2026;CONFERMA;SI;0;Esenzione per redditi imponibili fino a euro 17.000,00;,73;Applicabile a scaglione di reddito fino a euro 28.000,00;,78;Applicabile a scaglione di reddito da euro 28.000,01 fino a euro 50.000,00;,8;Applicabile a scaglione di reddito oltre euro 50.000,00;;;;;;;;;;;;;;;;;4;17000
E651;LODI VECCHIO;LO;58;15/12/2025;12/02/2026;MODIFICA;SI;0;Esenzione per redditi imponibili fino a euro 12.000,00;,8;Aliquota unica;;;;;;;;;;;;;;;;;;;;;2;12000
E649;LODINE;NU;;;;;NO;0*;;;;;;;;;;;;;;;;;;;;;;;;;0
E652;LODRINO;BS;41;23/12/2025;23/02/2026;CONFERMA;NO;0,8;Aliquota unica;;;;;;;;;;;;;;;;;;;;;;;1;0
E654;LOGRATO;BS;;;;;NO;0*;;;;;;;;;;;;;;;;;;;;;;;;;0
E655;LOIANO;BO;52;22/12/2025;22/01/2026;CONFERMA;NO;0,8;Aliquota unica;;;;;;;;;;;;;;;;;;;;;;;1;0
M275;LOIRI PORTO SAN PAOLO;SS;63;23/12/2025;08/01/2026;CONFERMA;NO;0,8;Aliquota unica;;;;;;;;;;;;;;;;;;;;;;;1;0
E656;LOMAGNA;LC;52;18/12/2025;30/03/2026;CONFERMA;NO;0,8;Aliquota unica;;;;;;;;;;;;;;;;;;;;;;;1;0
E659;LOMAZZO;CO;64;18/12/2025;08/01/2026;CONFERMA;SI;0;Esenzione per redditi imponibili fino a euro 15.000,00;,6;Applicabile a scaglione di reddito fino a euro 28.000,00;,7;Applicabile a scaglione di reddito da euro 28.000,01 fino a euro 50.000,00;,8;Applicabile a scaglione di reddito oltre euro 50.000,00;;;;;;;;;;;;;;;;;4;15000
E660;LOMBARDORE;TO;38;19/12/2025;27/05/2026;CONFERMA;NO;0,7;Aliquota unica;;;;;;;;;;;;;;;;;;;;;;;1;0
E661;LOMBRIASCO;TO;23;17/12/2025;09/01/2026;CONFERMA;SI;0;Esenzione per redditi imponibili fino a euro 15.000,00;,55;Applicabile a scaglione di reddito fino a euro 28.000,00;,65;Applicabile a scaglione di reddito da euro 28.000,01 fino a euro 50.000,00;,75;Applicabile a scaglione di reddito oltre euro 50.000,00;;;;;;;;;;;;;;;;;4;15000
E662;LOMELLO;PV;;;;;NO;0*;;;;;;;;;;;;;;;;;;;;;;;;;0
E664;LONA-LASES;TN;;;;;NO;0*;;;;;;;;;;;;;;;;;;;;;;;;;0
E665;LONATE CEPPINO;VA;;;;;NO;0*;;;;;;;;;;;;;;;;;;;;;;;;;0
E666;LONATE POZZOLO;VA;47;22/12/2025;17/06/2026;CONFERMA;SI;0;Esenzione per redditi imponibili fino a euro 15.000,00;,8;Aliquota unica;;;;;;;;;;;;;;;;;;;;;2;15000
M312;LONATO DEL GARDA;BS;58;23/12/2025;16/03/2026;CONFERMA;NO;0,8;Aliquota unica;;;;;;;;;;;;;;;;;;;;;;;1;0
E668;LONDA;FI;;;;;NO;0*;;;;;;;;;;;;;;;;;;;;;;;;;0
E669;LONGANO;IS;2;28/02/2026;06/03/2026;MODIFICA;NO;0,6;Aliquota unica;;;;;;;;;;;;;;;;;;;;;;;1;0
E671;LONGARE;VI;64;29/12/2025;12/05/2026;CONFERMA;SI;0;Esenzione per redditi imponibili fino a euro 10.000,00;,8;Aliquota unica;;;;;;;;;;;;;;;;;;;;;2;10000
M342;LONGARONE;BL;;;;;NO;0*;;;;;;;;;;;;;;;;;;;;;;;;;0
E673;LONGHENA;BS;34;18/12/2025;04/05/2026;MODIFICA;SI;0;Esenzione per redditi imponibili fino a euro 12.000,00;,4;Aliquota unica;;;;;;;;;;;;;;;;;;;;;2;12000
E674;LONGI;ME;;;;;NO;0*;;;;;;;;;;;;;;;;;;;;;;;;;0
E675;LONGIANO;FC;49;23/12/2025;09/02/2026;CONFERMA;SI;0;Esenzione per redditi imponibili fino a euro 15.000,00;,6;Applicabile a scaglione di reddito fino a euro 28.000,00;,7;Applicabile a scaglione di reddito da euro 28.000,01 fino a euro 50.000,00;,8;Applicabile a scaglione di reddito oltre euro 50.000,00;;;;;;;;;;;;;;;;;4;15000
E677;LONGOBARDI;CS;37;19/12/2025;04/02/2026;CONFERMA;NO;0,8;Aliquota unica;;;;;;;;;;;;;;;;;;;;;;;1;0
E678;LONGOBUCCO;CS;;;;;NO;0*;;;;;;;;;;;;;;;;;;;;;;;;;0
E679;LONGONE AL SEGRINO;CO;26;16/12/2025;01/07/2026;CONFERMA;NO;0,8;Aliquota unica;;;;;;;;;;;;;;;;;;;;;;;1;0
E681;LONGONE SABINO;RI;4;27/02/2026;03/03/2026;CONFERMA;NO;0,8;Aliquota unica;;;;;;;;;;;;;;;;;;;;;;;1;0
E682;LONIGO;VI;;;;;NO;0*;;;;;;;;;;;;;;;;;;;;;;;;;0
E683;LORANZE';TO;33;11/12/2025;19/01/2026;MODIFICA;SI;0,65;Applicabile a scaglione di reddito fino a euro 28.000,00;,75;Applicabile a scaglione di reddito da euro 28.000,01 fino a euro 50.000,00;,8;Applicabile a scaglione di reddito oltre euro 50.000,00;;;;;;;;;;;;;;;;;;;3;0
E684;LOREGGIA;PD;47;22/12/2025;31/03/2026;CONFERMA;SI;0;Esenzione per redditi imponibili fino a euro 12.000,00;,8;Aliquota unica;;;;;;;;;;;;;;;;;;;;;2;12000
E685;LOREGLIA;VB;26;19/12/2025;29/01/2026;CONFERMA;SI;0;Esenzione per redditi imponibili fino a euro 10.000,00;,6;Aliquota unica;;;;;;;;;;;;;;;;;;;;;2;10000
E687;LORENZAGO DI CADORE;BL;25;29/12/2025;20/01/2026;CONFERMA;NO;0,8;Aliquota unica;;;;;;;;;;;;;;;;;;;;;;;1;0
E689;LOREO;RO;37;26/11/2025;24/03/2026;CONFERMA;NO;0,8;Aliquota unica;;;;;;;;;;;;;;;;;;;;;;;1;0
E690;LORETO;AN;72;30/12/2025;05/05/2026;CONFERMA;SI;0;Esenzione per redditi imponibili fino a euro 12.500,00;,8;Aliquota unica;;;;;;;;;;;;;;;;;;;;;2;12500
E691;LORETO APRUTINO;PE;60;22/12/2025;30/01/2026;CONFERMA;SI;0;Esenzione per redditi imponibili fino a euro 8.499,99;,8;Aliquota unica;;;;;;;;;;;;;;;;;;;;;2;8499,99
E692;LORIA;TV;;;;;NO;0*;;;;;;;;;;;;;;;;;;;;;;;;;0
E693;LORO CIUFFENNA;AR;;;;;NO;0*;;;;;;;;;;;;;;;;;;;;;;;;;0
E694;LORO PICENO;MC;40;23/12/2025;16/03/2026;CONFERMA;SI;0;Esenzione per redditi imponibili fino a euro 10.000,00;,45;Applicabile a scaglione di reddito fino a euro 28.000,00;,6;Applicabile a scaglione di reddito da euro 28.000,01 fino a euro 50.000,00;,8;Applicabile a scaglione di reddito oltre euro 50.000,00;;;;;;;;;;;;;;;;;4;10000
E695;LORSICA;GE;;;;;NO;0*;;;;;;;;;;;;;;;;;;;;;;;;;0
E698;LOSINE;BS;;;;;NO;0*;;;;;;;;;;;;;;;;;;;;;;;;;0
E700;LOTZORAI;NU;;;;;NO;0*;;;;;;;;;;;;;;;;;;;;;;;;;0
E704;LOVERE;BG;;;;;NO;0*;;;;;;;;;;;;;;;;;;;;;;;;;0
E705;LOVERO;SO;;;;;NO;0*;;;;;;;;;;;;;;;;;;;;;;;;;0
E706;LOZIO;BS;27;15/12/2025;13/01/2026;CONFERMA;NO;0,8;Aliquota unica;;;;;;;;;;;;;;;;;;;;;;;1;0
E707;LOZZA;VA;;;;;NO;0*;;;;;;;;;;;;;;;;;;;;;;;;;0
E709;LOZZO ATESTINO;PD;;;;;NO;0*;;;;;;;;;;;;;;;;;;;;;;;;;0
E708;LOZZO DI CADORE;BL;29;17/12/2025;29/01/2026;CONFERMA;NO;0,8;Aliquota unica;;;;;;;;;;;;;;;;;;;;;;;1;0
E711;LOZZOLO;VC;;;;;NO;0*;;;;;;;;;;;;;;;;;;;;;;;;;0
M420;LU E CUCCARO MONFERRATO;AL;27;20/12/2025;29/04/2026;DELIBERA ADOTTATA EX ART. 1, COMMA 751, L. 207/2024;SI;0,4;Applicabile a scaglione di reddito fino a euro 15.000,00;,8;Applicabile a scaglione di reddito da euro 15.000,01 fino a euro 28.000,00;,8;Applicabile a scaglione di reddito da euro 28.000,01 fino a euro 50.000,00;,8;Applicabile a scaglione di reddito oltre euro 50.000,00;;;;;;;;;;;;;;;;;0;0
E713;LUBRIANO;VT;;;;;NO;0*;;;;;;;;;;;;;;;;;;;;;;;;;0
E715;LUCCA;LU;;;;;NO;0*;;;;;;;;;;;;;;;;;;;;;;;;;0
E714;LUCCA SICULA;AG;;;;;NO;0*;;;;;;;;;;;;;;;;;;;;;;;;;0
E716;LUCERA;FG;;;;;NO;0*;;;;;;;;;;;;;;;;;;;;;;;;;0
E718;LUCIGNANO;AR;48;20/12/2025;09/02/2026;CONFERMA;SI;0,6;Applicabile a scaglione di reddito fino a euro 28.000,00;,7;Applicabile a scaglione di reddito da euro 28.000,01 fino a euro 50.000,00;,8;Applicabile a scaglione di reddito oltre euro 50.000,00;;;;;;;;;;;;;;;;;;;3;0
E719;LUCINASCO;IM;23;29/11/2025;07/01/2026;CONFERMA;NO;0,6;Aliquota unica;;;;;;;;;;;;;;;;;;;;;;;1;0
E722;LUCITO;CB;;;;;NO;0*;;;;;;;;;;;;;;;;;;;;;;;;;0
E723;LUCO DEI MARSI;AQ;;;;;NO;0*;;;;;;;;;;;;;;;;;;;;;;;;;0
E724;LUCOLI;AQ;;;;;NO;0*;;;;;;;;;;;;;;;;;;;;;;;;;0
E726;LUGAGNANO VAL D'ARDA;PC;31;30/12/2025;26/01/2026;CONFERMA;NO;0,8;Aliquota unica;;;;;;;;;;;;;;;;;;;;;;;1;0
E729;LUGNANO IN TEVERINA;TR;;;;;NO;0*;;;;;;;;;;;;;;;;;;;;;;;;;0
E730;LUGO;RA;;;;;NO;0*;;;;;;;;;;;;;;;;;;;;;;;;;0
E731;LUGO DI VICENZA;VI;;;;;NO;0*;;;;;;;;;;;;;;;;;;;;;;;;;0
E734;LUINO;VA;;;;;NO;0*;;;;;;;;;;;;;;;;;;;;;;;;;0
E735;LUISAGO;CO;;;;;NO;0*;;;;;;;;;;;;;;;;;;;;;;;;;0
E736;LULA;NU;;;;;NO;0*;;;;;;;;;;;;;;;;;;;;;;;;;0
E737;LUMARZO;GE;;;;;NO;0*;;;;;;;;;;;;;;;;;;;;;;;;;0
E738;LUMEZZANE;BS;;;;;NO;0*;;;;;;;;;;;;;;;;;;;;;;;;;0
E742;LUNAMATRONA;SU;;;;;NO;0*;;;;;;;;;;;;;;;;;;;;;;;;;0
E743;LUNANO;PU;24;22/12/2025;09/01/2026;MODIFICA;NO;0,8;Aliquota unica;;;;;;;;;;;;;;;;;;;;;;;1;0
B387;LUNGAVILLA;PV;21;16/12/2025;22/01/2026;CONFERMA;NO;0,8;Aliquota unica;;;;;;;;;;;;;;;;;;;;;;;1;0
E745;LUNGRO;CS;;;;;NO;0*;;;;;;;;;;;;;;;;;;;;;;;;;0
G143;LUNI;SP;;;;;NO;0*;;;;;;;;;;;;;;;;;;;;;;;;;0
E746;LUOGOSANO;AV;;;;;NO;0*;;;;;;;;;;;;;;;;;;;;;;;;;0
E747;LUOGOSANTO;SS;;;;;NO;0*;;;;;;;;;;;;;;;;;;;;;;;;;0
E748;LUPARA;CB;;;;;NO;0*;;;;;;;;;;;;;;;;;;;;;;;;;0
E749;LURAGO D'ERBA;CO;;;;;NO;0*;;;;;;;;;;;;;;;;;;;;;;;;;0
E750;LURAGO MARINONE;CO;24;20/12/2025;21/04/2026;CONFERMA;NO;0,48;Aliquota unica;;;;;;;;;;;;;;;;;;;;;;;1;0
E751;LURANO;BG;33;29/12/2025;18/03/2026;CONFERMA;SI;0,6;Applicabile a SCAGLIONI DI REDDITO  FINO A EURO 15.000,00;,65;Applicabile a SCAGLIONI DI REDDITO DA euro 15.000,01 E FINO A euro 28.000,00;,7;Applicabile a SCAGLIONI DI REDDITO da euro € 28.000,01 E FINO A euro 50.000 ;,75;Applicabile a SCAGLIONI DI REDDITO  OLTRE euro 50.000;;;;;;;;;;;;;;;;;0;0
E752;LURAS;SS;;;;;NO;0*;;;;;;;;;;;;;;;;;;;;;;;;;0
E753;LURATE CACCIVIO;CO;42;19/12/2025;08/01/2026;MODIFICA;SI;0;Esenzione per redditi imponibili fino a euro 17.000,00;,35;Applicabile a scaglione di reddito fino a euro 28.000,00;,7;Applicabile a scaglione di reddito da euro 28.000,01 fino a euro 50.000,00;,8;Applicabile a scaglione di reddito oltre euro 50.000,00;;;;;;;;;;;;;;;;;4;17000
E754;LUSCIANO;CE;13;13/04/2026;23/04/2026;CONFERMA;NO;0,8;Aliquota unica;;;;;;;;;;;;;;;;;;;;;;;1;0
E757;LUSERNA;TN;;;;;NO;0*;;;;;;;;;;;;;;;;;;;;;;;;;0
E758;LUSERNA SAN GIOVANNI;TO;30;17/12/2025;09/02/2026;CONFERMA;NO;0,75;Aliquota unica;;;;;;;;;;;;;;;;;;;;;;;1;0
E759;LUSERNETTA;TO;;;;;NO;0*;;;;;;;;;;;;;;;;;;;;;;;;;0
E760;LUSEVERA;UD;47;22/12/2025;11/02/2026;MODIFICA;NO;0,3;Aliquota unica;;;;;;;;;;;;;;;;;;;;;;;1;0
E761;LUSIA;RO;;;;;NO;0*;;;;;;;;;;;;;;;;;;;;;;;;;0
M427;LUSIANA CONCO;VI;;;;;NO;0*;;;;;;;;;;;;;;;;;;;;;;;;;0
E763;LUSIGLIE';TO;;;;;NO;0*;;;;;;;;;;;;;;;;;;;;;;;;;0
E764;LUSON;BZ;;;;;NO;0*;;;;;;;;;;;;;;;;;;;;;;;;;0
E767;LUSTRA;SA;2;16/04/2026;08/06/2026;ATTO OLTRE TERMINE - ALIQUOTE APPLICABILI PER IL 2026 IN QUANTO CONFERMATE;NO;0,7;Aliquota unica;;;;;;;;;;;;;;;;;;;;;;;1;0
E769;LUVINATE;VA;16;23/12/2025;25/05/2026;CONFERMA;NO;0,8;Aliquota unica;;;;;;;;;;;;;;;;;;;;;;;1;0
E770;LUZZANA;BG;3;23/02/2026;16/03/2026;CONFERMA;NO;0,8;Aliquota unica;;;;;;;;;;;;;;;;;;;;;;;1;0
E772;LUZZARA;RE;;;;;NO;0*;;;;;;;;;;;;;;;;;;;;;;;;;0
E773;LUZZI;CS;;;;;NO;0*;;;;;;;;;;;;;;;;;;;;;;;;;0
M339;MACCAGNO CON PINO E VEDDASCA;VA;;;;;NO;0*;;;;;;;;;;;;;;;;;;;;;;;;;0
E777;MACCASTORNA;LO;33;19/12/2025;25/02/2026;CONFERMA;NO;0,6;Aliquota unica;;;;;;;;;;;;;;;;;;;;;;;1;0
E778;MACCHIA D'ISERNIA;IS;;;;;NO;0*;;;;;;;;;;;;;;;;;;;;;;;;;0
E780;MACCHIA VALFORTORE;CB;30;30/12/2025;08/05/2026;CONFERMA;NO;0,6;Aliquota unica;;;;;;;;;;;;;;;;;;;;;;;1;0
E779;MACCHIAGODENA;IS;27;27/11/2025;19/01/2026;CONFERMA;SI;0,3;Applicabile a scaglione di reddito fino a euro 28.000,00;,6;Applicabile a scaglione di reddito da euro 28.000,01 fino a euro 50.000,00;,8;Applicabile a scaglione di reddito oltre euro 50.000,00;;;;;;;;;;;;;;;;;;;3;0
E782;MACELLO;TO;;;;;NO;0*;;;;;;;;;;;;;;;;;;;;;;;;;0
E783;MACERATA;MC;;;;;NO;0*;;;;;;;;;;;;;;;;;;;;;;;;;0
E784;MACERATA CAMPANIA;CE;;;;;NO;0*;;;;;;;;;;;;;;;;;;;;;;;;;0
E785;MACERATA FELTRIA;PU;37;30/12/2025;05/03/2026;CONFERMA;NO;0,8;Aliquota unica;;;;;;;;;;;;;;;;;;;;;;;1;0
E786;MACHERIO;MB;47;29/12/2025;08/01/2026;CONFERMA;NO;0,75;Aliquota unica;;;;;;;;;;;;;;;;;;;;;;;1;0
E787;MACLODIO;BS;;;;;NO;0*;;;;;;;;;;;;;;;;;;;;;;;;;0
E788;MACOMER;NU;69;29/12/2025;08/01/2026;DELIBERA ADOTTATA EX ART. 1, COMMA 751, L. 207/2024;SI;0,53;Applicabile a scaglione di reddito fino a euro 15.000,00;,61;Applicabile a scaglione di reddito da euro 15.000,01 fino a euro 28.000,00;,67;Applicabile a scaglione di reddito da euro 28.000,01 fino a euro 50.000,00;,79;Applicabile a scaglione di reddito oltre euro 50.000,00;;;;;;;;;;;;;;;;;0;0
E789;MACRA;CN;;;;;NO;0*;;;;;;;;;;;;;;;;;;;;;;;;;0
E790;MACUGNAGA;VB;;;;;NO;0*;;;;;;;;;;;;;;;;;;;;;;;;;0
E791;MADDALONI;CE;106;31/12/2025;02/02/2026;MODIFICA;NO;0,5;Aliquota unica;;;;;;;;;;;;;;;;;;;;;;;1;0
E342;MADESIMO;SO;;;;;NO;0*;;;;;;;;;;;;;;;;;;;;;;;;;0
E793;MADIGNANO;CR;49;15/12/2025;12/01/2026;DELIBERA ADOTTATA EX ART. 1, COMMA 751, L. 207/2024;SI;0,55;Applicabile a DA 0 A 15.000,00;,65;Applicabile a DA 15.001 A 28.000;,75;Applicabile a DA 28.001 A 50.000;,8;Applicabile a OLTRE 50.000;0;Esenzione per redditi imponbili finoa euro 7.500.00;;;;;;;;;;;;;;;0;0
E794;MADONE;BG;;;;;NO;0*;;;;;;;;;;;;;;;;;;;;;;;;;0
E795;MADONNA DEL SASSO;VB;18;10/12/2025;08/01/2026;DELIBERA ADOTTATA EX ART. 1, COMMA 751, L. 207/2024;SI;0,25;Applicabile a scaglione di reddito fino a euro 15.000,00;,3;Applicabile a scaglione di reddito da euro 15.000,01 fino a euro 28.000,00;,6;Applicabile a scaglione di reddito da euro 28.000,01 fino a euro 50.000,00;,8;Applicabile a scaglione di reddito oltre euro 50.000,00;0;Esenzione per redditi imponibili fino a euro 14.999,00;;;;;;;;;;;;;;;0;0
M357;MADRUZZO;TN;;;;;NO;0*;;;;;;;;;;;;;;;;;;;;;;;;;0
E798;MAENZA;LT;;;;;NO;0*;;;;;;;;;;;;;;;;;;;;;;;;;0
E799;MAFALDA;CB;;;;;NO;0*;;;;;;;;;;;;;;;;;;;;;;;;;0
E800;MAGASA;BS;;;;;NO;0*;;;;;;;;;;;;;;;;;;;;;;;;;0
E801;MAGENTA;MI;45;18/12/2025;08/01/2026;CONFERMA;SI;0;Esenzione per redditi imponibili fino a euro 10.000,00;,8;Aliquota unica;;;;;;;;;;;;;;;;;;;;;2;10000
E803;MAGGIORA;NO;32;30/12/2025;27/01/2026;DELIBERA ADOTTATA EX ART. 1, COMMA 751, L. 207/2024;SI;0,3;Applicabile a scaglione di reddito fino a euro 15.000,00;,45;Applicabile a scaglione di reddito da euro 15.000,01 fino a euro 28.000,00;,5;Applicabile a scaglione di reddito da euro 28.000,01 fino a euro 50.000,00;,55;Applicabile a scaglione di reddito oltre euro 50.000,00;;;;;;;;;;;;;;;;;0;0
E804;MAGHERNO;PV;;;;;NO;0*;;;;;;;;;;;;;;;;;;;;;;;;;0
E805;MAGIONE;PG;74;29/10/2025;29/01/2026;MODIFICA;SI;0;Esenzione per redditi imponibili fino a euro 11.500,00;,8;Aliquota unica;;;;;;;;;;;;;;;;;;;;;2;11500
E806;MAGISANO;CZ;;;;;NO;0*;;;;;;;;;;;;;;;;;;;;;;;;;0
E809;MAGLIANO ALFIERI;CN;30;17/12/2025;10/04/2026;CONFERMA;NO;0,6;Aliquota unica;;;;;;;;;;;;;;;;;;;;;;;1;0
E808;MAGLIANO ALPI;CN;;;;;NO;0*;;;;;;;;;;;;;;;;;;;;;;;;;0
E811;MAGLIANO DE' MARSI;AQ;30;29/12/2025;05/02/2026;CONFERMA;NO;0,8;Aliquota unica;;;;;;;;;;;;;;;;;;;;;;;1;0
E807;MAGLIANO DI TENNA;FM;;;;;NO;0*;;;;;;;;;;;;;;;;;;;;;;;;;0
E810;MAGLIANO IN TOSCANA;GR;;;;;NO;0*;;;;;;;;;;;;;;;;;;;;;;;;;0
E813;MAGLIANO ROMANO;RM;;;;;NO;0*;;;;;;;;;;;;;;;;;;;;;;;;;0
E812;MAGLIANO SABINA;RI;;;;;NO;0*;;;;;;;;;;;;;;;;;;;;;;;;;0
E814;MAGLIANO VETERE;SA;;;;;NO;0*;;;;;;;;;;;;;;;;;;;;;;;;;0
E815;MAGLIE;LE;55;27/11/2025;10/04/2026;MODIFICA;SI;0;Esenzione per redditi imponibili fino a euro 9.530,00;,5;Aliquota unica;;;;;;;;;;;;;;;;;;;;;2;9530
E816;MAGLIOLO;SV;;;;;NO;0*;;;;;;;;;;;;;;;;;;;;;;;;;0
E817;MAGLIONE;TO;;;;;NO;0*;;;;;;;;;;;;;;;;;;;;;;;;;0
E818;MAGNACAVALLO;MN;40;29/12/2025;16/02/2026;CONFERMA;NO;0,8;Aliquota unica;;;;;;;;;;;;;;;;;;;;;;;1;0
E819;MAGNAGO;MI;37;29/12/2025;08/01/2026;MODIFICA;SI;0;Esenzione per redditi imponibili fino a euro 12.000,00;,8;Aliquota unica;;;;;;;;;;;;;;;;;;;;;2;12000
E821;MAGNANO;BI;;;;;NO;0*;;;;;;;;;;;;;;;;;;;;;;;;;0
E820;MAGNANO IN RIVIERA;UD;;;;;NO;0*;;;;;;;;;;;;;;;;;;;;;;;;;0
E825;MAGOMADAS;OR;;;;;NO;0*;;;;;;;;;;;;;;;;;;;;;;;;;0
E829;MAGRE' SULLA STRADA DEL VINO;BZ;;;;;NO;0*;;;;;;;;;;;;;;;;;;;;;;;;;0
E830;MAGREGLIO;CO;;;;;NO;0*;;;;;;;;;;;;;;;;;;;;;;;;;0
E834;MAIDA;CZ;;;;;NO;0*;;;;;;;;;;;;;;;;;;;;;;;;;0
E835;MAIERA';CS;;;;;NO;0*;;;;;;;;;;;;;;;;;;;;;;;;;0
E836;MAIERATO;VV;;;;;NO;0*;;;;;;;;;;;;;;;;;;;;;;;;;0
E837;MAIOLATI SPONTINI;AN;42;19/12/2025;12/01/2026;CONFERMA;SI;0;Esenzione per redditi imponibili fino a euro 12.000,00;,8;Aliquota unica;;;;;;;;;;;;;;;;;;;;;2;12000
E838;MAIOLO;RN;;;;;NO;0*;;;;;;;;;;;;;;;;;;;;;;;;;0
E839;MAIORI;SA;;;;;NO;0*;;;;;;;;;;;;;;;;;;;;;;;;;0
E840;MAIRAGO;LO;28;15/12/2025;02/02/2026;CONFERMA;SI;0;Esenzione per redditi imponibili fino a euro 10.000,00;,7;Aliquota unica;;;;;;;;;;;;;;;;;;;;;2;10000
E841;MAIRANO;BS;;;;;NO;0*;;;;;;;;;;;;;;;;;;;;;;;;;0
E842;MAISSANA;SP;;;;;NO;0*;;;;;;;;;;;;;;;;;;;;;;;;;0
E833;MAJANO;UD;39;23/12/2025;28/01/2026;CONFERMA;SI;0;Esenzione per redditi imponibili fino a euro 7.500,00;,45;Aliquota unica;;;;;;;;;;;;;;;;;;;;;2;7500
E843;MALAGNINO;CR;26;22/12/2025;26/01/2026;CONFERMA;SI;0;Esenzione per redditi imponibili fino a euro 14.000,00;,8;Aliquota unica;;;;;;;;;;;;;;;;;;;;;2;14000
E844;MALALBERGO;BO;30;18/12/2025;12/01/2026;DELIBERA ADOTTATA EX ART. 1, COMMA 751, L. 207/2024;SI;0,75;Applicabile a scaglione di reddito fino a euro 15.000,00;,77;Applicabile a scaglione di reddito da euro 15.000,01 a euro 28.000,00;,78;Applicabile a scaglione di reddito da euro 28.000,01 a euro 50.000,00;,8;Applicabile a scaglione di reddito oltre euro 50.000,00;0;Esenzione per redditi imponibili fino a euro 10.000,00;;;;;;;;;;;;;;;0;0
E847;MALBORGHETTO VALBRUNA;UD;;;;;NO;0*;;;;;;;;;;;;;;;;;;;;;;;;;0
E848;MALCESINE;VR;;;;;NO;0*;;;;;;;;;;;;;;;;;;;;;;;;;0
E850;MALE';TN;;;;;NO;0*;;;;;;;;;;;;;;;;;;;;;;;;;0
E851;MALEGNO;BS;31;29/12/2025;26/01/2026;CONFERMA;SI;0;Esenzione per redditi imponibili fino a euro 12.000,00;,45;Aliquota unica;;;;;;;;;;;;;;;;;;;;;2;12000
E852;MALEO;LO;;;;;NO;0*;;;;;;;;;;;;;;;;;;;;;;;;;0
E853;MALESCO;VB;;;;;NO;0*;;;;;;;;;;;;;;;;;;;;;;;;;0
E854;MALETTO;CT;;;;;NO;0*;;;;;;;;;;;;;;;;;;;;;;;;;0
E855;MALFA;ME;;;;;NO;0*;;;;;;;;;;;;;;;;;;;;;;;;;0
E858;MALGRATE;LC;52;18/12/2025;04/02/2026;CONFERMA;SI;0;Esenzione per redditi imponibili fino a euro 15.000,00;,45;Applicabile a scaglione di reddito fino a euro 28.000,00;,65;Applicabile a scaglione di reddito da euro 28.000,01 fino a euro 50.000,00;,8;Applicabile a scaglione di reddito oltre euro 50.000,00;;;;;;;;;;;;;;;;;4;15000
E859;MALITO;CS;;;;;NO;0*;;;;;;;;;;;;;;;;;;;;;;;;;0
E860;MALLARE;SV;;;;;NO;0*;;;;;;;;;;;;;;;;;;;;;;;;;0
E862;MALLES VENOSTA;BZ;;;;;NO;0*;;;;;;;;;;;;;;;;;;;;;;;;;0
E863;MALNATE;VA;75;18/12/2025;23/03/2026;CONFERMA;SI;0;Esenzione per redditi imponibili fino a euro 15.000,00;,6;Aliquota unica;;;;;;;;;;;;;;;;;;;;;2;15000
E864;MALO;VI;48;16/12/2025;27/01/2026;CONFERMA;NO;0,8;Aliquota unica;;;;;;;;;;;;;;;;;;;;;;;1;0
E865;MALONNO;BS;;;;;NO;0*;;;;;;;;;;;;;;;;;;;;;;;;;0
E868;MALTIGNANO;AP;38;30/12/2025;24/08/2026;CONFERMA;NO;0,8;Aliquota unica;;;;;;;;;;;;;;;;;;;;;;;1;0
E869;MALVAGNA;ME;;;;;NO;0*;;;;;;;;;;;;;;;;;;;;;;;;;0
E870;MALVICINO;AL;32;30/12/2025;23/01/2026;CONFERMA;NO;0,4;Aliquota unica;;;;;;;;;;;;;;;;;;;;;;;1;0
E872;MALVITO;CS;7;26/03/2026;08/04/2026;CONFERMA;NO;0,8;Aliquota unica;;;;;;;;;;;;;;;;;;;;;;;1;0
E873;MAMMOLA;RC;27;30/12/2025;20/05/2026;CONFERMA;NO;0,8;Aliquota unica;;;;;;;;;;;;;;;;;;;;;;;1;0
E874;MAMOIADA;NU;;;;;NO;0*;;;;;;;;;;;;;;;;;;;;;;;;;0
E875;MANCIANO;GR;;;;;NO;0*;;;;;;;;;;;;;;;;;;;;;;;;;0
E876;MANDANICI;ME;;;;;NO;0*;;;;;;;;;;;;;;;;;;;;;;;;;0
E877;MANDAS;SU;;;;;NO;0*;;;;;;;;;;;;;;;;;;;;;;;;;0
E878;MANDATORICCIO;CS;;;;;NO;0*;;;;;;;;;;;;;;;;;;;;;;;;;0
B632;MANDELA;RM;4;02/03/2026;09/03/2026;CONFERMA;NO;0,7;Aliquota unica;;;;;;;;;;;;;;;;;;;;;;;1;0
E879;MANDELLO DEL LARIO;LC;49;18/12/2025;26/02/2026;CONFERMA;SI;0;Esenzione per redditi imponibili fino a euro 10.000,00;,68;Applicabile a scaglione di reddito fino a euro 28.000,00;,75;Applicabile a scaglione di reddito da euro 28.000,01 fino a euro 50.000,00;,8;Applicabile a scaglione di reddito oltre euro 50.000,00;;;;;;;;;;;;;;;;;4;10000
E880;MANDELLO VITTA;NO;24;16/12/2025;29/01/2026;ISTITUISCE;SI;0;Esenzione per redditi imponibili fino a euro 15.000,00;,4;Aliquota unica;;;;;;;;;;;;;;;;;;;;;2;15000
E882;MANDURIA;TA;97;22/12/2025;10/06/2026;CONFERMA;SI;0;Esenzione per redditi imponibili fino a euro 7.000,00;,8;Aliquota unica;;;;;;;;;;;;;;;;;;;;;2;7000
E883;MANERBA DEL GARDA;BS;46;15/12/2025;10/04/2026;CONFERMA;SI;0;Esenzione per redditi imponibili fino a euro 15.000,00;,2;Applicabile a scaglione di reddito fino a euro 28.000,00;,2;Applicabile a scaglione di reddito da euro 28.000,01 fino a euro 50.000,00;,3;Applicabile a scaglione di reddito oltre euro 50.000,00;;;;;;;;;;;;;;;;;4;15000
E884;MANERBIO;BS;48;28/11/2025;08/01/2026;CONFERMA;SI;0;Esenzione per redditi imponibili fino a euro 12.500,00;,8;Aliquota unica;;;;;;;;;;;;;;;;;;;;;2;12500
E885;MANFREDONIA;FG;11;27/02/2026;09/03/2026;CONFERMA;NO;0,8;Aliquota unica;;;;;;;;;;;;;;;;;;;;;;;1;0
E887;MANGO;CN;;;;;NO;0*;;;;;;;;;;;;;;;;;;;;;;;;;0
E888;MANGONE;CS;;;;;NO;0*;;;;;;;;;;;;;;;;;;;;;;;;;0
M283;MANIACE;CT;;;;;NO;0*;;;;;;;;;;;;;;;;;;;;;;;;;0
E889;MANIAGO;PN;;;;;NO;0*;;;;;;;;;;;;;;;;;;;;;;;;;0
E891;MANOCALZATI;AV;33;12/12/2025;09/02/2026;CONFERMA;NO;0,8;Aliquota unica;;;;;;;;;;;;;;;;;;;;;;;1;0
E892;MANOPPELLO;PE;96;30/12/2025;02/04/2026;CONFERMA;NO;0,7;Aliquota unica;;;;;;;;;;;;;;;;;;;;;;;1;0
E893;MANSUE';TV;24;26/11/2025;09/02/2026;CONFERMA;SI;0;Esenzione per redditi imponibili fino a euro 10.000,00;,5;Aliquota unica;;;;;;;;;;;;;;;;;;;;;2;10000
E894;MANTA;CN;46;23/12/2025;24/08/2026;CONFERMA;NO;0,5;Aliquota unica;;;;;;;;;;;;;;;;;;;;;;;1;0
E896;MANTELLO;SO;22;16/12/2025;20/04/2026;MODIFICA;NO;0,4;Aliquota unica;;;;;;;;;;;;;;;;;;;;;;;1;0
E897;MANTOVA;MN;;;;;NO;0*;;;;;;;;;;;;;;;;;;;;;;;;;0
E899;MANZANO;UD;56;29/12/2025;19/01/2026;DELIBERA ADOTTATA EX ART. 1, COMMA 751, L. 207/2024;SI;0,3;Applicabile a scaglione di reddito fino a euro 15.000,00;,3;Applicabile a scaglione di reddito da euro 15.000,01 fino a euro 28.000,00;,4;Applicabile a scaglione di reddito da euro 28.000,01 fino a euro 50.000,00;,4;Applicabile a scaglione di reddito oltre euro 50.000,00;0;Esenzione per redditi imponibili fino a euro 20.000,00;;;;;;;;;;;;;;;0;0
E900;MANZIANA;RM;;;;;NO;0*;;;;;;;;;;;;;;;;;;;;;;;;;0
E901;MAPELLO;BG;47;23/12/2025;09/02/2026;MODIFICA;NO;0,7;Aliquota unica;;;;;;;;;;;;;;;;;;;;;;;1;0
M316;MAPPANO;TO;127;05/12/2025;04/02/2026;RILIEVO DA DIPARTIMENTO FINANZE;SI;0;Esenzione per redditi imponibili fino a euro 16.999,99;,8;Aliquota unica;;;;;;;;;;;;;;;;;;;;;2;16999,99
E902;MARA;SS;;;;;NO;0*;;;;;;;;;;;;;;;;;;;;;;;;;0
E903;MARACALAGONIS;CA;;;;;NO;0*;;;;;;;;;;;;;;;;;;;;;;;;;0
E904;MARANELLO;MO;;;;;NO;0*;;;;;;;;;;;;;;;;;;;;;;;;;0
E906;MARANO DI NAPOLI;NA;5;22/01/2026;16/02/2026;CONFERMA;NO;0,8;Aliquota unica;;;;;;;;;;;;;;;;;;;;;;;1;0
E911;MARANO DI VALPOLICELLA;VR;31;17/11/2025;12/05/2026;CONFERMA;NO;0,8;Aliquota unica;;;;;;;;;;;;;;;;;;;;;;;1;0
E908;MARANO EQUO;RM;18;12/12/2025;19/01/2026;CONFERMA;SI;0,6;Applicabile a scaglione di reddito fino a euro 28.000,00;,8;Applicabile a scaglione di reddito da euro 28.000,01 fino a euro 50.000,00;,8;Applicabile a scaglione di reddito oltre euro 50.000,00;;;;;;;;;;;;;;;;;;;3;0
E910;MARANO LAGUNARE;UD;;;;;NO;0*;;;;;;;;;;;;;;;;;;;;;;;;;0
E914;MARANO MARCHESATO;CS;;;;;NO;0*;;;;;;;;;;;;;;;;;;;;;;;;;0
E915;MARANO PRINCIPATO;CS;35;29/12/2025;27/04/2026;CONFERMA;NO;0,8;Aliquota unica;;;;;;;;;;;;;;;;;;;;;;;1;0
E905;MARANO SUL PANARO;MO;;;;;NO;0*;;;;;;;;;;;;;;;;;;;;;;;;;0
E907;MARANO TICINO;NO;24;30/12/2025;17/02/2026;CONFERMA;SI;0;Esenzione per redditi imponibili fino a euro 12.000,00;,6;Applicabile a scaglione di reddito fino a euro 28.000,00;,7;Applicabile a scaglione di reddito da euro 28.000,01 fino a euro 50.000,00;,8;Applicabile a scaglione di reddito oltre euro 50.000,00;;;;;;;;;;;;;;;;;4;12000
E912;MARANO VICENTINO;VI;;;;;NO;0*;;;;;;;;;;;;;;;;;;;;;;;;;0
E917;MARANZANA;AT;;;;;NO;0*;;;;;;;;;;;;;;;;;;;;;;;;;0
E919;MARATEA;PZ;;;;;NO;0*;;;;;;;;;;;;;;;;;;;;;;;;;0
E921;MARCALLO CON CASONE;MI;;;;;NO;0*;;;;;;;;;;;;;;;;;;;;;;;;;0
E922;MARCARIA;MN;49;16/12/2025;07/01/2026;CONFERMA;SI;0;Esenzione per redditi imponibili fino a euro 12.000,00;,8;Aliquota unica;;;;;;;;;;;;;;;;;;;;;2;12000
E923;MARCEDUSA;CZ;;;;;NO;0*;;;;;;;;;;;;;;;;;;;;;;;;;0
E924;MARCELLINA;RM;2;16/03/2026;13/07/2026;CONFERMA;NO;0,8;Aliquota unica;;;;;;;;;;;;;;;;;;;;;;;1;0
E925;MARCELLINARA;CZ;5;22/01/2026;11/02/2026;MODIFICA;NO;0,7;Aliquota unica;;;;;;;;;;;;;;;;;;;;;;;1;0
E927;MARCETELLI;RI;;;;;NO;0*;;;;;;;;;;;;;;;;;;;;;;;;;0
E928;MARCHENO;BS;49;17/12/2025;13/01/2026;CONFERMA;SI;0;Esenzione per redditi imponibili fino a euro 13.000,00;,8;Aliquota unica;;;;;;;;;;;;;;;;;;;;;2;13000
E929;MARCHIROLO;VA;;;;;NO;0*;;;;;;;;;;;;;;;;;;;;;;;;;0
E930;MARCIANA;LI;;;;;NO;0*;;;;;;;;;;;;;;;;;;;;;;;;;0
E931;MARCIANA MARINA;LI;;;;;NO;0*;;;;;;;;;;;;;;;;;;;;;;;;;0
E932;MARCIANISE;CE;;;;;NO;0*;;;;;;;;;;;;;;;;;;;;;;;;;0
E933;MARCIANO DELLA CHIANA;AR;51;29/12/2025;20/04/2026;CONFERMA;SI;0;Esenzione per redditi imponibili fino a euro 11.000,00;,8;Aliquota unica;;;;;;;;;;;;;;;;;;;;;2;11000
E934;MARCIGNAGO;PV;37;24/11/2025;15/01/2026;CONFERMA;SI;0;Esenzione per redditi imponibili fino a euro 6.000,00;,5;Applicabile a scaglione di reddito fino a euro 28.000,00;,7;Applicabile a scaglione di reddito da euro 28.000,01 fino a euro 50.000,00;,8;Applicabile a scaglione di reddito oltre euro 50.000,00;;;;;;;;;;;;;;;;;4;6000
E936;MARCON;VE;;;;;NO;0*;;;;;;;;;;;;;;;;;;;;;;;;;0
E938;MAREBBE;BZ;;;;;NO;0*;;;;;;;;;;;;;;;;;;;;;;;;;0
E939;MARENE;CN;19;16/12/2025;03/02/2026;CONFERMA;NO;0,8;Aliquota unica;;;;;;;;;;;;;;;;;;;;;;;1;0
E940;MARENO DI PIAVE;TV;34;30/12/2025;12/05/2026;MODIFICA;SI;0;Esenzione per redditi imponibili fino a euro 12.000,00;,8;Aliquota unica;;;;;;;;;;;;;;;;;;;;;2;12000
E941;MARENTINO;TO;24;15/12/2025;09/01/2026;CONFERMA;SI;0;Esenzione per redditi imponibili fino a euro 7.500,00;,8;Aliquota unica;;;;;;;;;;;;;;;;;;;;;2;7500
E944;MARETTO;AT;15;13/12/2025;20/05/2026;CONFERMA;NO;0,8;Aliquota unica;;;;;;;;;;;;;;;;;;;;;;;1;0
E945;MARGARITA;CN;31;16/12/2025;09/01/2026;CONFERMA;SI;0,62;Applicabile a scaglione di reddito fino a euro 28.000,00;,75;Applicabile a scaglione di reddito da euro 28.000,01 fino a euro 50.000,00;,8;Applicabile a scaglione di reddito oltre euro 50.000,00;;;;;;;;;;;;;;;;;;;3;0
E946;MARGHERITA DI SAVOIA;BT;33;18/12/2025;20/04/2026;CONFERMA;NO;0,8;Aliquota unica;;;;;;;;;;;;;;;;;;;;;;;1;0
E947;MARGNO;LC;;;;;NO;0*;;;;;;;;;;;;;;;;;;;;;;;;;0
E949;MARIANA MANTOVANA;MN;;;;;NO;0*;;;;;;;;;;;;;;;;;;;;;;;;;0
E951;MARIANO COMENSE;CO;;;;;NO;0*;;;;;;;;;;;;;;;;;;;;;;;;;0
E952;MARIANO DEL FRIULI;GO;54;31/12/2025;06/02/2026;MODIFICA;SI;0;Esenzione per redditi imponibili fino a euro 15.000,00;,65;Applicabile a scaglione di reddito fino a euro 28.000,00;,75;Applicabile a scaglione di reddito da euro 28.000,01 fino a euro 50.000,00;,8;Applicabile a scaglione di reddito oltre euro 50.000,00;;;;;;;;;;;;;;;;;4;15000
E953;MARIANOPOLI;CL;;;;;NO;0*;;;;;;;;;;;;;;;;;;;;;;;;;0
E954;MARIGLIANELLA;NA;;;;;NO;0*;;;;;;;;;;;;;;;;;;;;;;;;;0
E955;MARIGLIANO;NA;;;;;NO;0*;;;;;;;;;;;;;;;;;;;;;;;;;0
E956;MARINA DI GIOIOSA IONICA;RC;43;24/10/2025;14/01/2026;CONFERMA;NO;0,8;Aliquota unica;;;;;;;;;;;;;;;;;;;;;;;1;0
E957;MARINEO;PA;;;;;NO;0*;;;;;;;;;;;;;;;;;;;;;;;;;0
E958;MARINO;RM;;;;;NO;0*;;;;;;;;;;;;;;;;;;;;;;;;;0
E959;MARLENGO;BZ;;;;;NO;0*;;;;;;;;;;;;;;;;;;;;;;;;;0
E960;MARLIANA;PT;9;20/03/2026;13/04/2026;CONFERMA;NO;0,8;Aliquota unica;;;;;;;;;;;;;;;;;;;;;;;1;0
E961;MARMENTINO;BS;;;;;NO;0*;;;;;;;;;;;;;;;;;;;;;;;;;0
E962;MARMIROLO;MN;52;18/12/2025;13/01/2026;MODIFICA;SI;0;Esenzione per redditi imponibili fino a euro 10.000,00;,76;Applicabile a scaglione di reddito fino a euro 28.000,00;,78;Applicabile a scaglione di reddito da euro 28.000,01 fino a euro 50.000,00;,8;Applicabile a scaglione di reddito oltre euro 50.000,00;;;;;;;;;;;;;;;;;4;10000
E963;MARMORA;CN;20;16/12/2025;03/04/2026;CONFERMA;NO;0,3;Aliquota unica;;;;;;;;;;;;;;;;;;;;;;;1;0
E965;MARNATE;VA;37;27/11/2025;10/06/2026;MODIFICA;SI;0,76;Applicabile a FINO A € 15000,00;,77;Applicabile a OLTRE € 15000,00 FINO A € 28000,00;,78;Applicabile a OLTRE € 28000,00 FINO A € 55000,00;,8;Applicabile a OLTRE € 55000,00;0;Esenzione per SINO A € 13000,00;;;;;;;;;;;;;;;0;0
E967;MARONE;BS;5;24/02/2026;02/03/2026;CONFERMA;SI;0;Esenzione per redditi imponibili fino a euro 8.000,00;,8;Aliquota unica;;;;;;;;;;;;;;;;;;;;;2;8000
E968;MAROPATI;RC;;;;;NO;0*;;;;;;;;;;;;;;;;;;;;;;;;;0
E970;MAROSTICA;VI;70;30/12/2025;19/01/2026;CONFERMA;SI;0;Esenzione per redditi imponibili fino a euro 12.000,00;,8;Aliquota unica;;;;;;;;;;;;;;;;;;;;;2;12000
E971;MARRADI;FI;;;;;NO;0*;;;;;;;;;;;;;;;;;;;;;;;;;0
E972;MARRUBIU;OR;;;;;NO;0*;;;;;;;;;;;;;;;;;;;;;;;;;0
E973;MARSAGLIA;CN;;;;;NO;0*;;;;;;;;;;;;;;;;;;;;;;;;;0
E974;MARSALA;TP;;;;;NO;0*;;;;;;;;;;;;;;;;;;;;;;;;;0
E975;MARSCIANO;PG;;;;;NO;0*;;;;;;;;;;;;;;;;;;;;;;;;;0
E976;MARSICO NUOVO;PZ;;;;;NO;0*;;;;;;;;;;;;;;;;;;;;;;;;;0
E977;MARSICOVETERE;PZ;52;30/12/2025;01/04/2026;CONFERMA;SI;0;Esenzione per redditi imponibili fino a euro 10.000,00;,6;Applicabile a scaglione di reddito fino a euro 28.000,00;,75;Applicabile a scaglione di reddito da euro 28.000,01 fino a euro 50.000,00;,8;Applicabile a scaglione di reddito oltre euro 50.000,00;;;;;;;;;;;;;;;;;4;10000
E978;MARTA;VT;;;;;NO;0*;;;;;;;;;;;;;;;;;;;;;;;;;0
E979;MARTANO;LE;45;29/12/2025;08/07/2026;CONFERMA;NO;0,8;Aliquota unica;;;;;;;;;;;;;;;;;;;;;;;1;0
E980;MARTELLAGO;VE;75;29/12/2025;09/03/2026;CONFERMA;SI;0;Esenzione per redditi imponibili fino a euro 10.000,00;,75;Aliquota unica;;;;;;;;;;;;;;;;;;;;;2;10000
E981;MARTELLO;BZ;;;;;NO;0*;;;;;;;;;;;;;;;;;;;;;;;;;0
E982;MARTIGNACCO;UD;;;;;NO;0*;;;;;;;;;;;;;;;;;;;;;;;;;0
E983;MARTIGNANA DI PO;CR;37;23/12/2025;26/01/2026;CONFERMA;NO;0,8;Aliquota unica;;;;;;;;;;;;;;;;;;;;;;;1;0
E984;MARTIGNANO;LE;;;;;NO;0*;;;;;;;;;;;;;;;;;;;;;;;;;0
E986;MARTINA FRANCA;TA;;;;;NO;0*;;;;;;;;;;;;;;;;;;;;;;;;;0
E987;MARTINENGO;BG;;;;;NO;0*;;;;;;;;;;;;;;;;;;;;;;;;;0
E988;MARTINIANA PO;CN;;;;;NO;0*;;;;;;;;;;;;;;;;;;;;;;;;;0
E989;MARTINSICURO;TE;;;;;NO;0*;;;;;;;;;;;;;;;;;;;;;;;;;0
E990;MARTIRANO;CZ;;;;;NO;0*;;;;;;;;;;;;;;;;;;;;;;;;;0
E991;MARTIRANO LOMBARDO;CZ;7;10/04/2026;04/05/2026;MODIFICA;NO;0,8;Aliquota unica;;;;;;;;;;;;;;;;;;;;;;;1;0
E992;MARTIS;SS;;;;;NO;0*;;;;;;;;;;;;;;;;;;;;;;;;;0
E993;MARTONE;RC;4;26/02/2026;25/08/2026;CONFERMA;NO;0,8;Aliquota unica;;;;;;;;;;;;;;;;;;;;;;;1;0
E994;MARUDO;LO;;;;;NO;0*;;;;;;;;;;;;;;;;;;;;;;;;;0
E995;MARUGGIO;TA;;;;;NO;0*;;;;;;;;;;;;;;;;;;;;;;;;;0
B689;MARZABOTTO;BO;;;;;NO;0*;;;;;;;;;;;;;;;;;;;;;;;;;0
E999;MARZANO;PV;;;;;NO;0*;;;;;;;;;;;;;;;;;;;;;;;;;0
E998;MARZANO APPIO;CE;;;;;NO;0*;;;;;;;;;;;;;;;;;;;;;;;;;0
E997;MARZANO DI NOLA;AV;;;;;NO;0*;;;;;;;;;;;;;;;;;;;;;;;;;0
F001;MARZI;CS;;;;;NO;0*;;;;;;;;;;;;;;;;;;;;;;;;;0
F002;MARZIO;VA;;;;;NO;0*;;;;;;;;;;;;;;;;;;;;;;;;;0
M270;MASAINAS;SU;;;;;NO;0*;;;;;;;;;;;;;;;;;;;;;;;;;0
F003;MASATE;MI;20;17/12/2025;05/03/2026;MODIFICA;SI;0;Esenzione per redditi imponibili fino a euro 17.000,00;,8;Aliquota unica;;;;;;;;;;;;;;;;;;;;;2;17000
F004;MASCALI;CT;;;;;NO;0*;;;;;;;;;;;;;;;;;;;;;;;;;0
F005;MASCALUCIA;CT;;;;;NO;0*;;;;;;;;;;;;;;;;;;;;;;;;;0
F006;MASCHITO;PZ;16;23/12/2025;30/04/2026;CONFERMA;SI;0;Esenzione per redditi imponibili fino a euro 1.000,00;,8;Aliquota unica;;;;;;;;;;;;;;;;;;;;;2;1000
F007;MASCIAGO PRIMO;VA;;;;;NO;0*;;;;;;;;;;;;;;;;;;;;;;;;;0
F009;MASER;TV;48;23/12/2025;09/04/2026;CONFERMA;NO;0,8;Aliquota unica;;;;;;;;;;;;;;;;;;;;;;;1;0
F010;MASERA;VB;;;;;NO;0*;;;;;;;;;;;;;;;;;;;;;;;;;0
F011;MASERA' DI PADOVA;PD;37;29/12/2025;13/02/2026;CONFERMA;SI;0;Esenzione per redditi imponibili fino a euro 10.000,00;,7;Aliquota unica;;;;;;;;;;;;;;;;;;;;;2;10000
F012;MASERADA SUL PIAVE;TV;51;23/12/2025;01/07/2026;MODIFICA;SI;0;Esenzione per redditi imponibili fino a euro 12.500,00;,8;Aliquota unica;;;;;;;;;;;;;;;;;;;;;2;12500
F013;MASI;PD;26;29/12/2025;14/01/2026;CONFERMA;NO;0,8;Aliquota unica;;;;;;;;;;;;;;;;;;;;;;;1;0
F016;MASI TORELLO;FE;4;20/02/2026;24/03/2026;CONFERMA;NO;0,8;Aliquota unica;;;;;;;;;;;;;;;;;;;;;;;1;0
F015;MASIO;AL;;;;;NO;0*;;;;;;;;;;;;;;;;;;;;;;;;;0
F017;MASLIANICO;CO;44;15/12/2025;19/01/2026;MODIFICA;SI;0;Esenzione per redditi imponibili fino a euro 8.500,00;,58;Applicabile a scaglione di reddito fino a euro 28.000,00;,78;Applicabile a scaglione di reddito da euro 28.000,01 fino a euro 50.000,00;,8;Applicabile a scaglione di reddito oltre euro 50.000,00;;;;;;;;;;;;;;;;;4;8500
F020;MASONE;GE;36;22/12/2025;30/01/2026;CONFERMA;NO;0,8;Aliquota unica;;;;;;;;;;;;;;;;;;;;;;;1;0
F023;MASSA;MS;;;;;NO;0*;;;;;;;;;;;;;;;;;;;;;;;;;0
F022;MASSA D'ALBE;AQ;;;;;NO;0*;;;;;;;;;;;;;;;;;;;;;;;;;0
M289;MASSA DI SOMMA;NA;41;22/12/2025;29/01/2026;CONFERMA;SI;0;Esenzione per redditi imponibili fino a euro 7.000,00;,8;Aliquota unica;;;;;;;;;;;;;;;;;;;;;2;7000
F025;MASSA E COZZILE;PT;3;21/01/2026;11/06/2026;CONFERMA;NO;0,8;Aliquota unica;;;;;;;;;;;;;;;;;;;;;;;1;0
F021;MASSA FERMANA;FM;30;29/12/2025;05/05/2026;CONFERMA;NO;0,8;Aliquota unica;;;;;;;;;;;;;;;;;;;;;;;1;0
F029;MASSA LOMBARDA;RA;;;;;NO;0*;;;;;;;;;;;;;;;;;;;;;;;;;0
F030;MASSA LUBRENSE;NA;;;;;NO;0*;;;;;;;;;;;;;;;;;;;;;;;;;0
F032;MASSA MARITTIMA;GR;;;;;NO;0*;;;;;;;;;;;;;;;;;;;;;;;;;0
F024;MASSA MARTANA;PG;41;23/12/2025;30/01/2026;CONFERMA;SI;0;Esenzione per redditi imponibili fino a euro 10.000,00;,8;Aliquota unica;;;;;;;;;;;;;;;;;;;;;2;10000
F027;MASSAFRA;TA;;;;;NO;0*;;;;;;;;;;;;;;;;;;;;;;;;;0
F028;MASSALENGO;LO;37;20/12/2025;12/01/2026;MODIFICA;SI;0;Esenzione per redditi imponibili fino a euro 14.000,00;,8;Aliquota unica;;;;;;;;;;;;;;;;;;;;;2;14000
F033;MASSANZAGO;PD;54;30/12/2025;20/05/2026;CONFERMA;NO;0,8;Aliquota unica;;;;;;;;;;;;;;;;;;;;;;;1;0
F035;MASSAROSA;LU;;;;;NO;0*;;;;;;;;;;;;;;;;;;;;;;;;;0
F037;MASSAZZA;BI;25;16/12/2025;12/01/2026;CONFERMA;NO;0,4;Aliquota unica;;;;;;;;;;;;;;;;;;;;;;;1;0
F041;MASSELLO;TO;32;18/12/2025;16/01/2026;CONFERMA;NO;0,8;Aliquota unica;;;;;;;;;;;;;;;;;;;;;;;1;0
F042;MASSERANO;BI;;;;;NO;0*;;;;;;;;;;;;;;;;;;;;;;;;;0
F044;MASSIGNANO;AP;3;27/02/2026;04/05/2026;CONFERMA;NO;0,8;Aliquota unica;;;;;;;;;;;;;;;;;;;;;;;1;0
F045;MASSIMENO;TN;;;;;NO;0*;;;;;;;;;;;;;;;;;;;;;;;;;0
F046;MASSIMINO;SV;;;;;NO;0*;;;;;;;;;;;;;;;;;;;;;;;;;0
F047;MASSINO VISCONTI;NO;37;29/12/2025;13/01/2026;CONFERMA;SI;0;Esenzione per redditi imponibili fino a euro 15.000,00;,3;Applicabile a scaglione di reddito fino a euro 28.000,00;,3;Applicabile a scaglione di reddito da euro 28.000,01 fino a euro 50.000,00;,5;Applicabile a scaglione di reddito oltre euro 50.000,00;;;;;;;;;;;;;;;;;4;15000
F048;MASSIOLA;VB;;;;;NO;0*;;;;;;;;;;;;;;;;;;;;;;;;;0
F050;MASULLAS;OR;;;;;NO;0*;;;;;;;;;;;;;;;;;;;;;;;;;0
F051;MATELICA;MC;52;28/11/2025;20/03/2026;CONFERMA;SI;0,8;Aliquota unica;0;Esenzione per reddito da lavoro o pensione fino ad euro 7.500,00;;;;;;;;;;;;;;;;;;;;;5;0
F052;MATERA;MT;56;23/12/2025;04/02/2026;CONFERMA;SI;0;Esenzione per redditi imponibili fino a euro 10.000,00;,8;Aliquota unica;;;;;;;;;;;;;;;;;;;;;2;10000
F053;MATHI;TO;;;;;NO;0*;;;;;;;;;;;;;;;;;;;;;;;;;0
F054;MATINO;LE;38;21/11/2025;30/12/2025;MODIFICA;SI;0;Esenzione per redditi imponibili fino a euro 13.000,00;,8;Aliquota unica;;;;;;;;;;;;;;;;;;;;;2;13000
F055;MATRICE;CB;;;;;NO;0*;;;;;;;;;;;;;;;;;;;;;;;;;0
F058;MATTIE;TO;;;;;NO;0*;;;;;;;;;;;;;;;;;;;;;;;;;0
F059;MATTINATA;FG;45;30/12/2025;24/08/2026;CONFERMA;NO;0,8;Aliquota unica;;;;;;;;;;;;;;;;;;;;;;;1;0
F061;MAZARA DEL VALLO;TP;4;12/02/2026;09/03/2026;CONFERMA;NO;0,8;Aliquota unica;;;;;;;;;;;;;;;;;;;;;;;1;0
F063;MAZZANO;BS;64;29/12/2025;02/02/2026;CONFERMA;SI;0;Esenzione per redditi imponibili fino a euro 12.000,00;,65;Aliquota unica;;;;;;;;;;;;;;;;;;;;;2;12000
F064;MAZZANO ROMANO;RM;28;29/12/2025;05/02/2026;CONFERMA;NO;0,8;Aliquota unica;;;;;;;;;;;;;;;;;;;;;;;1;0
F065;MAZZARINO;CL;;;;;NO;0*;;;;;;;;;;;;;;;;;;;;;;;;;0
F066;MAZZARRA' SANT'ANDREA;ME;;;;;NO;0*;;;;;;;;;;;;;;;;;;;;;;;;;0
M271;MAZZARRONE;CT;;;;;NO;0*;;;;;;;;;;;;;;;;;;;;;;;;;0
F067;MAZZE';TO;;;;;NO;0*;;;;;;;;;;;;;;;;;;;;;;;;;0
F068;MAZZIN;TN;;;;;NO;0*;;;;;;;;;;;;;;;;;;;;;;;;;0
F070;MAZZO DI VALTELLINA;SO;;;;;NO;0*;;;;;;;;;;;;;;;;;;;;;;;;;0
F074;MEANA DI SUSA;TO;;;;;NO;0*;;;;;;;;;;;;;;;;;;;;;;;;;0
F073;MEANA SARDO;NU;;;;;NO;0*;;;;;;;;;;;;;;;;;;;;;;;;;0
F078;MEDA;MB;44;18/12/2025;11/08/2026;MODIFICA;SI;0;Esenzione per redditi imponibili fino a euro 17.500,00;,68;Applicabile a scaglione di reddito fino a euro 28.000,00;,76;Applicabile a scaglione di reddito da euro 28.000,01 fino a euro 50.000,00;,8;Applicabile a scaglione di reddito oltre euro 50.000,00;;;;;;;;;;;;;;;;;4;17500
F080;MEDE;PV;;;;;NO;0*;;;;;;;;;;;;;;;;;;;;;;;;;0
F081;MEDEA;GO;5;04/02/2026;27/02/2026;CONFERMA;NO;0,6;Aliquota unica;;;;;;;;;;;;;;;;;;;;;;;1;0
F082;MEDESANO;PR;74;22/12/2025;08/04/2026;CONFERMA;SI;0;Esenzione per redditi imponibili fino a euro 10.000,00;,8;Aliquota unica;;;;;;;;;;;;;;;;;;;;;2;10000
F083;MEDICINA;BO;;;;;NO;0*;;;;;;;;;;;;;;;;;;;;;;;;;0
F084;MEDIGLIA;MI;;;;;NO;0*;;;;;;;;;;;;;;;;;;;;;;;;;0
F085;MEDOLAGO;BG;4;23/01/2026;10/02/2026;MODIFICA;SI;0;Esenzione per redditi imponibili fino a euro 10.000,00;,6;Aliquota unica;;;;;;;;;;;;;;;;;;;;;2;10000
F086;MEDOLE;MN;45;29/12/2025;15/04/2026;CONFERMA;SI;0;Esenzione per redditi imponibili fino a euro 20.000,00;,7;Aliquota unica;;;;;;;;;;;;;;;;;;;;;2;20000
F087;MEDOLLA;MO;;;;;NO;0*;;;;;;;;;;;;;;;;;;;;;;;;;0
F088;MEDUNA DI LIVENZA;TV;;;;;NO;0*;;;;;;;;;;;;;;;;;;;;;;;;;0
F089;MEDUNO;PN;;;;;NO;0*;;;;;;;;;;;;;;;;;;;;;;;;;0
F092;MEGLIADINO SAN VITALE;PD;36;16/12/2025;22/01/2026;CONFERMA;SI;0;Esenzione per redditi imponibili fino a euro 10.000,00;,6;Applicabile a scaglione di reddito fino a euro 28.000,00;,7;Applicabile a scaglione di reddito da euro 28.000,01 fino a euro 50.000,00;,8;Applicabile a scaglione di reddito oltre euro 50.000,00;;;;;;;;;;;;;;;;;4;10000
F093;MEINA;NO;7;03/02/2026;18/02/2026;CONFERMA;SI;0;Esenzione per redditi imponibili fino a euro 28.000,00;,4;Applicabile a scaglione di reddito fino a euro 28.000,00;,6;Applicabile a scaglione di reddito da euro 28.000,01 fino a euro 50.000,00;,8;Applicabile a scaglione di reddito oltre euro 50.000,00;;;;;;;;;;;;;;;;;4;28000
F095;MELARA;RO;7;25/02/2026;15/04/2026;MODIFICA;SI;0,6;Applicabile a scaglione di reddito fino a euro 28.000,00;,65;Applicabile a scaglione di reddito da euro 28.000,01 fino a euro 50.000,00;,75;Applicabile a scaglione di reddito oltre euro 50.000,00;;;;;;;;;;;;;;;;;;;3;0
F096;MELAZZO;AL;;;;;NO;0*;;;;;;;;;;;;;;;;;;;;;;;;;0
F097;MELDOLA;FC;;;;;NO;0*;;;;;;;;;;;;;;;;;;;;;;;;;0
F098;MELE;GE;32;29/12/2025;06/02/2026;CONFERMA;NO;0,8;Aliquota unica;;;;;;;;;;;;;;;;;;;;;;;1;0
F100;MELEGNANO;MI;72;22/12/2025;05/01/2026;CONFERMA;SI;0;Esenzione per redditi imponibili fino a euro 12.000,00;,8;Aliquota unica;;;;;;;;;;;;;;;;;;;;;2;12000
F101;MELENDUGNO;LE;;;;;NO;0*;;;;;;;;;;;;;;;;;;;;;;;;;0
F102;MELETI;LO;43;30/12/2025;10/02/2026;CONFERMA;NO;0,65;Aliquota unica;;;;;;;;;;;;;;;;;;;;;;;1;0
F104;MELFI;PZ;;;;;NO;0*;;;;;;;;;;;;;;;;;;;;;;;;;0
F105;MELICUCCA';RC;;;;;NO;0*;;;;;;;;;;;;;;;;;;;;;;;;;0
F106;MELICUCCO;RC;;;;;NO;0*;;;;;;;;;;;;;;;;;;;;;;;;;0
F107;MELILLI;SR;;;;;NO;0*;;;;;;;;;;;;;;;;;;;;;;;;;0
F108;MELISSA;KR;49;29/12/2025;05/02/2026;CONFERMA;NO;0,6;Aliquota unica;;;;;;;;;;;;;;;;;;;;;;;1;0
F109;MELISSANO;LE;;;;;NO;0*;;;;;;;;;;;;;;;;;;;;;;;;;0
F111;MELITO DI NAPOLI;NA;;;;;NO;0*;;;;;;;;;;;;;;;;;;;;;;;;;0
F112;MELITO DI PORTO SALVO;RC;;;;;NO;0*;;;;;;;;;;;;;;;;;;;;;;;;;0
F110;MELITO IRPINO;AV;;;;;NO;0*;;;;;;;;;;;;;;;;;;;;;;;;;0
F113;MELIZZANO;BN;39;22/12/2025;03/07/2026;DELIBERA ADOTTATA EX ART. 1, COMMA 751, L. 207/2024;SI;0,3;Applicabile a scaglione di reddito fino a euro 15.000,00;,39;Applicabile a scaglione di reddito da euro 15.000,01 fino a euro 28.000,00;,4;Applicabile a scaglione di reddito da euro 28.000,01 fino a euro 50.000,00;,5;Applicabile a scaglione di reddito oltre euro 50.000,00;0;Esenzione per redditi imponibili fino a euro 10.000,00;;;;;;;;;;;;;;;0;0
F114;MELLE;CN;29;19/12/2025;07/08/2026;MODIFICA;NO;0,8;Aliquota unica;;;;;;;;;;;;;;;;;;;;;;;1;0
F115;MELLO;SO;;;;;NO;0*;;;;;;;;;;;;;;;;;;;;;;;;;0
F117;MELPIGNANO;LE;;;;;NO;0*;;;;;;;;;;;;;;;;;;;;;;;;;0
F118;MELTINA;BZ;;;;;NO;0*;;;;;;;;;;;;;;;;;;;;;;;;;0
F119;MELZO;MI;;;;;NO;0*;;;;;;;;;;;;;;;;;;;;;;;;;0
F120;MENAGGIO;CO;;;;;NO;0*;;;;;;;;;;;;;;;;;;;;;;;;;0
F122;MENCONICO;PV;22;19/12/2025;12/01/2026;CONFERMA;NO;0,7;Aliquota unica;;;;;;;;;;;;;;;;;;;;;;;1;0
F123;MENDATICA;IM;3;21/02/2026;27/03/2026;ISTITUISCE;NO;0,8;Aliquota unica;;;;;;;;;;;;;;;;;;;;;;;1;0
F125;MENDICINO;CS;;;;;NO;0*;;;;;;;;;;;;;;;;;;;;;;;;;0
F126;MENFI;AG;;;;;NO;0*;;;;;;;;;;;;;;;;;;;;;;;;;0
F127;MENTANA;RM;72;22/12/2025;08/01/2026;CONFERMA;NO;0,8;Aliquota unica;;;;;;;;;;;;;;;;;;;;;;;1;0
F130;MEOLO;VE;64;22/12/2025;07/01/2026;CONFERMA;NO;0,8;Aliquota unica;;;;;;;;;;;;;;;;;;;;;;;1;0
F131;MERANA;AL;15;29/12/2025;23/01/2026;CONFERMA;NO;0,6;Aliquota unica;;;;;;;;;;;;;;;;;;;;;;;1;0
F132;MERANO;BZ;;;;;NO;0*;;;;;;;;;;;;;;;;;;;;;;;;;0
F133;MERATE;LC;;;;;NO;0*;;;;;;;;;;;;;;;;;;;;;;;;;0
F134;MERCALLO;VA;;;;;NO;0*;;;;;;;;;;;;;;;;;;;;;;;;;0
F135;MERCATELLO SUL METAURO;PU;7;30/01/2026;17/06/2026;CONFERMA;NO;0,8;Aliquota unica;;;;;;;;;;;;;;;;;;;;;;;1;0
F136;MERCATINO CONCA;PU;;;;;NO;0*;;;;;;;;;;;;;;;;;;;;;;;;;0
F138;MERCATO SAN SEVERINO;SA;;;;;NO;0*;;;;;;;;;;;;;;;;;;;;;;;;;0
F139;MERCATO SARACENO;FC;;;;;NO;0*;;;;;;;;;;;;;;;;;;;;;;;;;0
F140;MERCENASCO;TO;;;;;NO;0*;;;;;;;;;;;;;;;;;;;;;;;;;0
F141;MERCOGLIANO;AV;;;;;NO;0*;;;;;;;;;;;;;;;;;;;;;;;;;0
F144;MERETO DI TOMBA;UD;4;23/02/2026;18/03/2026;CONFERMA;SI;0;Esenzione per redditi imponibili fino a euro 10.000,00;,6;Applicabile a scaglione di reddito fino a euro 28.000,00;,7;Applicabile a scaglione di reddito da euro 28.000,01 fino a euro 50.000,00;,8;Applicabile a scaglione di reddito oltre euro 50.000,00;;;;;;;;;;;;;;;;;4;10000
F145;MERGO;AN;35;29/12/2025;21/01/2026;CONFERMA;SI;0;Esenzione per redditi imponibili fino a euro 10.000,00;,8;Aliquota unica;;;;;;;;;;;;;;;;;;;;;2;10000
F146;MERGOZZO;VB;;;;;NO;0*;;;;;;;;;;;;;;;;;;;;;;;;;0
F147;MERI';ME;;;;;NO;0*;;;;;;;;;;;;;;;;;;;;;;;;;0
F148;MERLARA;PD;23;22/12/2025;17/06/2026;CONFERMA;SI;0;Esenzione per redditi imponibili fino a euro 12.500,00;,8;Aliquota unica;;;;;;;;;;;;;;;;;;;;;2;12500
F149;MERLINO;LO;;;;;NO;0*;;;;;;;;;;;;;;;;;;;;;;;;;0
F151;MERONE;CO;;;;;NO;0*;;;;;;;;;;;;;;;;;;;;;;;;;0
F152;MESAGNE;BR;;;;;NO;0*;;;;;;;;;;;;;;;;;;;;;;;;;0
F153;MESE;SO;51;23/12/2025;07/01/2026;CONFERMA;NO;0,2;Aliquota unica;;;;;;;;;;;;;;;;;;;;;;;1;0
F154;MESENZANA;VA;28;24/11/2025;02/01/2026;CONFERMA;SI;0;Esenzione per redditi imponibili fino a euro 9.999,99;,8;Aliquota unica;;;;;;;;;;;;;;;;;;;;;2;9999,99
F155;MESERO;MI;;;;;NO;0*;;;;;;;;;;;;;;;;;;;;;;;;;0
F156;MESOLA;FE;53;22/12/2025;27/05/2026;CONFERMA;NO;0,8;Aliquota unica;;;;;;;;;;;;;;;;;;;;;;;1;0
F157;MESORACA;KR;6;28/01/2026;18/02/2026;CONFERMA;SI;0;Esenzione per redditi imponibili fino a euro 7.999,99;,8;Aliquota unica;;;;;;;;;;;;;;;;;;;;;2;7999,99
F158;MESSINA;ME;;;;;NO;0*;;;;;;;;;;;;;;;;;;;;;;;;;0
F161;MESTRINO;PD;;;;;NO;0*;;;;;;;;;;;;;;;;;;;;;;;;;0
F162;META;NA;55;17/11/2025;09/01/2026;CONFERMA;NO;0,8;Aliquota unica;;;;;;;;;;;;;;;;;;;;;;;1;0
F165;MEZZAGO;MB;48;19/12/2025;15/01/2026;CONFERMA;SI;0;Esenzione per redditi imponibili fino a euro 14.000,00;,7;Applicabile a scaglione di reddito fino a euro 28.000,00;,79;Applicabile a scaglione di reddito da euro 28.000,01 fino a euro 50.000,00;,8;Applicabile a scaglione di reddito oltre euro 50.000,00;;;;;;;;;;;;;;;;;4;14000
F168;MEZZANA;TN;;;;;NO;0*;;;;;;;;;;;;;;;;;;;;;;;;;0
F170;MEZZANA BIGLI;PV;21;18/12/2025;16/01/2026;CONFERMA;SI;0;Esenzione per redditi imponibili fino a euro 10.000,00;,75;Aliquota unica;;;;;;;;;;;;;;;;;;;;;2;10000
F167;MEZZANA MORTIGLIENGO;BI;;;;;NO;0*;;;;;;;;;;;;;;;;;;;;;;;;;0
F171;MEZZANA RABATTONE;PV;31;16/12/2025;08/01/2026;MODIFICA;SI;0;Esenzione per redditi imponibili fino a euro 6.000,00;,8;Aliquota unica;;;;;;;;;;;;;;;;;;;;;2;6000
F172;MEZZANE DI SOTTO;VR;38;30/12/2025;22/01/2026;CONFERMA;NO;0,8;Aliquota unica;;;;;;;;;;;;;;;;;;;;;;;1;0
F173;MEZZANEGO;GE;25;29/12/2025;04/02/2026;CONFERMA;NO;0,8;Aliquota unica;;;;;;;;;;;;;;;;;;;;;;;1;0
F175;MEZZANINO;PV;;;;;NO;0*;;;;;;;;;;;;;;;;;;;;;;;;;0
F176;MEZZANO;TN;;;;;NO;0*;;;;;;;;;;;;;;;;;;;;;;;;;0
F182;MEZZENILE;TO;;;;;NO;0*;;;;;;;;;;;;;;;;;;;;;;;;;0
F183;MEZZOCORONA;TN;;;;;NO;0*;;;;;;;;;;;;;;;;;;;;;;;;;0
F184;MEZZOJUSO;PA;;;;;NO;0*;;;;;;;;;;;;;;;;;;;;;;;;;0
F186;MEZZOLDO;BG;;;;;NO;0*;;;;;;;;;;;;;;;;;;;;;;;;;0
F187;MEZZOLOMBARDO;TN;;;;;NO;0*;;;;;;;;;;;;;;;;;;;;;;;;;0
F188;MEZZOMERICO;NO;29;22/12/2025;12/02/2026;CONFERMA;NO;0,7;Aliquota unica;;;;;;;;;;;;;;;;;;;;;;;1;0
F189;MIAGLIANO;BI;;;;;NO;0*;;;;;;;;;;;;;;;;;;;;;;;;;0
F190;MIANE;TV;;;;;NO;0*;;;;;;;;;;;;;;;;;;;;;;;;;0
F191;MIASINO;NO;36;29/12/2025;09/01/2026;CONFERMA;SI;0;Esenzione per redditi imponibili fino a euro 15.000,00;,3;Applicabile a scaglione di reddito fino a euro 28.000,00;,6;Applicabile a scaglione di reddito da euro 28.000,01 fino a euro 50.000,00;,8;Applicabile a scaglione di reddito oltre euro 50.000,00;;;;;;;;;;;;;;;;;4;15000
F192;MIAZZINA;VB;21;19/12/2025;13/01/2026;MODIFICA;SI;0;Esenzione per redditi imponibili fino a euro 12.500,00;,6;Aliquota unica;;;;;;;;;;;;;;;;;;;;;2;12500
F193;MICIGLIANO;RI;;;;;NO;0*;;;;;;;;;;;;;;;;;;;;;;;;;0
F194;MIGGIANO;LE;;;;;NO;0*;;;;;;;;;;;;;;;;;;;;;;;;;0
F196;MIGLIANICO;CH;;;;;NO;0*;;;;;;;;;;;;;;;;;;;;;;;;;0
F200;MIGLIERINA;CZ;2;26/02/2026;31/03/2026;CONFERMA;NO;0,4;Aliquota unica;;;;;;;;;;;;;;;;;;;;;;;1;0
F201;MIGLIONICO;MT;;;;;NO;0*;;;;;;;;;;;;;;;;;;;;;;;;;0
F202;MIGNANEGO;GE;34;30/12/2025;09/01/2026;CONFERMA;SI;0;Esenzione per redditi imponibili fino a euro 10.000,00;,8;Aliquota unica;;;;;;;;;;;;;;;;;;;;;2;10000
F203;MIGNANO MONTE LUNGO;CE;30;27/11/2025;30/12/2025;CONFERMA;NO;0,6;Aliquota unica;;;;;;;;;;;;;;;;;;;;;;;1;0
F205;MILANO;MI;;;;;NO;0*;;;;;;;;;;;;;;;;;;;;;;;;;0
F206;MILAZZO;ME;;;;;NO;0*;;;;;;;;;;;;;;;;;;;;;;;;;0
E618;MILENA;CL;;;;;NO;0*;;;;;;;;;;;;;;;;;;;;;;;;;0
F207;MILETO;VV;;;;;NO;0*;;;;;;;;;;;;;;;;;;;;;;;;;0
F208;MILIS;OR;30;16/12/2025;08/01/2026;CONFERMA;NO;0,5;Aliquota unica;;;;;;;;;;;;;;;;;;;;;;;1;0
F209;MILITELLO IN VAL DI CATANIA;CT;;;;;NO;0*;;;;;;;;;;;;;;;;;;;;;;;;;0
F210;MILITELLO ROSMARINO;ME;;;;;NO;0*;;;;;;;;;;;;;;;;;;;;;;;;;0
F213;MILLESIMO;SV;28;30/12/2025;18/06/2026;CONFERMA;NO;0,8;Aliquota unica;;;;;;;;;;;;;;;;;;;;;;;1;0
F214;MILO;CT;;;;;NO;0*;;;;;;;;;;;;;;;;;;;;;;;;;0
F216;MILZANO;BS;32;15/12/2025;27/05/2026;CONFERMA;NO;0,8;Aliquota unica;;;;;;;;;;;;;;;;;;;;;;;1;0
F217;MINEO;CT;29;08/06/2026;12/06/2026;MODIFICA;SI;0,8;Applicabile a scaglione di reddito fino a euro 28.000,00;,8;Applicabile a scaglione di reddito da euro 28.000,01 fino a euro 50.000,00;,8;Applicabile a scaglione di reddito oltre euro 50.000,00;;;;;;;;;;;;;;;;;;;3;0
F218;MINERBE;VR;68;21/10/2025;25/05/2026;CONFERMA;SI;0;Esenzione per redditi imponibili fino a euro 12.000,00;,8;Aliquota unica;;;;;;;;;;;;;;;;;;;;;2;12000
F219;MINERBIO;BO;;;;;NO;0*;;;;;;;;;;;;;;;;;;;;;;;;;0
F221;MINERVINO DI LECCE;LE;35;30/12/2025;13/01/2026;MODIFICA;NO;0,77;Aliquota unica;;;;;;;;;;;;;;;;;;;;;;;1;0
F220;MINERVINO MURGE;BT;32;16/12/2025;05/05/2026;CONFERMA;NO;0,7;Aliquota unica;;;;;;;;;;;;;;;;;;;;;;;1;0
F223;MINORI;SA;;;;;NO;0*;;;;;;;;;;;;;;;;;;;;;;;;;0
F224;MINTURNO;LT;;;;;NO;0*;;;;;;;;;;;;;;;;;;;;;;;;;0
F225;MINUCCIANO;LU;46;22/12/2025;07/01/2026;CONFERMA;NO;0,3;Aliquota unica;;;;;;;;;;;;;;;;;;;;;;;1;0
F226;MIOGLIA;SV;37;19/12/2025;12/01/2026;MODIFICA;SI;0;Esenzione per redditi imponibili fino a euro 11.000,00;,4;Aliquota unica;;;;;;;;;;;;;;;;;;;;;2;11000
F229;MIRA;VE;48;29/12/2025;27/01/2026;CONFERMA;SI;0;Esenzione per redditi imponibili fino a euro 10.000,00;,8;Aliquota unica;;;;;;;;;;;;;;;;;;;;;2;10000
F230;MIRABELLA ECLANO;AV;32;10/12/2025;14/01/2026;CONFERMA;NO;0,8;Aliquota unica;;;;;;;;;;;;;;;;;;;;;;;1;0
F231;MIRABELLA IMBACCARI;CT;;;;;NO;0*;;;;;;;;;;;;;;;;;;;;;;;;;0
F232;MIRABELLO MONFERRATO;AL;;;;;NO;0*;;;;;;;;;;;;;;;;;;;;;;;;;0
F233;MIRABELLO SANNITICO;CB;;;;;NO;0*;;;;;;;;;;;;;;;;;;;;;;;;;0
F238;MIRADOLO TERME;PV;49;19/12/2025;02/02/2026;CONFERMA;SI;0,75;Applicabile a scaglione di reddito fino a euro 28.000,00;,78;Applicabile a scaglione di reddito da euro 28.000,01 fino a euro 50.000,00;,8;Applicabile a scaglione di reddito oltre euro 50.000,00;0;Esenzione per i contribuenti il cui reddito complessivo derivi da redditi non superiori a euro12.000,00e gli stessi non risultino proprietari o titolari di diritti reali di unità immobiliari diverse da quella adibita ad abitazione principale e una pertinenza.;;;;;;;;;;;;;;;;;6;0
F239;MIRANDA;IS;;;;;NO;0*;;;;;;;;;;;;;;;;;;;;;;;;;0
F240;MIRANDOLA;MO;;;;;NO;0*;;;;;;;;;;;;;;;;;;;;;;;;;0
F241;MIRANO;VE;102;23/12/2025;12/05/2026;CONFERMA;SI;0;Esenzione per redditi imponibili fino a euro 8.000,00;,8;Aliquota unica;;;;;;;;;;;;;;;;;;;;;2;8000
F242;MIRTO;ME;;;;;NO;0*;;;;;;;;;;;;;;;;;;;;;;;;;0
F244;MISANO ADRIATICO;RN;42;22/12/2025;12/01/2026;MODIFICA;SI;0,25;Applicabile a scaglioni di reddito fino a euro 15.000,00;,35;Applicabile a scaglioni di reddito da euro 15.000,01 ad euro 28.000,00;,75;Applicabile a scaglioni di reddito da euro 28.000,01 ad euro 50.000,00;,8;Applicabile a scaglioni di reddito oltre euro 50.000,00;0;Esenzione per redditi imponibili fino a euro 12.000,00;;;;;;;;;;;;;;;0;0
F243;MISANO DI GERA D'ADDA;BG;3;26/02/2026;08/05/2026;CONFERMA;SI;0;Esenzione per redditi imponibili fino a euro 12.000,00;,8;Aliquota unica;;;;;;;;;;;;;;;;;;;;;2;12000
M432;MISILISCEMI;TP;;;;;NO;0*;;;;;;;;;;;;;;;;;;;;;;;;;0
F246;MISILMERI;PA;;;;;NO;0*;;;;;;;;;;;;;;;;;;;;;;;;;0
F247;MISINTO;MB;5;15/01/2026;02/02/2026;CONFERMA;SI;0;Esenzione per redditi imponibili fino a euro 15.000,00;,8;Aliquota unica;;;;;;;;;;;;;;;;;;;;;2;15000
F248;MISSAGLIA;LC;;;;;NO;0*;;;;;;;;;;;;;;;;;;;;;;;;;0
F249;MISSANELLO;PZ;;;;;NO;0*;;;;;;;;;;;;;;;;;;;;;;;;;0
F250;MISTERBIANCO;CT;;;;;NO;0*;;;;;;;;;;;;;;;;;;;;;;;;;0
F251;MISTRETTA;ME;;;;;NO;0*;;;;;;;;;;;;;;;;;;;;;;;;;0
F254;MOASCA;AT;23;27/12/2025;25/02/2026;MODIFICA;SI;0;Esenzione per redditi imponibili fino a euro 6.499,99;,7;Aliquota unica;;;;;;;;;;;;;;;;;;;;;2;6499,99
F256;MOCONESI;GE;;;;;NO;0*;;;;;;;;;;;;;;;;;;;;;;;;;0
F257;MODENA;MO;;;;;NO;0*;;;;;;;;;;;;;;;;;;;;;;;;;0
F258;MODICA;RG;72;28/07/2026;07/08/2026;COMUNE CON DELIBERA DI DISSESTO;NO;0,8;Aliquota unica;;;;;;;;;;;;;;;;;;;;;;;1;0
F259;MODIGLIANA;FC;;;;;NO;0*;;;;;;;;;;;;;;;;;;;;;;;;;0
F261;MODOLO;OR;;;;;NO;0*;;;;;;;;;;;;;;;;;;;;;;;;;0
F262;MODUGNO;BA;;;;;NO;0*;;;;;;;;;;;;;;;;;;;;;;;;;0
F263;MOENA;TN;;;;;NO;0*;;;;;;;;;;;;;;;;;;;;;;;;;0
F265;MOGGIO;LC;;;;;NO;0*;;;;;;;;;;;;;;;;;;;;;;;;;0
F266;MOGGIO UDINESE;UD;;;;;NO;0*;;;;;;;;;;;;;;;;;;;;;;;;;0
F267;MOGLIA;MN;;;;;NO;0*;;;;;;;;;;;;;;;;;;;;;;;;;0
F268;MOGLIANO;MC;;;;;NO;0*;;;;;;;;;;;;;;;;;;;;;;;;;0
F269;MOGLIANO VENETO;TV;;;;;NO;0*;;;;;;;;;;;;;;;;;;;;;;;;;0
F270;MOGORELLA;OR;;;;;NO;0*;;;;;;;;;;;;;;;;;;;;;;;;;0
F272;MOGORO;OR;;;;;NO;0*;;;;;;;;;;;;;;;;;;;;;;;;;0
F274;MOIANO;BN;;;;;NO;0*;;;;;;;;;;;;;;;;;;;;;;;;;0
F275;MOIMACCO;UD;;;;;NO;0*;;;;;;;;;;;;;;;;;;;;;;;;;0
F277;MOIO ALCANTARA;ME;;;;;NO;0*;;;;;;;;;;;;;;;;;;;;;;;;;0
F276;MOIO DE' CALVI;BG;31;29/12/2025;05/01/2026;CONFERMA;NO;0,65;Aliquota unica;;;;;;;;;;;;;;;;;;;;;;;1;0
F278;MOIO DELLA CIVITELLA;SA;;;;;NO;0*;;;;;;;;;;;;;;;;;;;;;;;;;0
F279;MOIOLA;CN;;;;;NO;0*;;;;;;;;;;;;;;;;;;;;;;;;;0
F280;MOLA DI BARI;BA;;;;;NO;0*;;;;;;;;;;;;;;;;;;;;;;;;;0
F281;MOLARE;AL;;;;;NO;0*;;;;;;;;;;;;;;;;;;;;;;;;;0
F283;MOLAZZANA;LU;;;;;NO;0*;;;;;;;;;;;;;;;;;;;;;;;;;0
F284;MOLFETTA;BA;66;30/12/2025;05/03/2026;CONFERMA;SI;0,6;Applicabile a REDDITI FINO A € 15.000,00;,65;Applicabile a OLTRE € 15.000,00 E FINO A € 28.000,00;,73;Applicabile a OLTRE € 28.000,00 E FINO A € 50.000,00;,8;Applicabile a OLTRE € 50.000,00;0;Esenzione per redditi imponibili fino a euro 10.000,00;;;;;;;;;;;;;;;0;0
M255;MOLINA ATERNO;AQ;72;11/11/2025;27/02/2026;CONFERMA;NO;0,2;Aliquota unica;;;;;;;;;;;;;;;;;;;;;;;1;0
F287;MOLINARA;BN;32;19/12/2025;09/04/2026;CONFERMA;NO;0,8;Aliquota unica;;;;;;;;;;;;;;;;;;;;;;;1;0
F288;MOLINELLA;BO;;;;;NO;0*;;;;;;;;;;;;;;;;;;;;;;;;;0
F290;MOLINI DI TRIORA;IM;;;;;NO;0*;;;;;;;;;;;;;;;;;;;;;;;;;0
F293;MOLINO DEI TORTI;AL;;;;;NO;0*;;;;;;;;;;;;;;;;;;;;;;;;;0
F294;MOLISE;CB;;;;;NO;0*;;;;;;;;;;;;;;;;;;;;;;;;;0
F295;MOLITERNO;PZ;33;29/12/2025;13/04/2026;CONFERMA;NO;0,4;Aliquota unica;;;;;;;;;;;;;;;;;;;;;;;1;0
F297;MOLLIA;VC;;;;;NO;0*;;;;;;;;;;;;;;;;;;;;;;;;;0
F301;MOLOCHIO;RC;;;;;NO;0*;;;;;;;;;;;;;;;;;;;;;;;;;0
F304;MOLTENO;LC;38;24/11/2025;13/05/2026;MODIFICA;SI;0;Esenzione per redditi imponibili fino a euro 13.000,00;,62;Applicabile a scaglione di reddito fino a euro 28.000,00;,75;Applicabile a scaglione di reddito da euro 28.000,01 fino a euro 50.000,00;,8;Applicabile a scaglione di reddito oltre euro 50.000,00;;;;;;;;;;;;;;;;;4;13000
F305;MOLTRASIO;CO;36;22/12/2025;09/01/2026;CONFERMA;NO;0,5;Aliquota unica;;;;;;;;;;;;;;;;;;;;;;;1;0
F307;MOLVENO;TN;;;;;NO;0*;;;;;;;;;;;;;;;;;;;;;;;;;0
F308;MOMBALDONE;AT;;;;;NO;0*;;;;;;;;;;;;;;;;;;;;;;;;;0
F309;MOMBARCARO;CN;16;25/11/2025;09/06/2026;CONFERMA;NO;0,5;Aliquota unica;;;;;;;;;;;;;;;;;;;;;;;1;0
F310;MOMBAROCCIO;PU;28;29/12/2025;08/01/2026;CONFERMA;SI;0;Esenzione per redditi imponibili fino a euro 10.000,00;,8;Aliquota unica;;;;;;;;;;;;;;;;;;;;;2;10000
F311;MOMBARUZZO;AT;24;16/12/2025;17/03/2026;CONFERMA;NO;0,8;Aliquota unica;;;;;;;;;;;;;;;;;;;;;;;1;0
F312;MOMBASIGLIO;CN;17;15/12/2025;14/01/2026;CONFERMA;NO;0,7;Aliquota unica;;;;;;;;;;;;;;;;;;;;;;;1;0
F315;MOMBELLO DI TORINO;TO;27;17/12/2025;10/04/2026;CONFERMA;SI;0;Esenzione per redditi imponibili fino a euro 10.000,00;,5;Aliquota unica;;;;;;;;;;;;;;;;;;;;;2;10000
F313;MOMBELLO MONFERRATO;AL;29;22/12/2025;06/05/2026;CONFERMA;NO;0,8;Aliquota unica;;;;;;;;;;;;;;;;;;;;;;;1;0
F316;MOMBERCELLI;AT;;;;;NO;0*;;;;;;;;;;;;;;;;;;;;;;;;;0
F317;MOMO;NO;41;22/12/2025;27/01/2026;DELIBERA ADOTTATA EX ART. 1, COMMA 751, L. 207/2024;SI;0,35;Applicabile a scaglioni di reddito fino ad euro 15.000,00;,45;Applicabile a scaglioni di reddito da euro 15.000,01 fino ad euro 28.000,00;,55;Applicabile a scaglioni di reddito da euro 28.000,01 fino ad euro 50.000,00;,75;Applicabile a scaglioni di reddito oltre euro 50.000,01;;;;;;;;;;;;;;;;;0;0
F318;MOMPANTERO;TO;;;;;NO;0*;;;;;;;;;;;;;;;;;;;;;;;;;0
F319;MOMPEO;RI;;;;;NO;0*;;;;;;;;;;;;;;;;;;;;;;;;;0
F320;MOMPERONE;AL;17;22/12/2025;10/02/2026;CONFERMA;SI;0;Esenzione per redditi imponibili fino a euro 12.000,00;,4;Aliquota unica;;;;;;;;;;;;;;;;;;;;;2;12000
F322;MONACILIONI;CB;36;20/12/2025;19/01/2026;CONFERMA;NO;0,6;Aliquota unica;;;;;;;;;;;;;;;;;;;;;;;1;0
F323;MONALE;AT;21;20/12/2025;20/05/2026;CONFERMA;NO;0,55;Aliquota unica;;;;;;;;;;;;;;;;;;;;;;;1;0
F324;MONASTERACE;RC;;;;;NO;0*;;;;;;;;;;;;;;;;;;;;;;;;;0
F325;MONASTERO BORMIDA;AT;22;17/12/2025;28/01/2026;CONFERMA;NO;0,7;Aliquota unica;;;;;;;;;;;;;;;;;;;;;;;1;0
F327;MONASTERO DI LANZO;TO;;;;;NO;0*;;;;;;;;;;;;;;;;;;;;;;;;;0
F326;MONASTERO DI VASCO;CN;;;;;NO;0*;;;;;;;;;;;;;;;;;;;;;;;;;0
F329;MONASTEROLO CASOTTO;CN;28;22/12/2025;12/02/2026;CONFERMA;NO;0,6;Aliquota unica;;;;;;;;;;;;;;;;;;;;;;;1;0
F328;MONASTEROLO DEL CASTELLO;BG;23;27/12/2025;23/04/2026;CONFERMA;NO;0,8;Aliquota unica;;;;;;;;;;;;;;;;;;;;;;;1;0
F330;MONASTEROLO DI SAVIGLIANO;CN;30;19/12/2025;13/01/2026;CONFERMA;NO;0,8;Aliquota unica;;;;;;;;;;;;;;;;;;;;;;;1;0
F332;MONASTIER DI TREVISO;TV;37;22/12/2025;28/01/2026;CONFERMA;SI;0;Esenzione per redditi imponibili fino a euro 16.000,00;,75;Aliquota unica;;;;;;;;;;;;;;;;;;;;;2;16000
F333;MONASTIR;SU;51;29/12/2025;05/05/2026;CONFERMA;NO;0,6;Aliquota unica;;;;;;;;;;;;;;;;;;;;;;;1;0
F335;MONCALIERI;TO;;;;;NO;0*;;;;;;;;;;;;;;;;;;;;;;;;;0
F336;MONCALVO;AT;;;;;NO;0*;;;;;;;;;;;;;;;;;;;;;;;;;0
D553;MONCENISIO;TO;;;;;NO;0*;;;;;;;;;;;;;;;;;;;;;;;;;0
F337;MONCESTINO;AL;;;;;NO;0*;;;;;;;;;;;;;;;;;;;;;;;;;0
F338;MONCHIERO;CN;;;;;NO;0*;;;;;;;;;;;;;;;;;;;;;;;;;0
F340;MONCHIO DELLE CORTI;PR;;;;;NO;0*;;;;;;;;;;;;;;;;;;;;;;;;;0
F342;MONCRIVELLO;VC;;;;;NO;0*;;;;;;;;;;;;;;;;;;;;;;;;;0
F343;MONCUCCO TORINESE;AT;;;;;NO;0*;;;;;;;;;;;;;;;;;;;;;;;;;0
F346;MONDAINO;RN;;;;;NO;0*;;;;;;;;;;;;;;;;;;;;;;;;;0
F347;MONDAVIO;PU;52;15/12/2025;07/01/2026;CONFERMA;NO;0,8;Aliquota unica;;;;;;;;;;;;;;;;;;;;;;;1;0
F348;MONDOLFO;PU;;;;;NO;0*;;;;;;;;;;;;;;;;;;;;;;;;;0
F351;MONDOVI';CN;;;;;NO;0*;;;;;;;;;;;;;;;;;;;;;;;;;0
F352;MONDRAGONE;CE;;;;;NO;0*;;;;;;;;;;;;;;;;;;;;;;;;;0
F354;MONEGLIA;GE;;;;;NO;0*;;;;;;;;;;;;;;;;;;;;;;;;;0
F355;MONESIGLIO;CN;;;;;NO;0*;;;;;;;;;;;;;;;;;;;;;;;;;0
F356;MONFALCONE;GO;;;;;NO;0*;;;;;;;;;;;;;;;;;;;;;;;;;0
F358;MONFORTE D'ALBA;CN;;;;;NO;0*;;;;;;;;;;;;;;;;;;;;;;;;;0
F359;MONFORTE SAN GIORGIO;ME;;;;;NO;0*;;;;;;;;;;;;;;;;;;;;;;;;;0
F360;MONFUMO;TV;04;16/02/2026;07/04/2026;MODIFICA;SI;0;Esenzione per redditi imponibili fino a euro 9.999,99;,65;Applicabile a scaglione di reddito fino a euro 28.000,00;,75;Applicabile a scaglione di reddito da euro 28.000,01 fino a euro 50.000,00;,8;Applicabile a scaglione di reddito oltre euro 50.000,00;;;;;;;;;;;;;;;;;4;9999,99
F361;MONGARDINO;AT;;;;;NO;0*;;;;;;;;;;;;;;;;;;;;;;;;;0
F363;MONGHIDORO;BO;;;;;NO;0*;;;;;;;;;;;;;;;;;;;;;;;;;0
F364;MONGIANA;VV;;;;;NO;0*;;;;;;;;;;;;;;;;;;;;;;;;;0
F365;MONGIARDINO LIGURE;AL;13;29/12/2025;06/07/2026;CONFERMA;NO;0,8;Aliquota unica;;;;;;;;;;;;;;;;;;;;;;;1;0
F368;MONGIUFFI MELIA;ME;;;;;NO;0*;;;;;;;;;;;;;;;;;;;;;;;;;0
F369;MONGRANDO;BI;32;18/12/2025;16/04/2026;CONFERMA;NO;0,8;Aliquota unica;;;;;;;;;;;;;;;;;;;;;;;1;0
F370;MONGRASSANO;CS;31;17/12/2025;03/02/2026;CONFERMA;SI;0,4;Aliquota unica;0;Esenzione per  i contribuenti con reddito imponibile derivante da lavoro dipendente, assimilato o da pensione non superiore ad euro 7.500 annui;;;;;;;;;;;;;;;;;;;;;5;0
F371;MONGUELFO TESIDO;BZ;;;;;NO;0*;;;;;;;;;;;;;;;;;;;;;;;;;0
F372;MONGUZZO;CO;34;28/11/2025;08/01/2026;CONFERMA;SI;0;Esenzione per redditi imponibili fino a euro 12.000,00;,8;Aliquota unica;;;;;;;;;;;;;;;;;;;;;2;12000
F373;MONIGA DEL GARDA;BS;;;;;NO;0*;;;;;;;;;;;;;;;;;;;;;;;;;0
F374;MONLEALE;AL;;;;;NO;0*;;;;;;;;;;;;;;;;;;;;;;;;;0
F375;MONNO;BS;;;;;NO;0*;;;;;;;;;;;;;;;;;;;;;;;;;0
F376;MONOPOLI;BA;51;18/12/2025;10/02/2026;CONFERMA;SI;0;Esenzione per redditi imponibili fino a euro 8.000,00;,8;Aliquota unica;;;;;;;;;;;;;;;;;;;;;2;8000
F377;MONREALE;PA;;;;;NO;0*;;;;;;;;;;;;;;;;;;;;;;;;;0
F378;MONRUPINO;TS;;;;;NO;0*;;;;;;;;;;;;;;;;;;;;;;;;;0
F379;MONSAMPIETRO MORICO;FM;;;;;NO;0*;;;;;;;;;;;;;;;;;;;;;;;;;0
F380;MONSAMPOLO DEL TRONTO;AP;46;29/12/2025;16/02/2026;CONFERMA;SI;0;Esenzione per redditi imponibili fino a euro 10.000,00;,75;Applicabile a scaglione di reddito fino a euro 28.000,00;,77;Applicabile a scaglione di reddito da euro 28.000,01 fino a euro 50.000,00;,79;Applicabile a scaglione di reddito oltre euro 50.000,00;;;;;;;;;;;;;;;;;4;10000
F381;MONSANO;AN;;;;;NO;0*;;;;;;;;;;;;;;;;;;;;;;;;;0
F382;MONSELICE;PD;6;27/01/2026;21/04/2026;CONFERMA;SI;0;Esenzione per redditi imponibili fino a euro 11.000,00;,8;Aliquota unica;;;;;;;;;;;;;;;;;;;;;2;11000
F383;MONSERRATO;CA;;;;;NO;0*;;;;;;;;;;;;;;;;;;;;;;;;;0
F384;MONSUMMANO TERME;PT;;;;;NO;0*;;;;;;;;;;;;;;;;;;;;;;;;;0
F385;MONTA';CN;39;17/12/2025;28/01/2026;CONFERMA;NO;0,7;Aliquota unica;;;;;;;;;;;;;;;;;;;;;;;1;0
F386;MONTABONE;AT;16;09/12/2025;14/01/2026;MODIFICA;NO;0,8;Aliquota unica;;;;;;;;;;;;;;;;;;;;;;;1;0
F387;MONTACUTO;AL;18;13/12/2025;24/02/2026;CONFERMA;NO;0,6;Aliquota unica;;;;;;;;;;;;;;;;;;;;;;;1;0
F390;MONTAFIA;AT;;;;;NO;0*;;;;;;;;;;;;;;;;;;;;;;;;;0
F391;MONTAGANO;CB;;;;;NO;0*;;;;;;;;;;;;;;;;;;;;;;;;;0
F392;MONTAGNA;BZ;;;;;NO;0*;;;;;;;;;;;;;;;;;;;;;;;;;0
F393;MONTAGNA IN VALTELLINA;SO;;;;;NO;0*;;;;;;;;;;;;;;;;;;;;;;;;;0
F394;MONTAGNANA;PD;42;22/12/2025;27/01/2026;DELIBERA ADOTTATA EX ART. 1, COMMA 751, L. 207/2024;SI;0,7;Applicabile a scaglione di reddito fino a euro 15.000,00;,75;Applicabile a scaglione di reddito da euro 15.000,01 fino a euro 28.000,00;,78;Applicabile a scaglione di reddito da euro 28.000,01 fino a euro 50.000,00;,79;Applicabile a scaglione di reddito oltre euro 50.000,00;0;Esenzione per redditi imponibili fino a euro 7.500,00;;;;;;;;;;;;;;;0;0
F395;MONTAGNAREALE;ME;;;;;NO;0*;;;;;;;;;;;;;;;;;;;;;;;;;0
F397;MONTAGUTO;AV;;;;;NO;0*;;;;;;;;;;;;;;;;;;;;;;;;;0
F398;MONTAIONE;FI;;;;;NO;0*;;;;;;;;;;;;;;;;;;;;;;;;;0
F400;MONTALBANO ELICONA;ME;;;;;NO;0*;;;;;;;;;;;;;;;;;;;;;;;;;0
F399;MONTALBANO JONICO;MT;;;;;NO;0*;;;;;;;;;;;;;;;;;;;;;;;;;0
M378;MONTALCINO;SI;88;19/12/2025;02/01/2026;DELIBERA ADOTTATA EX ART. 1, COMMA 751, L. 207/2024;SI;0,4;Applicabile a scaglione di reddito fino a euro 15.000,00;,45;Applicabile a scaglione di reddito da euro 15.000,01 fino a euro 28.000,00;,65;Applicabile a scaglione di reddito da euro 28.000,01 fino a euro 50.000,00;,8;Applicabile a scaglione di reddito oltre euro 50.000,00;0;Esenzione per redditi imponibili fino a euro 15.000,00;;;;;;;;;;;;;;;0;0
F403;MONTALDEO;AL;;;;;NO;0*;;;;;;;;;;;;;;;;;;;;;;;;;0
F404;MONTALDO BORMIDA;AL;;;;;NO;0*;;;;;;;;;;;;;;;;;;;;;;;;;0
F405;MONTALDO DI MONDOVI';CN;;;;;NO;0*;;;;;;;;;;;;;;;;;;;;;;;;;0
F408;MONTALDO ROERO;CN;26;17/12/2025;25/02/2026;CONFERMA;NO;0,7;Aliquota unica;;;;;;;;;;;;;;;;;;;;;;;1;0
F409;MONTALDO SCARAMPI;AT;17;15/12/2025;28/01/2026;CONFERMA;NO;0,7;Aliquota unica;;;;;;;;;;;;;;;;;;;;;;;1;0
F407;MONTALDO TORINESE;TO;40;05/12/2025;09/02/2026;MODIFICA;NO;0,65;Aliquota unica;;;;;;;;;;;;;;;;;;;;;;;1;0
F410;MONTALE;PT;;;;;NO;0*;;;;;;;;;;;;;;;;;;;;;;;;;0
F411;MONTALENGHE;TO;;;;;NO;0*;;;;;;;;;;;;;;;;;;;;;;;;;0
F414;MONTALLEGRO;AG;;;;;NO;0*;;;;;;;;;;;;;;;;;;;;;;;;;0
M387;MONTALTO CARPASIO;IM;;;;;NO;0*;;;;;;;;;;;;;;;;;;;;;;;;;0
F415;MONTALTO DELLE MARCHE;AP;;;;;NO;0*;;;;;;;;;;;;;;;;;;;;;;;;;0
F419;MONTALTO DI CASTRO;VT;59;23/12/2025;19/03/2026;MODIFICA;SI;0;Esenzione per redditi imponibili fino a euro 15.000,00;,42;Applicabile a scaglione di reddito fino a euro 28.000,00;,46;Applicabile a scaglione di reddito da euro 28.000,01 fino a euro 50.000,00;,8;Applicabile a scaglione di reddito oltre euro 50.000,00;;;;;;;;;;;;;;;;;4;15000
F420;MONTALTO DORA;TO;;;;;NO;0*;;;;;;;;;;;;;;;;;;;;;;;;;0
F417;MONTALTO PAVESE;PV;35;01/12/2025;16/12/2025;DELIBERA ADOTTATA EX ART. 1, COMMA 751, L. 207/2024;SI;0,55;Applicabile a scaglione di reddito fino a euro 15.000,00;,65;Applicabile a scaglione di reddito da euro 15.000,01 fino a euro 28.000,00;,75;Applicabile a scaglione di reddito da euro 28.000,01 fino a euro 50.000,00;,8;Applicabile a scaglione di reddito oltre euro 50.000,00;0;Esenzione per redditi imponibili fino a euro 12.000,00;;;;;;;;;;;;;;;0;0
F416;MONTALTO UFFUGO;CS;50;23/12/2025;15/01/2026;CONFERMA;NO;0,8;Aliquota unica;;;;;;;;;;;;;;;;;;;;;;;1;0
F422;MONTANARO;TO;;;;;NO;0*;;;;;;;;;;;;;;;;;;;;;;;;;0
F423;MONTANASO LOMBARDO;LO;;;;;NO;0*;;;;;;;;;;;;;;;;;;;;;;;;;0
F424;MONTANERA;CN;34;18/12/2025;10/02/2026;DELIBERA ADOTTATA EX ART. 1, COMMA 751, L. 207/2024;SI;0,65;Applicabile a scaglione di reddito fino a euro 15.000,00;,7;Applicabile a scaglione di reddito da euro 15.000,01 fino a euro 28.000,00;,75;Applicabile a scaglione di reddito da euro 28.000,01 fino a euro 50.000,00;,8;Applicabile a scaglione di reddito oltre euro 50.000,00;0;Esenzione per redditi imponibili fino a euro 7.500,00;;;;;;;;;;;;;;;0;0
F426;MONTANO ANTILIA;SA;;;;;NO;0*;;;;;;;;;;;;;;;;;;;;;;;;;0
F427;MONTANO LUCINO;CO;;;;;NO;0*;;;;;;;;;;;;;;;;;;;;;;;;;0
F428;MONTAPPONE;FM;;;;;NO;0*;;;;;;;;;;;;;;;;;;;;;;;;;0
F429;MONTAQUILA;IS;20;18/11/2025;20/01/2026;CONFERMA;NO;0,75;Aliquota unica;;;;;;;;;;;;;;;;;;;;;;;1;0
F430;MONTASOLA;RI;;;;;NO;0*;;;;;;;;;;;;;;;;;;;;;;;;;0
F432;MONTAURO;CZ;;;;;NO;0*;;;;;;;;;;;;;;;;;;;;;;;;;0
F433;MONTAZZOLI;CH;28;22/12/2025;18/05/2026;CONFERMA;NO;0,4;Aliquota unica;;;;;;;;;;;;;;;;;;;;;;;1;0
F437;MONTE ARGENTARIO;GR;95;17/12/2025;26/01/2026;CONFERMA;SI;0;Esenzione per redditi imponibili fino a euro 9.000,00;,8;Aliquota unica;;;;;;;;;;;;;;;;;;;;;2;9000
F456;MONTE CASTELLO DI VIBIO;PG;49;29/12/2025;12/06/2026;CONFERMA;SI;0;Esenzione per redditi imponibili fino a euro 11.000,00;,7;Applicabile a scaglione di reddito fino a euro 28.000,00;,7;Applicabile a scaglione di reddito da euro 28.000,01 fino a euro 50.000,00;,8;Applicabile a scaglione di reddito oltre euro 50.000,00;;;;;;;;;;;;;;;;;4;11000
F460;MONTE CAVALLO;MC;33;29/12/2025;05/03/2026;CONFERMA;NO;0,2;Aliquota unica;;;;;;;;;;;;;;;;;;;;;;;1;0
F467;MONTE CERIGNONE;PU;;;;;NO;0*;;;;;;;;;;;;;;;;;;;;;;;;;0
F477;MONTE COMPATRI;RM;;;;;NO;0*;;;;;;;;;;;;;;;;;;;;;;;;;0
F434;MONTE CREMASCO;CR;35;20/12/2025;12/02/2026;MODIFICA;SI;0;Esenzione per redditi imponibili fino a euro 10.000,00;,8;Aliquota unica;;;;;;;;;;;;;;;;;;;;;2;10000
F486;MONTE DI MALO;VI;38;23/12/2025;20/01/2026;CONFERMA;NO;0,8;Aliquota unica;;;;;;;;;;;;;;;;;;;;;;;1;0
F488;MONTE DI PROCIDA;NA;98;05/12/2025;02/01/2026;CONFERMA;SI;0;Esenzione per redditi imponibili fino a euro 12.500,00;,8;Aliquota unica;;;;;;;;;;;;;;;;;;;;;2;12500
F517;MONTE GIBERTO;FM;;;;;NO;0*;;;;;;;;;;;;;;;;;;;;;;;;;0
F524;MONTE GRIMANO TERME;PU;;;;;NO;0*;;;;;;;;;;;;;;;;;;;;;;;;;0
F532;MONTE ISOLA;BS;;;;;NO;0*;;;;;;;;;;;;;;;;;;;;;;;;;0
F561;MONTE MARENZO;LC;3;24/02/2026;02/03/2026;CONFERMA;NO;0,7;Aliquota unica;;;;;;;;;;;;;;;;;;;;;;;1;0
F589;MONTE PORZIO;PU;19;28/11/2025;17/07/2026;CONFERMA;NO;0,8;Aliquota unica;;;;;;;;;;;;;;;;;;;;;;;1;0
F590;MONTE PORZIO CATONE;RM;;;;;NO;0*;;;;;;;;;;;;;;;;;;;;;;;;;0
F599;MONTE RINALDO;FM;;;;;NO;0*;;;;;;;;;;;;;;;;;;;;;;;;;0
F600;MONTE ROBERTO;AN;37;23/12/2025;07/05/2026;CONFERMA;SI;0;Esenzione per redditi imponibili fino a euro 15.000,00;,8;Aliquota unica;;;;;;;;;;;;;;;;;;;;;2;15000
F603;MONTE ROMANO;VT;;;;;NO;0*;;;;;;;;;;;;;;;;;;;;;;;;;0
F616;MONTE SAN BIAGIO;LT;65;29/12/2025;11/03/2026;CONFERMA;SI;0,65;Applicabile a scaglione di reddito fino a euro 28.000,00;,7;Applicabile a scaglione di reddito da euro 28.000,01 fino a euro 50.000,00;,75;Applicabile a scaglione di reddito oltre euro 50.000,00;;;;;;;;;;;;;;;;;;;3;0
F618;MONTE SAN GIACOMO;SA;30;22/12/2025;03/08/2026;CONFERMA;NO;0,7;Aliquota unica;;;;;;;;;;;;;;;;;;;;;;;1;0
F620;MONTE SAN GIOVANNI CAMPANO;FR;3;20/03/2026;22/04/2026;CONFERMA;NO;0,8;Aliquota unica;;;;;;;;;;;;;;;;;;;;;;;1;0
F619;MONTE SAN GIOVANNI IN SABINA;RI;07;26/02/2026;05/03/2026;MODIFICA;NO;0,8;Aliquota unica;;;;;;;;;;;;;;;;;;;;;;;1;0
F621;MONTE SAN GIUSTO;MC;33;29/12/2025;22/01/2026;CONFERMA;SI;0;Esenzione per redditi imponibili fino a euro 10.000,00;,8;Aliquota unica;;;;;;;;;;;;;;;;;;;;;2;10000
F622;MONTE SAN MARTINO;MC;37;30/12/2025;04/02/2026;MODIFICA;NO;0,8;Aliquota unica;;;;;;;;;;;;;;;;;;;;;;;1;0
F626;MONTE SAN PIETRANGELI;FM;26;17/12/2025;19/02/2026;CONFERMA;SI;0;Esenzione per redditi imponibili fino a euro 7.499,99;,8;Aliquota unica;;;;;;;;;;;;;;;;;;;;;2;7499,99
F627;MONTE SAN PIETRO;BO;95;30/12/2025;07/08/2026;CONFERMA;NO;0,8;Aliquota unica;;;;;;;;;;;;;;;;;;;;;;;1;0
F628;MONTE SAN SAVINO;AR;;;;;NO;0*;;;;;;;;;;;;;;;;;;;;;;;;;0
F634;MONTE SAN VITO;AN;62;22/12/2025;18/05/2026;CONFERMA;SI;0;Esenzione per redditi imponibili fino a euro 10.000,00;,8;Aliquota unica;;;;;;;;;;;;;;;;;;;;;2;10000
F629;MONTE SANTA MARIA TIBERINA;PG;;;;;NO;0*;;;;;;;;;;;;;;;;;;;;;;;;;0
F631;MONTE SANT'ANGELO;FG;63;16/12/2025;05/01/2026;CONFERMA;NO;0,7;Aliquota unica;;;;;;;;;;;;;;;;;;;;;;;1;0
F653;MONTE URANO;FM;34;30/12/2025;23/02/2026;CONFERMA;SI;0;Esenzione per redditi imponibili fino a euro 11.000,00;,8;Aliquota unica;;;;;;;;;;;;;;;;;;;;;2;11000
F664;MONTE VIDON COMBATTE;FM;;;;;NO;0*;;;;;;;;;;;;;;;;;;;;;;;;;0
F665;MONTE VIDON CORRADO;FM;38;30/12/2025;23/01/2026;CONFERMA;NO;0,5;Aliquota unica;;;;;;;;;;;;;;;;;;;;;;;1;0
F440;MONTEBELLO DELLA BATTAGLIA;PV;;;;;NO;0*;;;;;;;;;;;;;;;;;;;;;;;;;0
F441;MONTEBELLO DI BERTONA;PE;;;;;NO;0*;;;;;;;;;;;;;;;;;;;;;;;;;0
D746;MONTEBELLO IONICO;RC;;;;;NO;0*;;;;;;;;;;;;;;;;;;;;;;;;;0
B268;MONTEBELLO SUL SANGRO;CH;;;;;NO;0*;;;;;;;;;;;;;;;;;;;;;;;;;0
F442;MONTEBELLO VICENTINO;VI;;;;;NO;0*;;;;;;;;;;;;;;;;;;;;;;;;;0
F443;MONTEBELLUNA;TV;;;;;NO;0*;;;;;;;;;;;;;;;;;;;;;;;;;0
F445;MONTEBRUNO;GE;15;29/12/2025;27/01/2026;CONFERMA;NO;0,8;Aliquota unica;;;;;;;;;;;;;;;;;;;;;;;1;0
F446;MONTEBUONO;RI;;;;;NO;0*;;;;;;;;;;;;;;;;;;;;;;;;;0
F450;MONTECALVO IN FOGLIA;PU;;;;;NO;0*;;;;;;;;;;;;;;;;;;;;;;;;;0
F448;MONTECALVO IRPINO;AV;33;12/12/2025;09/01/2026;CONFERMA;NO;0,8;Aliquota unica;;;;;;;;;;;;;;;;;;;;;;;1;0
F449;MONTECALVO VERSIGGIA;PV;23;18/12/2025;04/03/2026;CONFERMA;SI;0;Esenzione per redditi imponibili fino a euro 15.000,00;,3;Applicabile a scaglione di reddito fino a euro 28.000,00;,4;Applicabile a scaglione di reddito da euro 28.000,01 fino a euro 50.000,00;,65;Applicabile a scaglione di reddito oltre euro 50.000,00;;;;;;;;;;;;;;;;;4;15000
F452;MONTECARLO;LU;;;;;NO;0*;;;;;;;;;;;;;;;;;;;;;;;;;0
F453;MONTECAROTTO;AN;46;23/12/2025;17/08/2026;DELIBERA ADOTTATA EX ART. 1, COMMA 751, L. 207/2024;SI;0,65;Applicabile a scaglione di reddito fino a euro 15.000,00;,7;Applicabile a scaglione di reddito da euro 15.000,01 fino a euro 28.000,00;,75;Applicabile a scaglione di reddito da euro 28.000,01 fino a euro 50.000,00;,8;Applicabile a scaglione di reddito oltre euro 50.000,00;;;;;;;;;;;;;;;;;0;0
F454;MONTECASSIANO;MC;;;;;NO;0*;;;;;;;;;;;;;;;;;;;;;;;;;0
F455;MONTECASTELLO;AL;;;;;NO;0*;;;;;;;;;;;;;;;;;;;;;;;;;0
F457;MONTECASTRILLI;TR;;;;;NO;0*;;;;;;;;;;;;;;;;;;;;;;;;;0
F458;MONTECATINI VAL DI CECINA;PI;;;;;NO;0*;;;;;;;;;;;;;;;;;;;;;;;;;0
A561;MONTECATINI-TERME;PT;;;;;NO;0*;;;;;;;;;;;;;;;;;;;;;;;;;0
F461;MONTECCHIA DI CROSARA;VR;;;;;NO;0*;;;;;;;;;;;;;;;;;;;;;;;;;0
F462;MONTECCHIO;TR;;;;;NO;0*;;;;;;;;;;;;;;;;;;;;;;;;;0
F463;MONTECCHIO EMILIA;RE;87;22/12/2025;04/03/2026;MODIFICA;SI;0;Esenzione per redditi imponibili fino a euro 11.000,00;,8;Aliquota unica;;;;;;;;;;;;;;;;;;;;;2;11000
F464;MONTECCHIO MAGGIORE;VI;;;;;NO;0*;;;;;;;;;;;;;;;;;;;;;;;;;0
F465;MONTECCHIO PRECALCINO;VI;57;20/12/2025;18/03/2026;CONFERMA;SI;0;Esenzione per redditi imponibili fino a euro 15.000,00;,6;Aliquota unica;;;;;;;;;;;;;;;;;;;;;2;15000
F469;MONTECHIARO D'ACQUI;AL;20;19/12/2025;24/08/2026;CONFERMA;NO;0,8;Aliquota unica;;;;;;;;;;;;;;;;;;;;;;;1;0
F468;MONTECHIARO D'ASTI;AT;27;18/12/2025;27/01/2026;CONFERMA;NO;0,8;Aliquota unica;;;;;;;;;;;;;;;;;;;;;;;1;0
F473;MONTECHIARUGOLO;PR;48;23/12/2025;10/02/2026;CONFERMA;SI;0;Esenzione per redditi imponibili fino a euro 13.000,00;,8;Aliquota unica;;;;;;;;;;;;;;;;;;;;;2;13000
F475;MONTECILFONE;CB;30;17/12/2025;16/01/2026;CONFERMA;NO;0,7;Aliquota unica;;;;;;;;;;;;;;;;;;;;;;;1;0
F478;MONTECOPIOLO;RN;;;;;NO;0*;;;;;;;;;;;;;;;;;;;;;;;;;0
F479;MONTECORICE;SA;;;;;NO;0*;;;;;;;;;;;;;;;;;;;;;;;;;0
F480;MONTECORVINO PUGLIANO;SA;;;;;NO;0*;;;;;;;;;;;;;;;;;;;;;;;;;0
F481;MONTECORVINO ROVELLA;SA;;;;;NO;0*;;;;;;;;;;;;;;;;;;;;;;;;;0
F482;MONTECOSARO;MC;;;;;NO;0*;;;;;;;;;;;;;;;;;;;;;;;;;0
F483;MONTECRESTESE;VB;;;;;NO;0*;;;;;;;;;;;;;;;;;;;;;;;;;0
F484;MONTECRETO;MO;;;;;NO;0*;;;;;;;;;;;;;;;;;;;;;;;;;0
F487;MONTEDINOVE;AP;37;30/12/2025;17/04/2026;CONFERMA;NO;0,8;Aliquota unica;;;;;;;;;;;;;;;;;;;;;;;1;0
F489;MONTEDORO;CL;;;;;NO;0*;;;;;;;;;;;;;;;;;;;;;;;;;0
F491;MONTEFALCIONE;AV;;;;;NO;0*;;;;;;;;;;;;;;;;;;;;;;;;;0
F492;MONTEFALCO;PG;53;30/12/2025;28/01/2026;CONFERMA;NO;0,8;Aliquota unica;;;;;;;;;;;;;;;;;;;;;;;1;0
F493;MONTEFALCONE APPENNINO;FM;31;29/12/2025;02/02/2026;CONFERMA;NO;0,8;Aliquota unica;;;;;;;;;;;;;;;;;;;;;;;1;0
F494;MONTEFALCONE DI VAL FORTORE;BN;;;;;NO;0*;;;;;;;;;;;;;;;;;;;;;;;;;0
F495;MONTEFALCONE NEL SANNIO;CB;27;17/12/2025;14/01/2026;CONFERMA;NO;0,4;Aliquota unica;;;;;;;;;;;;;;;;;;;;;;;1;0
F496;MONTEFANO;MC;27;29/12/2025;05/03/2026;CONFERMA;SI;0;Esenzione per redditi imponibili fino a euro 8.500,00;,8;Aliquota unica;;;;;;;;;;;;;;;;;;;;;2;8500
F497;MONTEFELCINO;PU;32;29/12/2025;06/05/2026;CONFERMA;NO;0,8;Aliquota unica;;;;;;;;;;;;;;;;;;;;;;;1;0
F498;MONTEFERRANTE;CH;;;;;NO;0*;;;;;;;;;;;;;;;;;;;;;;;;;0
F499;MONTEFIASCONE;VT;;;;;NO;0*;;;;;;;;;;;;;;;;;;;;;;;;;0
F500;MONTEFINO;TE;;;;;NO;0*;;;;;;;;;;;;;;;;;;;;;;;;;0
F502;MONTEFIORE CONCA;RN;56;23/12/2025;20/07/2026;MODIFICA;NO;0,8;Aliquota unica;;;;;;;;;;;;;;;;;;;;;;;1;0
F501;MONTEFIORE DELL'ASO;AP;8;23/02/2026;08/04/2026;MODIFICA;SI;0;Esenzione per redditi imponibili fino a euro 7.999,99;,8;Aliquota unica;;;;;;;;;;;;;;;;;;;;;2;7999,99
F503;MONTEFIORINO;MO;32;30/12/2025;23/02/2026;MODIFICA;NO;0,8;Aliquota unica;;;;;;;;;;;;;;;;;;;;;;;1;0
F504;MONTEFLAVIO;RM;;;;;NO;0*;;;;;;;;;;;;;;;;;;;;;;;;;0
F507;MONTEFORTE CILENTO;SA;;;;;NO;0*;;;;;;;;;;;;;;;;;;;;;;;;;0
F508;MONTEFORTE D'ALPONE;VR;90;22/12/2025;28/01/2026;CONFERMA;NO;0,7;Aliquota unica;;;;;;;;;;;;;;;;;;;;;;;1;0
F506;MONTEFORTE IRPINO;AV;;;;;NO;0*;;;;;;;;;;;;;;;;;;;;;;;;;0
F509;MONTEFORTINO;FM;29;30/12/2025;23/03/2026;CONFERMA;NO;0,8;Aliquota unica;;;;;;;;;;;;;;;;;;;;;;;1;0
F510;MONTEFRANCO;TR;;;;;NO;0*;;;;;;;;;;;;;;;;;;;;;;;;;0
F511;MONTEFREDANE;AV;16;29/12/2025;07/01/2026;CONFERMA;NO;0,5;Aliquota unica;;;;;;;;;;;;;;;;;;;;;;;1;0
F512;MONTEFUSCO;AV;27;18/11/2025;12/01/2026;CONFERMA;NO;0,8;Aliquota unica;;;;;;;;;;;;;;;;;;;;;;;1;0
F513;MONTEGABBIONE;TR;56;29/12/2025;13/01/2026;CONFERMA;SI;0;Esenzione per redditi imponibili fino a euro 8.000,00;,8;Aliquota unica;;;;;;;;;;;;;;;;;;;;;2;8000
F514;MONTEGALDA;VI;55;18/12/2025;16/01/2026;CONFERMA;SI;0,7;Applicabile a scaglione di reddito fino a euro 28.000,00;,75;Applicabile a scaglione di reddito da euro 28.000,01 fino a euro 50.000,00;,8;Applicabile a scaglione di reddito oltre euro 50.000,00;;;;;;;;;;;;;;;;;;;3;0
F515;MONTEGALDELLA;VI;;;;;NO;0*;;;;;;;;;;;;;;;;;;;;;;;;;0
F516;MONTEGALLO;AP;;;;;NO;0*;;;;;;;;;;;;;;;;;;;;;;;;;0
F518;MONTEGIOCO;AL;10;19/12/2025;07/05/2026;MODIFICA;NO;0,7;Aliquota unica;;;;;;;;;;;;;;;;;;;;;;;1;0
F519;MONTEGIORDANO;CS;;;;;NO;0*;;;;;;;;;;;;;;;;;;;;;;;;;0
F520;MONTEGIORGIO;FM;1;24/02/2026;04/05/2026;CONFERMA;SI;0;Esenzione per redditi imponibili fino a euro 7.500,00;,8;Aliquota unica;;;;;;;;;;;;;;;;;;;;;2;7500
F522;MONTEGRANARO;FM;42;16/12/2025;07/01/2026;CONFERMA;SI;0;Esenzione per redditi imponibili fino a euro 11.000,00;,8;Aliquota unica;;;;;;;;;;;;;;;;;;;;;2;11000
F523;MONTEGRIDOLFO;RN;27;20/12/2025;05/06/2026;CONFERMA;NO;0,8;Aliquota unica;;;;;;;;;;;;;;;;;;;;;;;1;0
F526;MONTEGRINO VALTRAVAGLIA;VA;;;;;NO;0*;;;;;;;;;;;;;;;;;;;;;;;;;0
F527;MONTEGROSSO D'ASTI;AT;26;12/12/2025;23/02/2026;CONFERMA;NO;0,52;Aliquota unica;;;;;;;;;;;;;;;;;;;;;;;1;0
F528;MONTEGROSSO PIAN LATTE;IM;43;23/12/2025;07/01/2026;CONFERMA;NO;0,8;Aliquota unica;;;;;;;;;;;;;;;;;;;;;;;1;0
F529;MONTEGROTTO TERME;PD;30;24/11/2025;23/01/2026;MODIFICA;SI;0;Esenzione per redditi imponibili fino a euro 15.000,00;,7;Applicabile a scaglione di reddito fino a euro 28.000,00;,8;Applicabile a scaglione di reddito da euro 28.000,01 fino a euro 50.000,00;,8;Applicabile a scaglione di reddito oltre euro 50.000,00;;;;;;;;;;;;;;;;;4;15000
F531;MONTEIASI;TA;;;;;NO;0*;;;;;;;;;;;;;;;;;;;;;;;;;0
F533;MONTELABBATE;PU;45;18/12/2025;15/01/2026;CONFERMA;SI;0;Esenzione per redditi imponibili fino a euro 10.000,00;,8;Aliquota unica;;;;;;;;;;;;;;;;;;;;;2;10000
F534;MONTELANICO;RM;;;;;NO;0*;;;;;;;;;;;;;;;;;;;;;;;;;0
F535;MONTELAPIANO;CH;;;;;NO;0*;;;;;;;;;;;;;;;;;;;;;;;;;0
F536;MONTELEONE DI FERMO;FM;32;29/12/2025;31/03/2026;CONFERMA;NO;0,5;Aliquota unica;;;;;;;;;;;;;;;;;;;;;;;1;0
F538;MONTELEONE DI PUGLIA;FG;;;;;NO;0*;;;;;;;;;;;;;;;;;;;;;;;;;0
F540;MONTELEONE DI SPOLETO;PG;;;;;NO;0*;;;;;;;;;;;;;;;;;;;;;;;;;0
F543;MONTELEONE D'ORVIETO;TR;;;;;NO;0*;;;;;;;;;;;;;;;;;;;;;;;;;0
F542;MONTELEONE ROCCA DORIA;SS;;;;;NO;0*;;;;;;;;;;;;;;;;;;;;;;;;;0
F541;MONTELEONE SABINO;RI;;;;;NO;0*;;;;;;;;;;;;;;;;;;;;;;;;;0
F544;MONTELEPRE;PA;;;;;NO;0*;;;;;;;;;;;;;;;;;;;;;;;;;0
F545;MONTELIBRETTI;RM;;;;;NO;0*;;;;;;;;;;;;;;;;;;;;;;;;;0
F546;MONTELLA;AV;5;25/02/2026;30/03/2026;CONFERMA;SI;0;Esenzione per redditi imponibili fino a euro 7.000,00;,8;Aliquota unica;;;;;;;;;;;;;;;;;;;;;2;7000
F547;MONTELLO;BG;;;;;NO;0*;;;;;;;;;;;;;;;;;;;;;;;;;0
F548;MONTELONGO;CB;;;;;NO;0*;;;;;;;;;;;;;;;;;;;;;;;;;0
F549;MONTELPARO;FM;;;;;NO;0*;;;;;;;;;;;;;;;;;;;;;;;;;0
F550;MONTELUPO ALBESE;CN;25;29/10/2025;13/03/2026;CONFERMA;NO;0,75;Aliquota unica;;;;;;;;;;;;;;;;;;;;;;;1;0
F551;MONTELUPO FIORENTINO;FI;;;;;NO;0*;;;;;;;;;;;;;;;;;;;;;;;;;0
F552;MONTELUPONE;MC;145;24/11/2025;27/02/2026;CONFERMA;SI;0;Esenzione per redditi imponibili fino a euro 12.000,00;,8;Aliquota unica;;;;;;;;;;;;;;;;;;;;;2;12000
F553;MONTEMAGGIORE BELSITO;PA;;;;;NO;0*;;;;;;;;;;;;;;;;;;;;;;;;;0
F556;MONTEMAGNO MONFERRATO;AT;;;;;NO;0*;;;;;;;;;;;;;;;;;;;;;;;;;0
F558;MONTEMALE DI CUNEO;CN;;;;;NO;0*;;;;;;;;;;;;;;;;;;;;;;;;;0
F559;MONTEMARANO;AV;19;29/11/2025;02/01/2026;CONFERMA;NO;0,4;Aliquota unica;;;;;;;;;;;;;;;;;;;;;;;1;0
F560;MONTEMARCIANO;AN;72;23/12/2025;21/01/2026;CONFERMA;SI;0;Esenzione per redditi imponibili fino a euro 8.000,00;,8;Aliquota unica;;;;;;;;;;;;;;;;;;;;;2;8000
F562;MONTEMARZINO;AL;22;15/12/2025;16/01/2026;CONFERMA;NO;0,2;Aliquota unica;;;;;;;;;;;;;;;;;;;;;;;1;0
F563;MONTEMESOLA;TA;40;18/12/2025;08/01/2026;CONFERMA;SI;0;Esenzione per redditi imponibili fino a euro 6.800,00;,8;Aliquota unica;;;;;;;;;;;;;;;;;;;;;2;6800
F564;MONTEMEZZO;CO;13;09/12/2025;14/01/2026;CONFERMA;SI;0;Esenzione per redditi imponibili fino a euro 12.000,00;,5;Aliquota unica;;;;;;;;;;;;;;;;;;;;;2;12000
F565;MONTEMIGNAIO;AR;23;29/12/2025;28/01/2026;CONFERMA;NO;0,5;Aliquota unica;;;;;;;;;;;;;;;;;;;;;;;1;0
F566;MONTEMILETTO;AV;;;;;NO;0*;;;;;;;;;;;;;;;;;;;;;;;;;0
F568;MONTEMILONE;PZ;4;27/02/2026;15/05/2026;CONFERMA;SI;0,6;Applicabile a scaglione di reddito fino a euro 15.000,00;,7;Applicabile a scaglione di reddito da euro 15.000,01 fino a euro 28.000,00;,75;Applicabile a scaglione di reddito da euro 28.000,01 fino a euro 50.000,00;,8;Applicabile a scaglione di reddito oltre euro 50.000,00;;;;;;;;;;;;;;;;;0;0
F569;MONTEMITRO;CB;;;;;NO;0*;;;;;;;;;;;;;;;;;;;;;;;;;0
F570;MONTEMONACO;AP;;;;;NO;0*;;;;;;;;;;;;;;;;;;;;;;;;;0
F572;MONTEMURLO;PO;6;27/02/2026;31/03/2026;CONFERMA;SI;0;Esenzione per redditi imponibili fino a euro 11.000,00;,8;Aliquota unica;;;;;;;;;;;;;;;;;;;;;2;11000
F573;MONTEMURRO;PZ;;;;;NO;0*;;;;;;;;;;;;;;;;;;;;;;;;;0
F574;MONTENARS;UD;;;;;NO;0*;;;;;;;;;;;;;;;;;;;;;;;;;0
F576;MONTENERO DI BISACCIA;CB;;;;;NO;0*;;;;;;;;;;;;;;;;;;;;;;;;;0
F579;MONTENERO SABINO;RI;21;23/12/2025;08/06/2026;CONFERMA;NO;0,5;Aliquota unica;;;;;;;;;;;;;;;;;;;;;;;1;0
F580;MONTENERO VAL COCCHIARA;IS;;;;;NO;0*;;;;;;;;;;;;;;;;;;;;;;;;;0
F578;MONTENERODOMO;CH;29;22/12/2025;22/05/2026;CONFERMA;NO;0,8;Aliquota unica;;;;;;;;;;;;;;;;;;;;;;;1;0
F582;MONTEODORISIO;CH;30;23/12/2025;13/01/2026;MODIFICA;SI;0,7;Applicabile a scaglione di reddito fino a euro 28.000,00;,78;Applicabile a scaglione di reddito da euro 28.000,01 fino a euro 50.000,00;,79;Applicabile a scaglione di reddito oltre euro 50.000,00;;;;;;;;;;;;;;;;;;;3;0
F586;MONTEPAONE;CZ;41;19/12/2025;06/03/2026;CONFERMA;SI;0;Esenzione per redditi imponibili fino a euro 7.499,00;,8;Aliquota unica;;;;;;;;;;;;;;;;;;;;;2;7499
F587;MONTEPARANO;TA;;;;;NO;0*;;;;;;;;;;;;;;;;;;;;;;;;;0
F591;MONTEPRANDONE;AP;63;29/12/2025;08/01/2026;MODIFICA;NO;0,8;Aliquota unica;;;;;;;;;;;;;;;;;;;;;;;1;0
F592;MONTEPULCIANO;SI;66;22/12/2025;02/01/2026;CONFERMA;SI;0,8;Aliquota unica;0;Esenzione per reddito annuo imponibile inferiore ad euro 11.000,00 derivante da: lavoro dipendente (art. 49 comma 1 del D.P.R. 22/12/1986, n. 917) e assimilato (art. 50 comma 1 lett. a), b), c), c-bis), d), h-bis), l) del D.P.R. 22/12/1986, n. 917) o da pensione ( art. 49 comma 2 del D.P.R. 22/12/1986, n. 917) ), e terreni e fabbricati;0;Esenzione per reddito annuo imponibile inferiore ad euro 8.000,00 derivante da: redditi assimilati a lavoro dipendente (art. 50 comma 1 lett. e), f), g), h), i) del D.P.R. 22/12/1986, n. 917), di lavoro autonomo (art. 53 del D.P.R. 22/12/1986, n. 917), di impresa minore (art. 66 del D.P.R. 22/12/1986, n. 917), redditi diversi (art. 67 lett. i) ed l) del D.P.R. 22/12/1986, n. 917), e terreni e fabbricati;;;;;;;;;;;;;;;;;;;5;0
F594;MONTERCHI;AR;31;15/12/2025;09/01/2026;CONFERMA;NO;0,8;Aliquota unica;;;;;;;;;;;;;;;;;;;;;;;1;0
F595;MONTEREALE;AQ;;;;;NO;0*;;;;;;;;;;;;;;;;;;;;;;;;;0
F596;MONTEREALE VALCELLINA;PN;47;29/12/2025;13/02/2026;CONFERMA;SI;0;Esenzione per redditi imponibili fino a euro 15.000,00;,24;Applicabile a scaglione di reddito fino a euro 28.000,00;,27;Applicabile a scaglione di reddito da euro 28.000,01 fino a euro 50.000,00;,5;Applicabile a scaglione di reddito oltre euro 50.000,00;;;;;;;;;;;;;;;;;4;15000
F597;MONTERENZIO;BO;;;;;NO;0*;;;;;;;;;;;;;;;;;;;;;;;;;0
F598;MONTERIGGIONI;SI;69;22/12/2025;21/01/2026;CONFERMA;SI;0;Esenzione per redditi imponibili fino a euro 15.000,00;,55;Applicabile a scaglione di reddito fino a euro 28.000,00;,6;Applicabile a scaglione di reddito da euro 28.000,01 fino a euro 50.000,00;,65;Applicabile a scaglione di reddito oltre euro 50.000,00;;;;;;;;;;;;;;;;;4;15000
F601;MONTERODUNI;IS;;;;;NO;0*;;;;;;;;;;;;;;;;;;;;;;;;;0
F605;MONTERONI D'ARBIA;SI;;;;;NO;0*;;;;;;;;;;;;;;;;;;;;;;;;;0
F604;MONTERONI DI LECCE;LE;;;;;NO;0*;;;;;;;;;;;;;;;;;;;;;;;;;0
F606;MONTEROSI;VT;;;;;NO;0*;;;;;;;;;;;;;;;;;;;;;;;;;0
F609;MONTEROSSO AL MARE;SP;17;24/11/2025;27/03/2026;CONFERMA;SI;0;Esenzione per redditi imponibili fino a euro 28.000,00;,8;Aliquota unica;;;;;;;;;;;;;;;;;;;;;2;28000
F610;MONTEROSSO ALMO;RG;;;;;NO;0*;;;;;;;;;;;;;;;;;;;;;;;;;0
F607;MONTEROSSO CALABRO;VV;;;;;NO;0*;;;;;;;;;;;;;;;;;;;;;;;;;0
F608;MONTEROSSO GRANA;CN;19;25/11/2025;07/01/2026;CONFERMA;NO;0,65;Aliquota unica;;;;;;;;;;;;;;;;;;;;;;;1;0
F611;MONTEROTONDO;RM;82;22/12/2025;28/01/2026;CONFERMA;SI;0;Esenzione per redditi imponibili fino a euro 12.000,00;,8;Aliquota unica;;;;;;;;;;;;;;;;;;;;;2;12000
F612;MONTEROTONDO MARITTIMO;GR;;;;;NO;0*;;;;;;;;;;;;;;;;;;;;;;;;;0
F614;MONTERUBBIANO;FM;;;;;NO;0*;;;;;;;;;;;;;;;;;;;;;;;;;0
F623;MONTESANO SALENTINO;LE;2;13/03/2026;17/04/2026;CONFERMA;NO;0,6;Aliquota unica;;;;;;;;;;;;;;;;;;;;;;;1;0
F625;MONTESANO SULLA MARCELLANA;SA;7;26/03/2026;21/04/2026;CONFERMA;SI;0;Esenzione per redditi imponibili fino a euro 7.500,00;,8;Aliquota unica;;;;;;;;;;;;;;;;;;;;;2;7500
F636;MONTESARCHIO;BN;;;;;NO;0*;;;;;;;;;;;;;;;;;;;;;;;;;0
F637;MONTESCAGLIOSO;MT;;;;;NO;0*;;;;;;;;;;;;;;;;;;;;;;;;;0
F638;MONTESCANO;PV;24;18/12/2025;05/03/2026;CONFERMA;SI;0;Esenzione per redditi imponibili fino a euro 10.000,00;,6;Applicabile a scaglione di reddito fino a euro 28.000,00;,7;Applicabile a scaglione di reddito da euro 28.000,01 fino a euro 50.000,00;,8;Applicabile a scaglione di reddito oltre euro 50.000,00;;;;;;;;;;;;;;;;;4;10000
F639;MONTESCHENO;VB;31;17/12/2025;21/01/2026;CONFERMA;SI;0;Esenzione per redditi imponibili fino a euro 15.000,00;,5;Aliquota unica;;;;;;;;;;;;;;;;;;;;;2;15000
F640;MONTESCUDAIO;PI;;;;;NO;0*;;;;;;;;;;;;;;;;;;;;;;;;;0
M368;MONTESCUDO-MONTE COLOMBO;RN;;;;;NO;0*;;;;;;;;;;;;;;;;;;;;;;;;;0
F642;MONTESE;MO;61;23/12/2025;07/01/2026;DELIBERA ADOTTATA EX ART. 1, COMMA 751, L. 207/2024;SI;0,65;Applicabile a scaglioni di reddito fino a euro 15.000,00;,68;Applicabile a scaglioni di reddito da euro 15.000,01 fino a euro 28.000,00;,76;Applicabile a scaglioni di reddito da euro 28.000,01 fino a euro 50.000,00;,78;Applicabile a scaglioni di reddito oltre euro 50.000,01;0;Esenzione per redditi imponibili fino a euro 7.500,00;;;;;;;;;;;;;;;0;0
F644;MONTESEGALE;PV;23;17/12/2025;23/03/2026;CONFERMA;NO;0,5;Aliquota unica;;;;;;;;;;;;;;;;;;;;;;;1;0
F646;MONTESILVANO;PE;;;;;NO;0*;;;;;;;;;;;;;;;;;;;;;;;;;0
F648;MONTESPERTOLI;FI;;;;;NO;0*;;;;;;;;;;;;;;;;;;;;;;;;;0
F651;MONTEU DA PO;TO;30;19/12/2025;13/01/2026;CONFERMA;NO;0,8;Aliquota unica;;;;;;;;;;;;;;;;;;;;;;;1;0
F654;MONTEU ROERO;CN;;;;;NO;0*;;;;;;;;;;;;;;;;;;;;;;;;;0
F655;MONTEVAGO;AG;;;;;NO;0*;;;;;;;;;;;;;;;;;;;;;;;;;0
F656;MONTEVARCHI;AR;;;;;NO;0*;;;;;;;;;;;;;;;;;;;;;;;;;0
F657;MONTEVECCHIA;LC;45;20/12/2025;19/01/2026;CONFERMA;SI;0;Esenzione per redditi imponibili fino a euro 15.000,00;,8;Aliquota unica;;;;;;;;;;;;;;;;;;;;;2;15000
F660;MONTEVERDE;AV;;;;;NO;0*;;;;;;;;;;;;;;;;;;;;;;;;;0
F661;MONTEVERDI MARITTIMO;PI;;;;;NO;0*;;;;;;;;;;;;;;;;;;;;;;;;;0
F662;MONTEVIALE;VI;;;;;NO;0*;;;;;;;;;;;;;;;;;;;;;;;;;0
F666;MONTEZEMOLO;CN;;;;;NO;0*;;;;;;;;;;;;;;;;;;;;;;;;;0
F667;MONTI;SS;;;;;NO;0*;;;;;;;;;;;;;;;;;;;;;;;;;0
F668;MONTIANO;FC;;;;;NO;0*;;;;;;;;;;;;;;;;;;;;;;;;;0
F672;MONTICELLI BRUSATI;BS;;;;;NO;0*;;;;;;;;;;;;;;;;;;;;;;;;;0
F671;MONTICELLI D'ONGINA;PC;;;;;NO;0*;;;;;;;;;;;;;;;;;;;;;;;;;0
F670;MONTICELLI PAVESE;PV;;;;;NO;0*;;;;;;;;;;;;;;;;;;;;;;;;;0
F674;MONTICELLO BRIANZA;LC;48;19/12/2025;21/01/2026;CONFERMA;SI;0,5;Applicabile a scaglione di reddito fino a euro 15.000,00;,55;Applicabile a scaglione di reddito da euro 15.000,01 fino a euro 28.000,00;,7;Applicabile a scaglione di reddito da euro 28.000,01 fino a euro 50.000,00;,8;Applicabile a scaglione di reddito oltre euro 50.000,00RO;0;Esenzione per redditi imponibili fino a euro 15.000,00;;;;;;;;;;;;;;;0;0
F675;MONTICELLO CONTE OTTO;VI;;;;;NO;0*;;;;;;;;;;;;;;;;;;;;;;;;;0
F669;MONTICELLO D'ALBA;CN;39;20/12/2025;27/01/2026;CONFERMA;NO;0,6;Aliquota unica;;;;;;;;;;;;;;;;;;;;;;;1;0
F471;MONTICHIARI;BS;54;29/12/2025;14/01/2026;MODIFICA;SI;0;Esenzione per redditi imponibili fino a euro 15.000,00;,8;Aliquota unica;;;;;;;;;;;;;;;;;;;;;2;15000
F676;MONTICIANO;SI;;;;;NO;0*;;;;;;;;;;;;;;;;;;;;;;;;;0
F677;MONTIERI;GR;;;;;NO;0*;;;;;;;;;;;;;;;;;;;;;;;;;0
M302;MONTIGLIO MONFERRATO;AT;;;;;NO;0*;;;;;;;;;;;;;;;;;;;;;;;;;0
F679;MONTIGNOSO;MS;;;;;NO;0*;;;;;;;;;;;;;;;;;;;;;;;;;0
F680;MONTIRONE;BS;39;17/12/2025;19/01/2026;CONFERMA;SI;0;Esenzione per redditi imponibili fino a euro 8.000,00;,7;Aliquota unica;;;;;;;;;;;;;;;;;;;;;2;8000
F367;MONTJOVET;AO;;;;;NO;0*;;;;;;;;;;;;;;;;;;;;;;;;;0
F681;MONTODINE;CR;30;17/12/2025;14/01/2026;CONFERMA;SI;0;Esenzione per redditi imponibili fino a euro 12.000,00;,8;Aliquota unica;;;;;;;;;;;;;;;;;;;;;2;12000
F682;MONTOGGIO;GE;26;19/12/2025;08/01/2026;CONFERMA;NO;0,6;Aliquota unica;;;;;;;;;;;;;;;;;;;;;;;1;0
F685;MONTONE;PG;47;19/12/2025;28/01/2026;CONFERMA;SI;0;Esenzione per redditi imponibili fino a euro 11.999,99;,8;Aliquota unica;;;;;;;;;;;;;;;;;;;;;2;11999,99
F687;MONTOPOLI DI SABINA;RI;;;;;NO;0*;;;;;;;;;;;;;;;;;;;;;;;;;0
F686;MONTOPOLI IN VAL D'ARNO;PI;;;;;NO;0*;;;;;;;;;;;;;;;;;;;;;;;;;0
F688;MONTORFANO;CO;;;;;NO;0*;;;;;;;;;;;;;;;;;;;;;;;;;0
F690;MONTORIO AL VOMANO;TE;2;27/02/2026;27/03/2026;CONFERMA;SI;0;Esenzione per redditi imponibili fino a euro 12.500,00;,8;Aliquota unica;;;;;;;;;;;;;;;;;;;;;2;12500
F689;MONTORIO NEI FRENTANI;CB;;;;;NO;0*;;;;;;;;;;;;;;;;;;;;;;;;;0
F692;MONTORIO ROMANO;RM;;;;;NO;0*;;;;;;;;;;;;;;;;;;;;;;;;;0
M330;MONTORO;AV;;;;;NO;0*;;;;;;;;;;;;;;;;;;;;;;;;;0
F696;MONTORSO VICENTINO;VI;30;27/11/2025;20/03/2026;CONFERMA;SI;0;Esenzione per redditi imponibili fino a euro 10.000,00;,8;Aliquota unica;;;;;;;;;;;;;;;;;;;;;2;10000
F697;MONTOTTONE;FM;;;;;NO;0*;;;;;;;;;;;;;;;;;;;;;;;;;0
F698;MONTRESTA;OR;;;;;NO;0*;;;;;;;;;;;;;;;;;;;;;;;;;0
F701;MONTU' BECCARIA;PV;;;;;NO;0*;;;;;;;;;;;;;;;;;;;;;;;;;0
F703;MONVALLE;VA;;;;;NO;0*;;;;;;;;;;;;;;;;;;;;;;;;;0
F704;MONZA;MB;;;;;NO;0*;;;;;;;;;;;;;;;;;;;;;;;;;0
F705;MONZAMBANO;MN;41;23/12/2025;04/05/2026;CONFERMA;SI;0;Esenzione per redditi imponibili fino a euro 10.000,00;,8;Aliquota unica;;;;;;;;;;;;;;;;;;;;;2;10000
F706;MONZUNO;BO;6;19/02/2026;04/05/2026;CONFERMA;NO;0,8;Aliquota unica;;;;;;;;;;;;;;;;;;;;;;;1;0
F708;MORANO CALABRO;CS;4;26/02/2026;27/03/2026;CONFERMA;SI;0,57;Applicabile a scaglione di reddito fino a euro 15.000,00;,67;Applicabile a scaglione di reddito da euro 15.000,01 fino a euro 28.000,00;,75;Applicabile a scaglione di reddito da euro 28.000,01 fino a euro 50.000,00;,8;Applicabile a scaglione di reddito oltre euro 50.000,00;0;Esenzione per redditi imponibili fino a euro 8.500,00;;;;;;;;;;;;;;;0;0
F707;MORANO SUL PO;AL;;;;;NO;0*;;;;;;;;;;;;;;;;;;;;;;;;;0
M434;MORANSENGO-TONENGO;AT;46;17/12/2025;27/01/2026;CONFERMA;NO;0,7;Aliquota unica;;;;;;;;;;;;;;;;;;;;;;;1;0
F710;MORARO;GO;;;;;NO;0*;;;;;;;;;;;;;;;;;;;;;;;;;0
F711;MORAZZONE;VA;;;;;NO;0*;;;;;;;;;;;;;;;;;;;;;;;;;0
F712;MORBEGNO;SO;;;;;NO;0*;;;;;;;;;;;;;;;;;;;;;;;;;0
F713;MORBELLO;AL;10;22/12/2025;21/05/2026;ISTITUISCE;SI;0;Esenzione per redditi imponibili fino a euro 12.000,00;,6;Aliquota unica;;;;;;;;;;;;;;;;;;;;;2;12000
F716;MORCIANO DI LEUCA;LE;;;;;NO;0*;;;;;;;;;;;;;;;;;;;;;;;;;0
F715;MORCIANO DI ROMAGNA;RN;;;;;NO;0*;;;;;;;;;;;;;;;;;;;;;;;;;0
F717;MORCONE;BN;;;;;NO;0*;;;;;;;;;;;;;;;;;;;;;;;;;0
F718;MORDANO;BO;;;;;NO;0*;;;;;;;;;;;;;;;;;;;;;;;;;0
F720;MORENGO;BG;23;29/11/2025;05/12/2025;CONFERMA;NO;0,8;Aliquota unica;;;;;;;;;;;;;;;;;;;;;;;1;0
F721;MORES;SS;;;;;NO;0*;;;;;;;;;;;;;;;;;;;;;;;;;0
F722;MORESCO;FM;;;;;NO;0*;;;;;;;;;;;;;;;;;;;;;;;;;0
F723;MORETTA;CN;;;;;NO;0*;;;;;;;;;;;;;;;;;;;;;;;;;0
F724;MORFASSO;PC;17;30/12/2025;15/01/2026;CONFERMA;NO;0,8;Aliquota unica;;;;;;;;;;;;;;;;;;;;;;;1;0
F725;MORGANO;TV;48;22/12/2025;30/01/2026;CONFERMA;SI;0;Esenzione per redditi imponibili fino a euro 15.000,00;,7;Aliquota unica;;;;;;;;;;;;;;;;;;;;;2;15000
F726;MORGEX;AO;;;;;NO;0*;;;;;;;;;;;;;;;;;;;;;;;;;0
F727;MORGONGIORI;OR;;;;;NO;0*;;;;;;;;;;;;;;;;;;;;;;;;;0
F728;MORI;TN;;;;;NO;0*;;;;;;;;;;;;;;;;;;;;;;;;;0
F729;MORIAGO DELLA BATTAGLIA;TV;37;29/12/2025;19/01/2026;MODIFICA;SI;0;Esenzione per redditi imponibili fino a euro 10.000,00;,6;Aliquota unica;;;;;;;;;;;;;;;;;;;;;2;10000
F730;MORICONE;RM;59;22/12/2025;09/01/2026;CONFERMA;NO;0,8;Aliquota unica;;;;;;;;;;;;;;;;;;;;;;;1;0
F731;MORIGERATI;SA;;;;;NO;0*;;;;;;;;;;;;;;;;;;;;;;;;;0
D033;MORIMONDO;MI;;;;;NO;0*;;;;;;;;;;;;;;;;;;;;;;;;;0
F732;MORINO;AQ;;;;;NO;0*;;;;;;;;;;;;;;;;;;;;;;;;;0
F733;MORIONDO TORINESE;TO;26;22/12/2025;21/05/2026;CONFERMA;SI;0;Esenzione per redditi imponibili fino a euro 10.000,00;,75;Aliquota unica;;;;;;;;;;;;;;;;;;;;;2;10000
F734;MORLUPO;RM;18;30/01/2026;14/07/2026;CONFERMA;NO;0,8;Aliquota unica;;;;;;;;;;;;;;;;;;;;;;;1;0
F735;MORMANNO;CS;;;;;NO;0*;;;;;;;;;;;;;;;;;;;;;;;;;0
F736;MORNAGO;VA;30;30/12/2025;09/02/2026;CONFERMA;SI;0;Esenzione per redditi imponibili fino a euro 10.000,00;,8;Aliquota unica;;;;;;;;;;;;;;;;;;;;;2;10000
F737;MORNESE;AL;;;;;NO;0*;;;;;;;;;;;;;;;;;;;;;;;;;0
F738;MORNICO AL SERIO;BG;17;22/12/2025;21/01/2026;CONFERMA;SI;0;Esenzione per redditi imponibili fino a euro 12.000,00;,8;Aliquota unica;;;;;;;;;;;;;;;;;;;;;2;12000
F739;MORNICO LOSANA;PV;;;;;NO;0*;;;;;;;;;;;;;;;;;;;;;;;;;0
F740;MOROLO;FR;;;;;NO;0*;;;;;;;;;;;;;;;;;;;;;;;;;0
F743;MOROZZO;CN;43;17/12/2025;20/07/2026;CONFERMA;SI;0,55;Applicabile a scaglione di reddito fino a euro 28.000,00;,7;Applicabile a scaglione di reddito da euro 28.000,01 fino a euro 50.000,00;,78;Applicabile a scaglione di reddito oltre euro 50.000,00;;;;;;;;;;;;;;;;;;;3;0
F744;MORRA DE SANCTIS;AV;33;18/12/2025;05/01/2026;CONFERMA;SI;0;Esenzione per redditi imponibili fino a euro 8.164,00;,8;Aliquota unica;;;;;;;;;;;;;;;;;;;;;2;8164
F745;MORRO D'ALBA;AN;59;20/12/2025;21/05/2026;CONFERMA;SI;0;Esenzione per redditi imponibili fino a euro 12.000,00;,8;Aliquota unica;;;;;;;;;;;;;;;;;;;;;2;12000
F747;MORRO D'ORO;TE;24;29/12/2025;27/01/2026;CONFERMA;NO;0,8;Aliquota unica;;;;;;;;;;;;;;;;;;;;;;;1;0
F746;MORRO REATINO;RI;;;;;NO;0*;;;;;;;;;;;;;;;;;;;;;;;;;0
F748;MORRONE DEL SANNIO;CB;;;;;NO;0*;;;;;;;;;;;;;;;;;;;;;;;;;0
F749;MORROVALLE;MC;34;16/01/2026;19/01/2026;CONFERMA;SI;0;Esenzione per redditi imponibili fino a euro 15.000,00;,8;Aliquota unica;;;;;;;;;;;;;;;;;;;;;2;15000
F750;MORSANO AL TAGLIAMENTO;PN;31;22/12/2025;19/03/2026;MODIFICA;SI;0;Esenzione per redditi imponibili fino a euro 13.000,00;,5;Applicabile a scaglione di reddito fino a euro 28.000,00;,7;Applicabile a scaglione di reddito da euro 28.000,01 fino a euro 50.000,00;,8;Applicabile a scaglione di reddito oltre euro 50.000,00;;;;;;;;;;;;;;;;;4;13000
F751;MORSASCO;AL;;;;;NO;0*;;;;;;;;;;;;;;;;;;;;;;;;;0
F754;MORTARA;PV;13;22/12/2025;18/03/2026;MODIFICA;SI;0;Esenzione per redditi imponibili fino a euro 12.000,00;,55;Applicabile a scaglione di reddito fino a euro 28.000,00;,8;Applicabile a scaglione di reddito da euro 28.000,01 fino a euro 50.000,00;,8;Applicabile a scaglione di reddito oltre euro 50.000,00;;;;;;;;;;;;;;;;;4;12000
F756;MORTEGLIANO;UD;;;;;NO;0*;;;;;;;;;;;;;;;;;;;;;;;;;0
F758;MORTERONE;LC;;;;;NO;0*;;;;;;;;;;;;;;;;;;;;;;;;;0
F760;MORUZZO;UD;;;;;NO;0*;;;;;;;;;;;;;;;;;;;;;;;;;0
F761;MOSCAZZANO;CR;;;;;NO;0*;;;;;;;;;;;;;;;;;;;;;;;;;0
F762;MOSCHIANO;AV;;;;;NO;0*;;;;;;;;;;;;;;;;;;;;;;;;;0
F764;MOSCIANO SANT'ANGELO;TE;1;15/01/2026;26/08/2026;CONFERMA;NO;0,8;Aliquota unica;;;;;;;;;;;;;;;;;;;;;;;1;0
F765;MOSCUFO;PE;17;28/11/2025;05/02/2026;CONFERMA;SI;0;Esenzione per redditi imponibili fino a euro 8.000,00;,8;Aliquota unica;;;;;;;;;;;;;;;;;;;;;2;8000
F766;MOSO IN PASSIRIA;BZ;;;;;NO;0*;;;;;;;;;;;;;;;;;;;;;;;;;0
F767;MOSSA;GO;;;;;NO;0*;;;;;;;;;;;;;;;;;;;;;;;;;0
F771;MOTTA BALUFFI;CR;5;26/02/2026;13/03/2026;CONFERMA;NO;0,75;Aliquota unica;;;;;;;;;;;;;;;;;;;;;;;1;0
F772;MOTTA CAMASTRA;ME;;;;;NO;0*;;;;;;;;;;;;;;;;;;;;;;;;;0
F773;MOTTA D'AFFERMO;ME;;;;;NO;0*;;;;;;;;;;;;;;;;;;;;;;;;;0
F774;MOTTA DE' CONTI;VC;;;;;NO;0*;;;;;;;;;;;;;;;;;;;;;;;;;0
F770;MOTTA DI LIVENZA;TV;57;30/12/2025;16/02/2026;CONFERMA;SI;0;Esenzione per redditi imponibili fino a euro 10.000,00;,8;Aliquota unica;;;;;;;;;;;;;;;;;;;;;2;10000
F777;MOTTA MONTECORVINO;FG;23;23/12/2025;08/05/2026;CONFERMA;NO;0,4;Aliquota unica;;;;;;;;;;;;;;;;;;;;;;;1;0
F779;MOTTA SAN GIOVANNI;RC;;;;;NO;0*;;;;;;;;;;;;;;;;;;;;;;;;;0
F780;MOTTA SANTA LUCIA;CZ;;;;;NO;0*;;;;;;;;;;;;;;;;;;;;;;;;;0
F781;MOTTA SANT'ANASTASIA;CT;;;;;NO;0*;;;;;;;;;;;;;;;;;;;;;;;;;0
F783;MOTTA VISCONTI;MI;;;;;NO;0*;;;;;;;;;;;;;;;;;;;;;;;;;0
F775;MOTTAFOLLONE;CS;;;;;NO;0*;;;;;;;;;;;;;;;;;;;;;;;;;0
F776;MOTTALCIATA;BI;;;;;NO;0*;;;;;;;;;;;;;;;;;;;;;;;;;0
B012;MOTTEGGIANA;MN;47;30/12/2025;05/02/2026;CONFERMA;SI;0;Esenzione per redditi imponibili fino a euro 10.000,00;,65;Aliquota unica;;;;;;;;;;;;;;;;;;;;;2;10000
F784;MOTTOLA;TA;;;;;NO;0*;;;;;;;;;;;;;;;;;;;;;;;;;0
F785;MOZZAGROGNA;CH;;;;;NO;0*;;;;;;;;;;;;;;;;;;;;;;;;;0
F786;MOZZANICA;BG;45;18/12/2025;09/02/2026;CONFERMA;NO;0,6;Aliquota unica;;;;;;;;;;;;;;;;;;;;;;;1;0
F788;MOZZATE;CO;;;;;NO;0*;;;;;;;;;;;;;;;;;;;;;;;;;0
F789;MOZZECANE;VR;;;;;NO;0*;;;;;;;;;;;;;;;;;;;;;;;;;0
F791;MOZZO;BG;46;27/11/2025;16/01/2026;MODIFICA;SI;0;Esenzione per redditi imponibili fino a euro 15.000,00;,8;Aliquota unica;;;;;;;;;;;;;;;;;;;;;2;15000
F793;MUCCIA;MC;;;;;NO;0*;;;;;;;;;;;;;;;;;;;;;;;;;0
F795;MUGGIA;TS;;;;;NO;0*;;;;;;;;;;;;;;;;;;;;;;;;;0
F797;MUGGIO';MB;44;17/12/2025;14/01/2026;MODIFICA;SI;0;Esenzione per redditi imponibili fino a euro 18.000,00;,8;Aliquota unica;;;;;;;;;;;;;;;;;;;;;2;18000
F798;MUGNANO DEL CARDINALE;AV;;;;;NO;0*;;;;;;;;;;;;;;;;;;;;;;;;;0
F799;MUGNANO DI NAPOLI;NA;;;;;NO;0*;;;;;;;;;;;;;;;;;;;;;;;;;0
F801;MULAZZANO;LO;;;;;NO;0*;;;;;;;;;;;;;;;;;;;;;;;;;0
F802;MULAZZO;MS;;;;;NO;0*;;;;;;;;;;;;;;;;;;;;;;;;;0
F806;MURA;BS;;;;;NO;0*;;;;;;;;;;;;;;;;;;;;;;;;;0
F808;MURAVERA;SU;;;;;NO;0*;;;;;;;;;;;;;;;;;;;;;;;;;0
F809;MURAZZANO;CN;24;23/12/2025;26/02/2026;CONFERMA;NO;0,8;Aliquota unica;;;;;;;;;;;;;;;;;;;;;;;1;0
F811;MURELLO;CN;;;;;NO;0*;;;;;;;;;;;;;;;;;;;;;;;;;0
F813;MURIALDO;SV;;;;;NO;0*;;;;;;;;;;;;;;;;;;;;;;;;;0
F814;MURISENGO MONFERRATO;AL;;;;;NO;0*;;;;;;;;;;;;;;;;;;;;;;;;;0
F815;MURLO;SI;55;17/12/2025;23/01/2026;CONFERMA;NO;0,8;Aliquota unica;;;;;;;;;;;;;;;;;;;;;;;1;0
F816;MURO LECCESE;LE;;;;;NO;0*;;;;;;;;;;;;;;;;;;;;;;;;;0
F817;MURO LUCANO;PZ;;;;;NO;0*;;;;;;;;;;;;;;;;;;;;;;;;;0
F818;MUROS;SS;;;;;NO;0*;;;;;;;;;;;;;;;;;;;;;;;;;0
F820;MUSCOLINE;BS;27;17/12/2025;13/01/2026;CONFERMA;SI;0;Esenzione per redditi imponibili fino a euro 10.000,00;,6;Aliquota unica;;;;;;;;;;;;;;;;;;;;;2;10000
F822;MUSEI;SU;;;;;NO;0*;;;;;;;;;;;;;;;;;;;;;;;;;0
F826;MUSILE DI PIAVE;VE;54;30/12/2025;25/03/2026;CONFERMA;SI;0;Esenzione per redditi imponibili fino a euro 10.000,00;,8;Aliquota unica;;;;;;;;;;;;;;;;;;;;;2;10000
F828;MUSSO;CO;33;22/12/2025;05/08/2026;CONFERMA;NO;0,6;Aliquota unica;;;;;;;;;;;;;;;;;;;;;;;1;0
F829;MUSSOLENTE;VI;48;17/12/2025;12/02/2026;CONFERMA;SI;0;Esenzione per redditi imponibili fino a euro 11.000,00;,8;Aliquota unica;;;;;;;;;;;;;;;;;;;;;2;11000
F830;MUSSOMELI;CL;;;;;NO;0*;;;;;;;;;;;;;;;;;;;;;;;;;0
F832;MUZZANA DEL TURGNANO;UD;55;18/12/2025;31/03/2026;CONFERMA;SI;0;Esenzione per redditi imponibili fino a euro 10.000,00;,5;Aliquota unica;;;;;;;;;;;;;;;;;;;;;2;10000
F833;MUZZANO;BI;22;02/12/2025;07/01/2026;CONFERMA;NO;0,6;Aliquota unica;;;;;;;;;;;;;;;;;;;;;;;1;0
F835;NAGO-TORBOLE;TN;;;;;NO;0*;;;;;;;;;;;;;;;;;;;;;;;;;0
F836;NALLES;BZ;;;;;NO;0*;;;;;;;;;;;;;;;;;;;;;;;;;0
F838;NANTO;VI;;;;;NO;0*;;;;;;;;;;;;;;;;;;;;;;;;;0
F839;NAPOLI;NA;;;;;NO;0*;;;;;;;;;;;;;;;;;;;;;;;;;0
F840;NARBOLIA;OR;;;;;NO;0*;;;;;;;;;;;;;;;;;;;;;;;;;0
F841;NARCAO;SU;;;;;NO;0*;;;;;;;;;;;;;;;;;;;;;;;;;0
F842;NARDO';LE;;;;;NO;0*;;;;;;;;;;;;;;;;;;;;;;;;;0
F843;NARDODIPACE;VV;;;;;NO;0*;;;;;;;;;;;;;;;;;;;;;;;;;0
F844;NARNI;TR;;;;;NO;0*;;;;;;;;;;;;;;;;;;;;;;;;;0
F845;NARO;AG;;;;;NO;0*;;;;;;;;;;;;;;;;;;;;;;;;;0
F846;NARZOLE;CN;25;29/12/2025;18/03/2026;CONFERMA;NO;0,6;Aliquota unica;;;;;;;;;;;;;;;;;;;;;;;1;0
F847;NASINO;SV;;;;;NO;0*;;;;;;;;;;;;;;;;;;;;;;;;;0
F848;NASO;ME;;;;;NO;0*;;;;;;;;;;;;;;;;;;;;;;;;;0
F849;NATURNO;BZ;;;;;NO;0*;;;;;;;;;;;;;;;;;;;;;;;;;0
F851;NAVE;BS;54;23/12/2025;08/01/2026;CONFERMA;SI;0;Esenzione per redditi imponibili fino a euro 10.000,00;,8;Aliquota unica;;;;;;;;;;;;;;;;;;;;;2;10000
F852;NAVELLI;AQ;;;;;NO;0*;;;;;;;;;;;;;;;;;;;;;;;;;0
F856;NAZ-SCIAVES;BZ;;;;;NO;0*;;;;;;;;;;;;;;;;;;;;;;;;;0
F857;NAZZANO;RM;36;29/12/2025;05/01/2026;MODIFICA;NO;0,8;Aliquota unica;;;;;;;;;;;;;;;;;;;;;;;1;0
F858;NE;GE;26;29/12/2025;23/01/2026;CONFERMA;NO;0,8;Aliquota unica;;;;;;;;;;;;;;;;;;;;;;;1;0
F859;NEBBIUNO;NO;;;;;NO;0*;;;;;;;;;;;;;;;;;;;;;;;;;0
F861;NEGRAR DI VALPOLICELLA;VR;;;;;NO;0*;;;;;;;;;;;;;;;;;;;;;;;;;0
F862;NEIRONE;GE;21;23/12/2025;21/01/2026;CONFERMA;NO;0,8;Aliquota unica;;;;;;;;;;;;;;;;;;;;;;;1;0
F863;NEIVE;CN;42;19/12/2025;27/01/2026;CONFERMA;NO;0,6;Aliquota unica;;;;;;;;;;;;;;;;;;;;;;;1;0
F864;NEMBRO;BG;7;18/02/2026;01/04/2026;CONFERMA;SI;0;Esenzione per redditi imponibili fino a euro 12.500,00;,52;Applicabile a scaglione di reddito fino a euro 28.000,00;,77;Applicabile a scaglione di reddito da euro 28.000,01 fino a euro 50.000,00;,8;Applicabile a scaglione di reddito oltre euro 50.000,00;;;;;;;;;;;;;;;;;4;12500
F865;NEMI;RM;;;;;NO;0*;;;;;;;;;;;;;;;;;;;;;;;;;0
F866;NEMOLI;PZ;20;19/12/2025;09/03/2026;CONFERMA;NO;0,6;Aliquota unica;;;;;;;;;;;;;;;;;;;;;;;1;0
F867;NEONELI;OR;;;;;NO;0*;;;;;;;;;;;;;;;;;;;;;;;;;0
F868;NEPI;VT;;;;;NO;0*;;;;;;;;;;;;;;;;;;;;;;;;;0
F870;NERETO;TE;40;23/12/2025;03/06/2026;MODIFICA;SI;0;Esenzione per redditi imponibili fino a euro 8.000,00;,8;Aliquota unica;;;;;;;;;;;;;;;;;;;;;2;8000
F871;NEROLA;RM;;;;;NO;0*;;;;;;;;;;;;;;;;;;;;;;;;;0
F872;NERVESA DELLA BATTAGLIA;TV;;;;;NO;0*;;;;;;;;;;;;;;;;;;;;;;;;;0
F874;NERVIANO;MI;;;;;NO;0*;;;;;;;;;;;;;;;;;;;;;;;;;0
F876;NESPOLO;RI;;;;;NO;0*;;;;;;;;;;;;;;;;;;;;;;;;;0
F877;NESSO;CO;;;;;NO;0*;;;;;;;;;;;;;;;;;;;;;;;;;0
F878;NETRO;BI;22;09/12/2025;20/02/2026;CONFERMA;NO;0,8;Aliquota unica;;;;;;;;;;;;;;;;;;;;;;;1;0
F880;NETTUNO;RM;;;;;NO;0*;;;;;;;;;;;;;;;;;;;;;;;;;0
F881;NEVIANO;LE;59;29/12/2025;28/01/2026;MODIFICA;NO;0,8;Aliquota unica;;;;;;;;;;;;;;;;;;;;;;;1;0
F882;NEVIANO DEGLI ARDUINI;PR;;;;;NO;0*;;;;;;;;;;;;;;;;;;;;;;;;;0
F883;NEVIGLIE;CN;;;;;NO;0*;;;;;;;;;;;;;;;;;;;;;;;;;0
F884;NIARDO;BS;33;16/12/2025;21/01/2026;MODIFICA;SI;0;Esenzione per redditi imponibili fino a euro 10.000,00;,8;Aliquota unica;;;;;;;;;;;;;;;;;;;;;2;10000
F886;NIBBIOLA;NO;25;17/12/2025;27/01/2026;MODIFICA;SI;0;Esenzione per redditi imponibili fino a euro 14.999,99;,4;Aliquota unica;;;;;;;;;;;;;;;;;;;;;2;14999,99
F887;NIBIONNO;LC;31;11/11/2025;09/02/2026;CONFERMA;NO;0,6;Aliquota unica;;;;;;;;;;;;;;;;;;;;;;;1;0
F889;NICHELINO;TO;;;;;NO;0*;;;;;;;;;;;;;;;;;;;;;;;;;0
F890;NICOLOSI;CT;;;;;NO;0*;;;;;;;;;;;;;;;;;;;;;;;;;0
F891;NICORVO;PV;12;22/12/2025;06/05/2026;CONFERMA;SI;0;Esenzione per redditi imponibili fino a euro 12.000,00;,6;Aliquota unica;;;;;;;;;;;;;;;;;;;;;2;12000
F892;NICOSIA;EN;;;;;NO;0*;;;;;;;;;;;;;;;;;;;;;;;;;0
F893;NICOTERA;VV;;;;;NO;0*;;;;;;;;;;;;;;;;;;;;;;;;;0
F894;NIELLA BELBO;CN;;;;;NO;0*;;;;;;;;;;;;;;;;;;;;;;;;;0
F895;NIELLA TANARO;CN;23;18/12/2025;11/02/2026;CONFERMA;NO;0,75;Aliquota unica;;;;;;;;;;;;;;;;;;;;;;;1;0
F898;NIMIS;UD;;;;;NO;0*;;;;;;;;;;;;;;;;;;;;;;;;;0
F899;NISCEMI;CL;;;;;NO;0*;;;;;;;;;;;;;;;;;;;;;;;;;0
F900;NISSORIA;EN;;;;;NO;0*;;;;;;;;;;;;;;;;;;;;;;;;;0
F901;NIZZA DI SICILIA;ME;;;;;NO;0*;;;;;;;;;;;;;;;;;;;;;;;;;0
F902;NIZZA MONFERRATO;AT;17;15/12/2025;21/01/2026;MODIFICA;SI;0;Esenzione per redditi imponibili fino a euro 12.000,00;,8;Aliquota unica;;;;;;;;;;;;;;;;;;;;;2;12000
F904;NOALE;VE;;;;;NO;0*;;;;;;;;;;;;;;;;;;;;;;;;;0
F906;NOASCA;TO;;;;;NO;0*;;;;;;;;;;;;;;;;;;;;;;;;;0
F907;NOCARA;CS;;;;;NO;0*;;;;;;;;;;;;;;;;;;;;;;;;;0
F908;NOCCIANO;PE;;;;;NO;0*;;;;;;;;;;;;;;;;;;;;;;;;;0
F912;NOCERA INFERIORE;SA;;;;;NO;0*;;;;;;;;;;;;;;;;;;;;;;;;;0
F913;NOCERA SUPERIORE;SA;;;;;NO;0*;;;;;;;;;;;;;;;;;;;;;;;;;0
F910;NOCERA TERINESE;CZ;5;31/03/2026;16/06/2026;CONFERMA;NO;0,8;Aliquota unica;;;;;;;;;;;;;;;;;;;;;;;1;0
F911;NOCERA UMBRA;PG;;;;;NO;0*;;;;;;;;;;;;;;;;;;;;;;;;;0
F914;NOCETO;PR;;;;;NO;0*;;;;;;;;;;;;;;;;;;;;;;;;;0
F915;NOCI;BA;;;;;NO;0*;;;;;;;;;;;;;;;;;;;;;;;;;0
F916;NOCIGLIA;LE;;;;;NO;0*;;;;;;;;;;;;;;;;;;;;;;;;;0
F917;NOEPOLI;PZ;;;;;NO;0*;;;;;;;;;;;;;;;;;;;;;;;;;0
F918;NOGARA;VR;83;18/12/2025;09/02/2026;CONFERMA;SI;0,63;Applicabile a scaglione di reddito fino a euro 28.000,00;,78;Applicabile a scaglione di reddito da euro 28.000,01 fino a euro 50.000,00;,8;Applicabile a scaglione di reddito oltre euro 50.000,00;;;;;;;;;;;;;;;;;;;3;0
F920;NOGAREDO;TN;;;;;NO;0*;;;;;;;;;;;;;;;;;;;;;;;;;0
F921;NOGAROLE ROCCA;VR;1;03/03/2026;02/04/2026;CONFERMA;SI;0;Esenzione per redditi imponibili fino a euro 12.000,00;,5;Aliquota unica;;;;;;;;;;;;;;;;;;;;;2;12000
F922;NOGAROLE VICENTINO;VI;;;;;NO;0*;;;;;;;;;;;;;;;;;;;;;;;;;0
F923;NOICATTARO;BA;63;29/12/2025;30/01/2026;CONFERMA;NO;0,8;Aliquota unica;;;;;;;;;;;;;;;;;;;;;;;1;0
F924;NOLA;NA;;;;;NO;0*;;;;;;;;;;;;;;;;;;;;;;;;;0
F925;NOLE;TO;70;19/12/2025;22/06/2026;CONFERMA;SI;0;Esenzione per redditi imponibili fino a euro 12.500,00;,6;Applicabile a scaglione di reddito fino a euro 28.000,00;,75;Applicabile a scaglione di reddito da euro 28.000,01 fino a euro 50.000,00;,79;Applicabile a scaglione di reddito oltre euro 50.000,00;;;;;;;;;;;;;;;;;4;12500
F926;NOLI;SV;82;09/12/2025;12/08/2026;CONFERMA;NO;0,8;Aliquota unica;;;;;;;;;;;;;;;;;;;;;;;1;0
F927;NOMAGLIO;TO;;;;;NO;0*;;;;;;;;;;;;;;;;;;;;;;;;;0
F929;NOMI;TN;;;;;NO;0*;;;;;;;;;;;;;;;;;;;;;;;;;0
F930;NONANTOLA;MO;61;17/12/2025;21/01/2026;CONFERMA;SI;0,8;Aliquota unica;0;Esenzione per soggetti con REDDITO COMPLESSIVO IRPEF NON SUPERIORE A 10.000,00 EURO;0;Esenzione per PENSIONATI CON REDDITO COMPLESSIVO IRPEF NON SUPERIORE A 12.000,00 EURO;;;;;;;;;;;;;;;;;;;5;0
F931;NONE;TO;;;;;NO;0*;;;;;;;;;;;;;;;;;;;;;;;;;0
F932;NONIO;VB;11;18/12/2025;08/01/2026;CONFERMA;SI;0;Esenzione per redditi imponibili fino a euro 10.001,00;,2;Aliquota unica;;;;;;;;;;;;;;;;;;;;;2;10001
F933;NORAGUGUME;NU;;;;;NO;0*;;;;;;;;;;;;;;;;;;;;;;;;;0
F934;NORBELLO;OR;;;;;NO;0*;;;;;;;;;;;;;;;;;;;;;;;;;0
F935;NORCIA;PG;75;18/12/2025;08/01/2026;CONFERMA;NO;0,4;Aliquota unica;;;;;;;;;;;;;;;;;;;;;;;1;0
F937;NORMA;LT;;;;;NO;0*;;;;;;;;;;;;;;;;;;;;;;;;;0
F939;NOSATE;MI;26;29/12/2025;27/05/2026;CONFERMA;SI;0;Esenzione per redditi imponibili fino a euro 7.499,99;,8;Aliquota unica;;;;;;;;;;;;;;;;;;;;;2;7499,99
F942;NOTARESCO;TE;;;;;NO;0*;;;;;;;;;;;;;;;;;;;;;;;;;0
F943;NOTO;SR;;;;;NO;0*;;;;;;;;;;;;;;;;;;;;;;;;;0
F949;NOVA LEVANTE;BZ;;;;;NO;0*;;;;;;;;;;;;;;;;;;;;;;;;;0
F944;NOVA MILANESE;MB;7;27/02/2026;06/03/2026;CONFERMA;SI;0;Esenzione per redditi imponibili fino a euro 12.000,00;,75;Aliquota unica;;;;;;;;;;;;;;;;;;;;;2;12000
F950;NOVA PONENTE;BZ;;;;;NO;0*;;;;;;;;;;;;;;;;;;;;;;;;;0
A942;NOVA SIRI;MT;;;;;NO;0*;;;;;;;;;;;;;;;;;;;;;;;;;0
F137;NOVAFELTRIA;RN;8;23/02/2026;14/04/2026;CONFERMA;NO;0,7;Aliquota unica;;;;;;;;;;;;;;;;;;;;;;;1;0
F947;NOVALEDO;TN;;;;;NO;0*;;;;;;;;;;;;;;;;;;;;;;;;;0
F948;NOVALESA;TO;;;;;NO;0*;;;;;;;;;;;;;;;;;;;;;;;;;0
F952;NOVARA;NO;;;;;NO;0*;;;;;;;;;;;;;;;;;;;;;;;;;0
F951;NOVARA DI SICILIA;ME;;;;;NO;0*;;;;;;;;;;;;;;;;;;;;;;;;;0
F956;NOVATE MEZZOLA;SO;;;;;NO;0*;;;;;;;;;;;;;;;;;;;;;;;;;0
F955;NOVATE MILANESE;MI;86;18/12/2025;28/01/2026;CONFERMA;SI;0;Esenzione per redditi imponibili fino a euro 12.000,00;,8;Aliquota unica;;;;;;;;;;;;;;;;;;;;;2;12000
F957;NOVE;VI;;;;;NO;0*;;;;;;;;;;;;;;;;;;;;;;;;;0
F958;NOVEDRATE;CO;;;;;NO;0*;;;;;;;;;;;;;;;;;;;;;;;;;0
M430;NOVELLA;TN;;;;;NO;0*;;;;;;;;;;;;;;;;;;;;;;;;;0
F960;NOVELLARA;RE;;;;;NO;0*;;;;;;;;;;;;;;;;;;;;;;;;;0
F961;NOVELLO;CN;46;23/12/2025;13/04/2026;MODIFICA;NO;0,5;Aliquota unica;;;;;;;;;;;;;;;;;;;;;;;1;0
F963;NOVENTA DI PIAVE;VE;41;27/11/2025;07/01/2026;CONFERMA;SI;0;Esenzione per redditi imponibili fino a euro 12.000,00;,8;Aliquota unica;;;;;;;;;;;;;;;;;;;;;2;12000
F962;NOVENTA PADOVANA;PD;48;29/12/2025;10/02/2026;CONFERMA;SI;0;Esenzione per redditi imponibili fino a euro 16.000,00;,69;Applicabile a scaglione di reddito fino a euro 28.000,00;,79;Applicabile a scaglione di reddito da euro 28.000,01 fino a euro 50.000,00;,8;Applicabile a scaglione di reddito oltre euro 50.000,00;;;;;;;;;;;;;;;;;4;16000
F964;NOVENTA VICENTINA;VI;;;;;NO;0*;;;;;;;;;;;;;;;;;;;;;;;;;0
F966;NOVI DI MODENA;MO;;;;;NO;0*;;;;;;;;;;;;;;;;;;;;;;;;;0
F965;NOVI LIGURE;AL;;;;;NO;0*;;;;;;;;;;;;;;;;;;;;;;;;;0
F967;NOVI VELIA;SA;;;;;NO;0*;;;;;;;;;;;;;;;;;;;;;;;;;0
F968;NOVIGLIO;MI;;;;;NO;0*;;;;;;;;;;;;;;;;;;;;;;;;;0
F970;NOVOLI;LE;41;30/12/2025;02/02/2026;CONFERMA;SI;0,78;Applicabile a scaglione di reddito fino a euro 28.000,00;,79;Applicabile a scaglione di reddito da euro 28.000,01 fino a euro 50.000,00;,8;Applicabile a scaglione di reddito oltre euro 50.000,00;;;;;;;;;;;;;;;;;;;3;0
F972;NUCETTO;CN;2;21/02/2026;05/06/2026;CONFERMA;NO;0,8;Aliquota unica;;;;;;;;;;;;;;;;;;;;;;;1;0
F975;NUGHEDU SAN NICOLO';SS;;;;;NO;0*;;;;;;;;;;;;;;;;;;;;;;;;;0
F974;NUGHEDU SANTA VITTORIA;OR;;;;;NO;0*;;;;;;;;;;;;;;;;;;;;;;;;;0
F976;NULE;SS;;;;;NO;0*;;;;;;;;;;;;;;;;;;;;;;;;;0
F977;NULVI;SS;;;;;NO;0*;;;;;;;;;;;;;;;;;;;;;;;;;0
F978;NUMANA;AN;52;19/12/2025;25/05/2026;CONFERMA;NO;0,7;Aliquota unica;;;;;;;;;;;;;;;;;;;;;;;1;0
F979;NUORO;NU;;;;;NO;0*;;;;;;;;;;;;;;;;;;;;;;;;;0
F980;NURACHI;OR;;;;;NO;0*;;;;;;;;;;;;;;;;;;;;;;;;;0
F981;NURAGUS;SU;;;;;NO;0*;;;;;;;;;;;;;;;;;;;;;;;;;0
F982;NURALLAO;SU;24;26/11/2025;27/01/2026;CONFERMA;NO;0,5;Aliquota unica;;;;;;;;;;;;;;;;;;;;;;;1;0
F983;NURAMINIS;SU;4;03/02/2026;11/02/2026;CONFERMA;NO;0,6;Aliquota unica;;;;;;;;;;;;;;;;;;;;;;;1;0
F985;NURECI;OR;;;;;NO;0*;;;;;;;;;;;;;;;;;;;;;;;;;0
F986;NURRI;SU;;;;;NO;0*;;;;;;;;;;;;;;;;;;;;;;;;;0
F987;NUS;AO;;;;;NO;0*;;;;;;;;;;;;;;;;;;;;;;;;;0
F988;NUSCO;AV;;;;;NO;0*;;;;;;;;;;;;;;;;;;;;;;;;;0
F989;NUVOLENTO;BS;36;30/12/2025;02/02/2026;CONFERMA;SI;0;Esenzione per redditi imponibili fino a euro 10.000,00;,8;Aliquota unica;;;;;;;;;;;;;;;;;;;;;2;10000
F990;NUVOLERA;BS;40;30/12/2025;02/02/2026;CONFERMA;SI;0;Esenzione per redditi imponibili fino a euro 10.000,00;,8;Aliquota unica;;;;;;;;;;;;;;;;;;;;;2;10000
F991;NUXIS;SU;;;;;NO;0*;;;;;;;;;;;;;;;;;;;;;;;;;0
F992;OCCHIEPPO INFERIORE;BI;;;;;NO;0*;;;;;;;;;;;;;;;;;;;;;;;;;0
F993;OCCHIEPPO SUPERIORE;BI;;;;;NO;0*;;;;;;;;;;;;;;;;;;;;;;;;;0
F994;OCCHIOBELLO;RO;3;19/02/2026;31/03/2026;CONFERMA;SI;0,78;Applicabile a scaglione di reddito fino a euro 28.000,00;,79;Applicabile a scaglione di reddito da euro 28.000,01 fino a euro 50.000,00;,8;Applicabile a scaglione di reddito oltre euro 50.000,00;;;;;;;;;;;;;;;;;;;3;0
F995;OCCIMIANO;AL;;;;;NO;0*;;;;;;;;;;;;;;;;;;;;;;;;;0
F996;OCRE;AQ;20;29/12/2025;04/02/2026;CONFERMA;NO;0,4;Aliquota unica;;;;;;;;;;;;;;;;;;;;;;;1;0
F997;ODALENGO GRANDE;AL;;;;;NO;0*;;;;;;;;;;;;;;;;;;;;;;;;;0
F998;ODALENGO PICCOLO;AL;7;29/12/2025;24/02/2026;CONFERMA;NO;0,6;Aliquota unica;;;;;;;;;;;;;;;;;;;;;;;1;0
F999;ODERZO;TV;;;;;NO;0*;;;;;;;;;;;;;;;;;;;;;;;;;0
G001;ODOLO;BS;;;;;NO;0*;;;;;;;;;;;;;;;;;;;;;;;;;0
G002;OFENA;AQ;;;;;NO;0*;;;;;;;;;;;;;;;;;;;;;;;;;0
G003;OFFAGNA;AN;47;22/12/2025;04/08/2026;CONFERMA;NO;0,8;Aliquota unica;;;;;;;;;;;;;;;;;;;;;;;1;0
G004;OFFANENGO;CR;6;19/01/2026;01/06/2026;CONFERMA;SI;0;Esenzione per redditi imponibili fino a euro 12.000,00;,8;Aliquota unica;;;;;;;;;;;;;;;;;;;;;2;12000
G005;OFFIDA;AP;50;18/12/2025;31/07/2026;CONFERMA;SI;0;Esenzione per redditi imponibili fino a euro 9.000,00;,78;Aliquota unica;;;;;;;;;;;;;;;;;;;;;2;9000
G006;OFFLAGA;BS;28;16/12/2025;09/01/2026;MODIFICA;SI;0;Esenzione per redditi imponibili fino a euro 12.000,00;,6;Aliquota unica;;;;;;;;;;;;;;;;;;;;;2;12000
G007;OGGEBBIO;VB;;;;;NO;0*;;;;;;;;;;;;;;;;;;;;;;;;;0
G008;OGGIONA CON SANTO STEFANO;VA;29;17/12/2025;30/01/2026;CONFERMA;NO;0,6;Aliquota unica;;;;;;;;;;;;;;;;;;;;;;;1;0
G009;OGGIONO;LC;;;;;NO;0*;;;;;;;;;;;;;;;;;;;;;;;;;0
G010;OGLIANICO;TO;33;26/11/2025;15/01/2026;DELIBERA ADOTTATA EX ART. 1, COMMA 751, L. 207/2024;SI;0,2;Applicabile a scaglione di reddito fino a euro 15.000,00;,3;Applicabile a scaglione di reddito da euro 15.000,01 fino a euro 28.000,00;,55;Applicabile a scaglione di reddito da euro 28.000,01 fino a euro 50.000,00;,75;Applicabile a SCAGLIONE DI REDDITO OLTRE EURO 50.000,00;;;;;;;;;;;;;;;;;0;0
G011;OGLIASTRO CILENTO;SA;18;09/12/2025;30/12/2025;CONFERMA;NO;0,7;Aliquota unica;;;;;;;;;;;;;;;;;;;;;;;1;0
G015;OLBIA;SS;;;;;NO;0*;;;;;;;;;;;;;;;;;;;;;;;;;0
G016;OLCENENGO;VC;12;17/12/2025;24/08/2026;CONFERMA;SI;0;Esenzione per redditi imponibili fino a euro 10.000,00;,8;Aliquota unica;;;;;;;;;;;;;;;;;;;;;2;10000
G018;OLDENICO;VC;;;;;NO;0*;;;;;;;;;;;;;;;;;;;;;;;;;0
G019;OLEGGIO;NO;;;;;NO;0*;;;;;;;;;;;;;;;;;;;;;;;;;0
G020;OLEGGIO CASTELLO;NO;63;05/12/2025;04/03/2026;CONFERMA;SI;0;Esenzione per redditi imponibili fino a euro 18.200,00;,5;Aliquota unica;;;;;;;;;;;;;;;;;;;;;2;18200
G021;OLEVANO DI LOMELLINA;PV;15;23/12/2025;05/01/2026;CONFERMA;SI;0;Esenzione per redditi imponibili fino a euro 8.000,00;,6;Aliquota unica;;;;;;;;;;;;;;;;;;;;;2;8000
G022;OLEVANO ROMANO;RM;2;25/02/2026;09/03/2026;CONFERMA;SI;0;Esenzione per redditi imponibili fino a euro 11.999,99;,8;Aliquota unica;;;;;;;;;;;;;;;;;;;;;2;11999,99
G023;OLEVANO SUL TUSCIANO;SA;;;;;NO;0*;;;;;;;;;;;;;;;;;;;;;;;;;0
G025;OLGIATE COMASCO;CO;;;;;NO;0*;;;;;;;;;;;;;;;;;;;;;;;;;0
G026;OLGIATE MOLGORA;LC;2;24/02/2026;13/05/2026;CONFERMA;NO;0,8;Aliquota unica;;;;;;;;;;;;;;;;;;;;;;;1;0
G028;OLGIATE OLONA;VA;40;18/12/2025;13/02/2026;MODIFICA;SI;0;Esenzione per redditi imponibili fino a euro 16.000,00;,8;Aliquota unica;;;;;;;;;;;;;;;;;;;;;2;16000
G030;OLGINATE;LC;47;20/12/2025;19/01/2026;CONFERMA;SI;0,6;Applicabile a scaglione di reddito fino a euro 28.000,00;,62;Applicabile a scaglione di reddito da euro 28.000,01 fino a euro 50.000,00;,71;Applicabile a scaglione di reddito oltre euro 50.000,00;;;;;;;;;;;;;;;;;;;3;0
G031;OLIENA;NU;;;;;NO;0*;;;;;;;;;;;;;;;;;;;;;;;;;0
G032;OLIVA GESSI;PV;28;17/12/2025;10/02/2026;DELIBERA ADOTTATA EX ART. 1, COMMA 751, L. 207/2024;SI;0,55;Applicabile a scaglione di reddito fino a euro 15.000,00;,6;Applicabile a scaglione di reddito da euro 15.000,01 fino a euro 28.000,00;,65;Applicabile a scaglione di reddito da euro 28.000,01 fino a euro 50.000,00;,75;Applicabile a scaglione di reddito oltre euro 50.000,00;0;Esenzione per redditi imponibili fino a euro 8.000,00;;;;;;;;;;;;;;;0;0
G034;OLIVADI;CZ;4;16/02/2026;20/02/2026;ISTITUISCE;NO;0,6;Aliquota unica;;;;;;;;;;;;;;;;;;;;;;;1;0
G036;OLIVERI;ME;;;;;NO;0*;;;;;;;;;;;;;;;;;;;;;;;;;0
G039;OLIVETO CITRA;SA;;;;;NO;0*;;;;;;;;;;;;;;;;;;;;;;;;;0
G040;OLIVETO LARIO;LC;;;;;NO;0*;;;;;;;;;;;;;;;;;;;;;;;;;0
G037;OLIVETO LUCANO;MT;;;;;NO;0*;;;;;;;;;;;;;;;;;;;;;;;;;0
G041;OLIVETTA SAN MICHELE;IM;28;17/12/2025;19/01/2026;CONFERMA;SI;0;Esenzione per redditi imponibili fino a euro 10.000,00;,8;Aliquota unica;;;;;;;;;;;;;;;;;;;;;2;10000
G042;OLIVOLA;AL;24;18/12/2025;22/06/2026;CONFERMA;NO;0,8;Aliquota unica;;;;;;;;;;;;;;;;;;;;;;;1;0
G043;OLLASTRA;OR;23;27/11/2025;03/03/2026;CONFERMA;NO;0,2;Aliquota unica;;;;;;;;;;;;;;;;;;;;;;;1;0
G044;OLLOLAI;NU;;;;;NO;0*;;;;;;;;;;;;;;;;;;;;;;;;;0
G045;OLLOMONT;AO;;;;;NO;0*;;;;;;;;;;;;;;;;;;;;;;;;;0
G046;OLMEDO;SS;33;23/12/2025;30/01/2026;CONFERMA;SI;0;Esenzione per redditi imponibili fino a euro 15.000,00;,65;Applicabile a scaglione di reddito fino a euro 28.000,00;,7;Applicabile a scaglione di reddito da euro 28.000,01 fino a euro 50.000,00;,8;Applicabile a scaglione di reddito oltre euro 50.000,00;;;;;;;;;;;;;;;;;4;15000
G047;OLMENETA;CR;22;23/12/2025;26/01/2026;MODIFICA;SI;0;Esenzione per redditi imponibili fino a euro 10.000,00;,6;Aliquota unica;;;;;;;;;;;;;;;;;;;;;2;10000
G049;OLMO AL BREMBO;BG;;;;;NO;0*;;;;;;;;;;;;;;;;;;;;;;;;;0
G048;OLMO GENTILE;AT;;;;;NO;0*;;;;;;;;;;;;;;;;;;;;;;;;;0
G050;OLTRE IL COLLE;BG;;;;;NO;0*;;;;;;;;;;;;;;;;;;;;;;;;;0
G054;OLTRESSENDA ALTA;BG;29;27/11/2025;19/01/2026;CONFERMA;NO;0,4;Aliquota unica;;;;;;;;;;;;;;;;;;;;;;;1;0
G056;OLTRONA DI SAN MAMETTE;CO;;;;;NO;0*;;;;;;;;;;;;;;;;;;;;;;;;;0
G058;OLZAI;NU;;;;;NO;0*;;;;;;;;;;;;;;;;;;;;;;;;;0
G061;OME;BS;;;;;NO;0*;;;;;;;;;;;;;;;;;;;;;;;;;0
G062;OMEGNA;VB;83;30/12/2025;05/05/2026;CONFERMA;SI;0;Esenzione per redditi imponibili fino a euro 10.000,00;,8;Aliquota unica;;;;;;;;;;;;;;;;;;;;;2;10000
G063;OMIGNANO;SA;49;31/12/2025;25/03/2026;CONFERMA;NO;0,75;Aliquota unica;;;;;;;;;;;;;;;;;;;;;;;1;0
G064;ONANI;NU;;;;;NO;0*;;;;;;;;;;;;;;;;;;;;;;;;;0
G065;ONANO;VT;32;23/12/2025;15/01/2026;CONFERMA;NO;0,6;Aliquota unica;;;;;;;;;;;;;;;;;;;;;;;1;0
G066;ONCINO;CN;45;19/12/2025;13/01/2026;CONFERMA;NO;0,2;Aliquota unica;;;;;;;;;;;;;;;;;;;;;;;1;0
G068;ONETA;BG;31;19/12/2025;19/01/2026;CONFERMA;NO;0,6;Aliquota unica;;;;;;;;;;;;;;;;;;;;;;;1;0
G070;ONIFAI;NU;;;;;NO;0*;;;;;;;;;;;;;;;;;;;;;;;;;0
G071;ONIFERI;NU;;;;;NO;0*;;;;;;;;;;;;;;;;;;;;;;;;;0
G074;ONO SAN PIETRO;BS;;;;;NO;0*;;;;;;;;;;;;;;;;;;;;;;;;;0
G075;ONORE;BG;28;23/12/2025;19/02/2026;MODIFICA;NO;0,8;Aliquota unica;;;;;;;;;;;;;;;;;;;;;;;1;0
G076;ONZO;SV;47;22/12/2025;07/01/2026;CONFERMA;NO;0,8;Aliquota unica;;;;;;;;;;;;;;;;;;;;;;;1;0
G078;OPERA;MI;;;;;NO;0*;;;;;;;;;;;;;;;;;;;;;;;;;0
G079;OPI;AQ;;;;;NO;0*;;;;;;;;;;;;;;;;;;;;;;;;;0
G080;OPPEANO;VR;53;22/12/2025;20/03/2026;CONFERMA;NO;0,7;Aliquota unica;;;;;;;;;;;;;;;;;;;;;;;1;0
G081;OPPIDO LUCANO;PZ;39;20/12/2025;27/02/2026;CONFERMA;SI;0;Esenzione per redditi imponibili fino a euro 10.000,00;,5;Aliquota unica;;;;;;;;;;;;;;;;;;;;;2;10000
G082;OPPIDO MAMERTINA;RC;;;;;NO;0*;;;;;;;;;;;;;;;;;;;;;;;;;0
G083;ORA;BZ;;;;;NO;0*;;;;;;;;;;;;;;;;;;;;;;;;;0
G084;ORANI;NU;23;29/12/2025;04/02/2026;CONFERMA;NO;0,5;Aliquota unica;;;;;;;;;;;;;;;;;;;;;;;1;0
G086;ORATINO;CB;;;;;NO;0*;;;;;;;;;;;;;;;;;;;;;;;;;0
G087;ORBASSANO;TO;65;18/12/2025;19/02/2026;CONFERMA;SI;0;Esenzione per redditi imponibili fino a euro 7.500,00;,5;Aliquota unica;;;;;;;;;;;;;;;;;;;;;2;7500
G088;ORBETELLO;GR;90;30/12/2025;06/03/2026;CONFERMA;SI;0;Esenzione per redditi imponibili fino a euro 10.000,00;,6;Applicabile a scaglione di reddito fino a euro 28.000,00;,65;Applicabile a scaglione di reddito da euro 28.000,01 fino a euro 50.000,00;,8;Applicabile a scaglione di reddito oltre euro 50.000,00;;;;;;;;;;;;;;;;;4;10000
G090;ORCIANO PISANO;PI;;;;;NO;0*;;;;;;;;;;;;;;;;;;;;;;;;;0
D522;ORCO FEGLINO;SV;;;;;NO;0*;;;;;;;;;;;;;;;;;;;;;;;;;0
M266;ORDONA;FG;;;;;NO;0*;;;;;;;;;;;;;;;;;;;;;;;;;0
G093;ORERO;GE;39;29/12/2025;05/05/2026;CONFERMA;NO;0,5;Aliquota unica;;;;;;;;;;;;;;;;;;;;;;;1;0
G095;ORGIANO;VI;41;17/12/2025;07/01/2026;CONFERMA;SI;0;Esenzione per redditi imponibili fino a euro 7.500,00;,65;Aliquota unica;;;;;;;;;;;;;;;;;;;;;2;7500
G097;ORGOSOLO;NU;;;;;NO;0*;;;;;;;;;;;;;;;;;;;;;;;;;0
G098;ORIA;BR;;;;;NO;0*;;;;;;;;;;;;;;;;;;;;;;;;;0
G102;ORICOLA;AQ;;;;;NO;0*;;;;;;;;;;;;;;;;;;;;;;;;;0
G103;ORIGGIO;VA;32;29/12/2025;23/04/2026;CONFERMA;SI;0;Esenzione per redditi imponibili fino a euro 15.000,00;,7;Applicabile a scaglione di reddito fino a euro 28.000,00;,7;Applicabile a scaglione di reddito da euro 28.000,01 fino a euro 50.000,00;,8;Applicabile a scaglione di reddito oltre euro 50.000,00;;;;;;;;;;;;;;;;;4;15000
G105;ORINO;VA;34;29/11/2025;17/02/2026;MODIFICA;SI;0;Esenzione per redditi imponibili fino a euro 10.000,00;,7;Aliquota unica;;;;;;;;;;;;;;;;;;;;;2;10000
G108;ORIO AL SERIO;BG;47;15/12/2025;19/01/2026;NON APPLICA;NO;0;Aliquota unica;;;;;;;;;;;;;;;;;;;;;;;1;0
G109;ORIO CANAVESE;TO;28;19/12/2025;03/02/2026;CONFERMA;NO;0,8;Aliquota unica;;;;;;;;;;;;;;;;;;;;;;;1;0
G107;ORIO LITTA;LO;36;23/12/2025;24/03/2026;CONFERMA;SI;0;Esenzione per redditi imponibili fino a euro 10.000,00;,8;Aliquota unica;;;;;;;;;;;;;;;;;;;;;2;10000
G110;ORIOLO;CS;;;;;NO;0*;;;;;;;;;;;;;;;;;;;;;;;;;0
G111;ORIOLO ROMANO;VT;46;29/12/2025;26/01/2026;CONFERMA;SI;0,78;Applicabile a scaglione di reddito fino a euro 28.000,00;,78;Applicabile a scaglione di reddito da euro 28.000,01 fino a euro 50.000,00;,8;Applicabile a scaglione di reddito oltre euro 50.000,00;;;;;;;;;;;;;;;;;;;3;0
G113;ORISTANO;OR;;;;;NO;0*;;;;;;;;;;;;;;;;;;;;;;;;;0
G114;ORMEA;CN;46;22/12/2025;03/02/2026;CONFERMA;NO;0,8;Aliquota unica;;;;;;;;;;;;;;;;;;;;;;;1;0
G115;ORMELLE;TV;;;;;NO;0*;;;;;;;;;;;;;;;;;;;;;;;;;0
G116;ORNAGO;MB;50;19/11/2025;17/06/2026;DELIBERA ADOTTATA EX ART. 1, COMMA 751, L. 207/2024;SI;0,45;Applicabile a scaglione di reddito fino a euro 15.000,00;,6;Applicabile a scaglione di reddito da euro 15.000,01 fino a euro 28.000,00;,7;Applicabile a scaglione di reddito da euro 28.000,01 fino a euro 50.000,00;,8;Applicabile a scaglione di reddito oltre euro 50.000,00;0;Esenzione per 10.000,00;;;;;;;;;;;;;;;0;0
G117;ORNAVASSO;VB;;;;;NO;0*;;;;;;;;;;;;;;;;;;;;;;;;;0
G118;ORNICA;BG;1;16/01/2026;03/06/2026;CONFERMA;NO;0,45;Aliquota unica;;;;;;;;;;;;;;;;;;;;;;;1;0
G119;OROSEI;NU;13;13/03/2026;05/06/2026;CONFERMA;NO;0,4;Aliquota unica;;;;;;;;;;;;;;;;;;;;;;;1;0
G120;OROTELLI;NU;;;;;NO;0*;;;;;;;;;;;;;;;;;;;;;;;;;0
G121;ORRIA;SA;;;;;NO;0*;;;;;;;;;;;;;;;;;;;;;;;;;0
G122;ORROLI;SU;;;;;NO;0*;;;;;;;;;;;;;;;;;;;;;;;;;0
G123;ORSAGO;TV;;;;;NO;0*;;;;;;;;;;;;;;;;;;;;;;;;;0
G124;ORSARA BORMIDA;AL;;;;;NO;0*;;;;;;;;;;;;;;;;;;;;;;;;;0
G125;ORSARA DI PUGLIA;FG;;;;;NO;0*;;;;;;;;;;;;;;;;;;;;;;;;;0
G126;ORSENIGO;CO;29;23/12/2025;13/01/2026;MODIFICA;SI;0;Esenzione per redditi imponibili fino a euro 12.500,00;,5;Aliquota unica;;;;;;;;;;;;;;;;;;;;;2;12500
G128;ORSOGNA;CH;;;;;NO;0*;;;;;;;;;;;;;;;;;;;;;;;;;0
G129;ORSOMARSO;CS;;;;;NO;0*;;;;;;;;;;;;;;;;;;;;;;;;;0
G130;ORTA DI ATELLA;CE;;;;;NO;0*;;;;;;;;;;;;;;;;;;;;;;;;;0
G131;ORTA NOVA;FG;28;29/12/2025;12/08/2026;CONFERMA;NO;0,8;Aliquota unica;;;;;;;;;;;;;;;;;;;;;;;1;0
G134;ORTA SAN GIULIO;NO;;;;;NO;0*;;;;;;;;;;;;;;;;;;;;;;;;;0
G133;ORTACESUS;SU;;;;;NO;0*;;;;;;;;;;;;;;;;;;;;;;;;;0
G135;ORTE;VT;;;;;NO;0*;;;;;;;;;;;;;;;;;;;;;;;;;0
G136;ORTELLE;LE;2;16/03/2026;25/03/2026;CONFERMA;NO;0,8;Aliquota unica;;;;;;;;;;;;;;;;;;;;;;;1;0
G137;ORTEZZANO;FM;;;;;NO;0*;;;;;;;;;;;;;;;;;;;;;;;;;0
G139;ORTIGNANO RAGGIOLO;AR;37;23/12/2025;26/01/2026;CONFERMA;NO;0,6;Aliquota unica;;;;;;;;;;;;;;;;;;;;;;;1;0
G140;ORTISEI;BZ;;;;;NO;0*;;;;;;;;;;;;;;;;;;;;;;;;;0
G141;ORTONA;CH;;;;;NO;0*;;;;;;;;;;;;;;;;;;;;;;;;;0
G142;ORTONA DEI MARSI;AQ;;;;;NO;0*;;;;;;;;;;;;;;;;;;;;;;;;;0
G144;ORTOVERO;SV;26;28/10/2025;09/02/2026;CONFERMA;NO;0,8;Aliquota unica;;;;;;;;;;;;;;;;;;;;;;;1;0
G145;ORTUCCHIO;AQ;;;;;NO;0*;;;;;;;;;;;;;;;;;;;;;;;;;0
G146;ORTUERI;NU;30;22/12/2025;09/07/2026;CONFERMA;NO;0,4;Aliquota unica;;;;;;;;;;;;;;;;;;;;;;;1;0
G147;ORUNE;NU;;;;;NO;0*;;;;;;;;;;;;;;;;;;;;;;;;;0
G148;ORVIETO;TR;109;30/12/2025;16/02/2026;CONFERMA;NO;0,8;Aliquota unica;;;;;;;;;;;;;;;;;;;;;;;1;0
B595;ORVINIO;RI;;;;;NO;0*;;;;;;;;;;;;;;;;;;;;;;;;;0
G149;ORZINUOVI;BS;;;;;NO;0*;;;;;;;;;;;;;;;;;;;;;;;;;0
G150;ORZIVECCHI;BS;37;23/12/2025;02/03/2026;CONFERMA;NO;0,75;Aliquota unica;;;;;;;;;;;;;;;;;;;;;;;1;0
G151;OSASCO;TO;;;;;NO;0*;;;;;;;;;;;;;;;;;;;;;;;;;0
G152;OSASIO;TO;23;17/12/2025;18/05/2026;CONFERMA;NO;0,7;Aliquota unica;;;;;;;;;;;;;;;;;;;;;;;1;0
G153;OSCHIRI;SS;;;;;NO;0*;;;;;;;;;;;;;;;;;;;;;;;;;0
G154;OSIDDA;NU;;;;;NO;0*;;;;;;;;;;;;;;;;;;;;;;;;;0
G155;OSIGLIA;SV;;;;;NO;0*;;;;;;;;;;;;;;;;;;;;;;;;;0
G156;OSILO;SS;;;;;NO;0*;;;;;;;;;;;;;;;;;;;;;;;;;0
G157;OSIMO;AN;76;29/12/2025;21/01/2026;CONFERMA;SI;0;Esenzione per redditi imponibili fino a euro 15.000,00;,8;Aliquota unica;;;;;;;;;;;;;;;;;;;;;2;15000
G158;OSINI;NU;;;;;NO;0*;;;;;;;;;;;;;;;;;;;;;;;;;0
G159;OSIO SOPRA;BG;;;;;NO;0*;;;;;;;;;;;;;;;;;;;;;;;;;0
G160;OSIO SOTTO;BG;;;;;NO;0*;;;;;;;;;;;;;;;;;;;;;;;;;0
G161;OSNAGO;LC;;;;;NO;0*;;;;;;;;;;;;;;;;;;;;;;;;;0
G163;OSOPPO;UD;6;25/02/2026;03/03/2026;DELIBERA ADOTTATA EX ART. 1, COMMA 751, L. 207/2024;SI;0,3;Applicabile a scaglione di reddito fino a euro 15.000,00;,4;Applicabile a scaglione di reddito da euro 15.000,01 fino a euro 28.000,00;,5;Applicabile a scaglione di reddito da euro 28.000,01 fino a euro 50.000,00;,65;Applicabile a scaglione di reddito oltre euro 50.000,00;;;;;;;;;;;;;;;;;0;0
G164;OSPEDALETTI;IM;;;;;NO;0*;;;;;;;;;;;;;;;;;;;;;;;;;0
G168;OSPEDALETTO;TN;;;;;NO;0*;;;;;;;;;;;;;;;;;;;;;;;;;0
G165;OSPEDALETTO D'ALPINOLO;AV;;;;;NO;0*;;;;;;;;;;;;;;;;;;;;;;;;;0
G167;OSPEDALETTO EUGANEO;PD;36;30/12/2025;27/02/2026;CONFERMA;NO;0,8;Aliquota unica;;;;;;;;;;;;;;;;;;;;;;;1;0
G166;OSPEDALETTO LODIGIANO;LO;33;16/12/2025;18/02/2026;DELIBERA ADOTTATA EX ART. 1, COMMA 751, L. 207/2024;SI;0,4;Applicabile a scaglione di reddito fino a euro 15.000,00;,7;Applicabile a scaglione di reddito da euro 15.000,01 fino a euro 28.000,00;,8;Applicabile a scaglione di reddito da euro 28.000,01 fino a euro 50.000,00;,8;Applicabile a scaglione di reddito oltre euro 50.000,00;0;Esenzione per redditi imponibili fino a euro 15.000,00;;;;;;;;;;;;;;;0;0
G169;OSPITALE DI CADORE;BL;26;30/12/2025;06/02/2026;CONFERMA;NO;0,2;Aliquota unica;;;;;;;;;;;;;;;;;;;;;;;1;0
G170;OSPITALETTO;BS;44;30/12/2025;18/02/2026;MODIFICA;SI;0;Esenzione per redditi imponibili fino a euro 20.000,00;,69;Aliquota unica;;;;;;;;;;;;;;;;;;;;;2;20000
G171;OSSAGO LODIGIANO;LO;62;19/12/2025;19/05/2026;CONFERMA;SI;0;Esenzione per redditi imponibili fino a euro 15.000,00;,68;Aliquota unica;;;;;;;;;;;;;;;;;;;;;2;15000
G173;OSSANA;TN;;;;;NO;0*;;;;;;;;;;;;;;;;;;;;;;;;;0
G178;OSSI;SS;;;;;NO;0*;;;;;;;;;;;;;;;;;;;;;;;;;0
G179;OSSIMO;BS;;;;;NO;0*;;;;;;;;;;;;;;;;;;;;;;;;;0
G181;OSSONA;MI;;;;;NO;0*;;;;;;;;;;;;;;;;;;;;;;;;;0
G183;OSTANA;CN;;;;;NO;0*;;;;;;;;;;;;;;;;;;;;;;;;;0
G184;OSTELLATO;FE;;;;;NO;0*;;;;;;;;;;;;;;;;;;;;;;;;;0
G185;OSTIANO;CR;37;17/12/2025;13/02/2026;MODIFICA;SI;0;Esenzione per redditi imponibili fino a euro 7.999,99;,7;Aliquota unica;;;;;;;;;;;;;;;;;;;;;2;7999,99
G186;OSTIGLIA;MN;58;13/11/2025;23/01/2026;MODIFICA;SI;0;Esenzione per redditi imponibili fino a euro 10.000,00;,8;Aliquota unica;;;;;;;;;;;;;;;;;;;;;2;10000
F401;OSTRA;AN;;;;;NO;0*;;;;;;;;;;;;;;;;;;;;;;;;;0
F581;OSTRA VETERE;AN;39;22/12/2025;04/08/2026;CONFERMA;SI;0;Esenzione per redditi imponibili fino a euro 10.000,00;,8;Aliquota unica;;;;;;;;;;;;;;;;;;;;;2;10000
G187;OSTUNI;BR;;;;;NO;0*;;;;;;;;;;;;;;;;;;;;;;;;;0
G188;OTRANTO;LE;;;;;NO;0*;;;;;;;;;;;;;;;;;;;;;;;;;0
G189;OTRICOLI;TR;30;29/12/2025;08/01/2026;CONFERMA;NO;0,8;Aliquota unica;;;;;;;;;;;;;;;;;;;;;;;1;0
G191;OTTANA;NU;;;;;NO;0*;;;;;;;;;;;;;;;;;;;;;;;;;0
G192;OTTATI;SA;;;;;NO;0*;;;;;;;;;;;;;;;;;;;;;;;;;0
G190;OTTAVIANO;NA;;;;;NO;0*;;;;;;;;;;;;;;;;;;;;;;;;;0
G193;OTTIGLIO;AL;;;;;NO;0*;;;;;;;;;;;;;;;;;;;;;;;;;0
G194;OTTOBIANO;PV;11;22/12/2025;09/01/2026;CONFERMA;NO;0,5;Aliquota unica;;;;;;;;;;;;;;;;;;;;;;;1;0
G195;OTTONE;PC;;;;;NO;0*;;;;;;;;;;;;;;;;;;;;;;;;;0
G196;OULX;TO;34;27/11/2025;07/01/2026;CONFERMA;SI;0;Esenzione per redditi imponibili fino a euro 10.000,00;,65;Aliquota unica;;;;;;;;;;;;;;;;;;;;;2;10000
G197;OVADA;AL;;;;;NO;0*;;;;;;;;;;;;;;;;;;;;;;;;;0
G198;OVARO;UD;49;11/12/2025;16/06/2026;DELIBERA ADOTTATA EX ART. 1, COMMA 751, L. 207/2024;SI;0,35;Applicabile a scaglione di reddito fino a euro 15.000,00;,4;Applicabile a scaglione di reddito da euro 15.000,01 fino a euro 28.000,00;,45;Applicabile a scaglione di reddito da euro 28.000,01 fino a euro 50.000,00;,8;Applicabile a scaglione di reddito OLTRE euro 50.000,00;0;Esenzione per redditi imponibili fino a euro 10.000,00;;;;;;;;;;;;;;;0;0
G199;OVIGLIO;AL;;;;;NO;0*;;;;;;;;;;;;;;;;;;;;;;;;;0
G200;OVINDOLI;AQ;;;;;NO;0*;;;;;;;;;;;;;;;;;;;;;;;;;0
G201;OVODDA;NU;;;;;NO;0*;;;;;;;;;;;;;;;;;;;;;;;;;0
G012;OYACE;AO;;;;;NO;0*;;;;;;;;;;;;;;;;;;;;;;;;;0
G202;OZEGNA;TO;4;28/02/2026;04/03/2026;MODIFICA;SI;0;Esenzione per redditi imponibili fino a euro 8.000,00;,55;Applicabile a scaglione di reddito fino a euro 28.000,00;,7;Applicabile a scaglione di reddito da euro 28.000,01 fino a euro 50.000,00;,8;Applicabile a scaglione di reddito oltre euro 50.000,00;;;;;;;;;;;;;;;;;4;8000
G203;OZIERI;SS;;;;;NO;0*;;;;;;;;;;;;;;;;;;;;;;;;;0
G205;OZZANO DELL'EMILIA;BO;115;27/11/2025;16/03/2026;CONFERMA;SI;0;Esenzione per redditi imponibili fino a euro 10.000,00;,8;Aliquota unica;;;;;;;;;;;;;;;;;;;;;2;10000
G204;OZZANO MONFERRATO;AL;;;;;NO;0*;;;;;;;;;;;;;;;;;;;;;;;;;0
G206;OZZERO;MI;41;23/12/2025;20/01/2026;CONFERMA;SI;0;Esenzione per redditi imponibili fino a euro 7.500,00;,7;Aliquota unica;;;;;;;;;;;;;;;;;;;;;2;7500
G207;PABILLONIS;SU;;;;;NO;0*;;;;;;;;;;;;;;;;;;;;;;;;;0
G209;PACE DEL MELA;ME;;;;;NO;0*;;;;;;;;;;;;;;;;;;;;;;;;;0
G208;PACECO;TP;;;;;NO;0*;;;;;;;;;;;;;;;;;;;;;;;;;0
G210;PACENTRO;AQ;55;30/12/2025;07/01/2026;CONFERMA;NO;0,8;Aliquota unica;;;;;;;;;;;;;;;;;;;;;;;1;0
G211;PACHINO;SR;;;;;NO;0*;;;;;;;;;;;;;;;;;;;;;;;;;0
G212;PACIANO;PG;38;30/12/2025;21/01/2026;CONFERMA;SI;0;Esenzione per redditi imponibili fino a euro 10.500,00;,8;Aliquota unica;;;;;;;;;;;;;;;;;;;;;2;10500
G213;PADENGHE SUL GARDA;BS;;;;;NO;0*;;;;;;;;;;;;;;;;;;;;;;;;;0
G215;PADERNA;AL;;;;;NO;0*;;;;;;;;;;;;;;;;;;;;;;;;;0
G218;PADERNO D'ADDA;LC;39;16/12/2025;15/01/2026;CONFERMA;SI;0;Esenzione per redditi imponibili fino a euro 15.000,00;,65;Applicabile a scaglione di reddito fino a euro 28.000,00;,75;Applicabile a scaglione di reddito da euro 28.000,01 fino a euro 50.000,00;,8;Applicabile a scaglione di reddito oltre euro 50.000,00;;;;;;;;;;;;;;;;;4;15000
G220;PADERNO DUGNANO;MI;64;18/12/2025;22/01/2026;CONFERMA;SI;0;Esenzione per redditi imponibili fino a euro 10.000,00;,8;Aliquota unica;;;;;;;;;;;;;;;;;;;;;2;10000
G217;PADERNO FRANCIACORTA;BS;;;;;NO;0*;;;;;;;;;;;;;;;;;;;;;;;;;0
G222;PADERNO PONCHIELLI;CR;;;;;NO;0*;;;;;;;;;;;;;;;;;;;;;;;;;0
G224;PADOVA;PD;91;20/10/2025;02/02/2026;MODIFICA;SI;0;Esenzione per redditi imponibili fino a euro 15.000,00;,78;Applicabile a scaglione di reddito fino a euro 28.000,00;,79;Applicabile a scaglione di reddito da euro 28.000,01 fino a euro 50.000,00;,8;Applicabile a scaglione di reddito oltre euro 50.000,00;;;;;;;;;;;;;;;;;4;15000
G225;PADRIA;SS;;;;;NO;0*;;;;;;;;;;;;;;;;;;;;;;;;;0
M301;PADRU;SS;;;;;NO;0*;;;;;;;;;;;;;;;;;;;;;;;;;0
G226;PADULA;SA;;;;;NO;0*;;;;;;;;;;;;;;;;;;;;;;;;;0
G227;PADULI;BN;;;;;NO;0*;;;;;;;;;;;;;;;;;;;;;;;;;0
G228;PAESANA;CN;43;23/12/2025;15/01/2026;CONFERMA;NO;0,6;Aliquota unica;;;;;;;;;;;;;;;;;;;;;;;1;0
G229;PAESE;TV;57;22/12/2025;02/04/2026;CONFERMA;SI;0;Esenzione per redditi imponibili fino a euro 10.000,00;,5;Aliquota unica;;;;;;;;;;;;;;;;;;;;;2;10000
G230;PAGANI;SA;53;29/12/2025;23/01/2026;CONFERMA;NO;0,8;Aliquota unica;;;;;;;;;;;;;;;;;;;;;;;1;0
G232;PAGANICO SABINO;RI;;;;;NO;0*;;;;;;;;;;;;;;;;;;;;;;;;;0
G233;PAGAZZANO;BG;2;10/02/2026;18/02/2026;CONFERMA;NO;0,8;Aliquota unica;;;;;;;;;;;;;;;;;;;;;;;1;0
G234;PAGLIARA;ME;;;;;NO;0*;;;;;;;;;;;;;;;;;;;;;;;;;0
G237;PAGLIETA;CH;;;;;NO;0*;;;;;;;;;;;;;;;;;;;;;;;;;0
G238;PAGNACCO;UD;;;;;NO;0*;;;;;;;;;;;;;;;;;;;;;;;;;0
G240;PAGNO;CN;;;;;NO;0*;;;;;;;;;;;;;;;;;;;;;;;;;0
G241;PAGNONA;LC;;;;;NO;0*;;;;;;;;;;;;;;;;;;;;;;;;;0
G242;PAGO DEL VALLO DI LAURO;AV;9;11/03/2026;14/08/2026;ATTO OLTRE TERMINE - ALIQUOTE APPLICABILI PER IL 2026 IN QUANTO CONFERMATE;NO;0,8;Aliquota unica;;;;;;;;;;;;;;;;;;;;;;;1;0
G243;PAGO VEIANO;BN;;;;;NO;0*;;;;;;;;;;;;;;;;;;;;;;;;;0
G247;PAISCO LOVENO;BS;5;26/02/2026;04/03/2026;CONFERMA;NO;0,2;Aliquota unica;;;;;;;;;;;;;;;;;;;;;;;1;0
G248;PAITONE;BS;39;29/12/2025;05/02/2026;MODIFICA;SI;0;Esenzione per redditi imponibili fino a euro 15.000,00;,8;Aliquota unica;;;;;;;;;;;;;;;;;;;;;2;15000
G249;PALADINA;BG;35;18/12/2025;25/08/2026;CONFERMA;SI;0;Esenzione per redditi imponibili fino a euro 15.000,00;,8;Aliquota unica;;;;;;;;;;;;;;;;;;;;;2;15000
G250;PALAGANO;MO;;;;;NO;0*;;;;;;;;;;;;;;;;;;;;;;;;;0
G251;PALAGIANELLO;TA;;;;;NO;0*;;;;;;;;;;;;;;;;;;;;;;;;;0
G252;PALAGIANO;TA;;;;;NO;0*;;;;;;;;;;;;;;;;;;;;;;;;;0
G253;PALAGONIA;CT;;;;;NO;0*;;;;;;;;;;;;;;;;;;;;;;;;;0
G254;PALAIA;PI;;;;;NO;0*;;;;;;;;;;;;;;;;;;;;;;;;;0
G255;PALANZANO;PR;;;;;NO;0*;;;;;;;;;;;;;;;;;;;;;;;;;0
G257;PALATA;CB;;;;;NO;0*;;;;;;;;;;;;;;;;;;;;;;;;;0
G258;PALAU;SS;;;;;NO;0*;;;;;;;;;;;;;;;;;;;;;;;;;0
G259;PALAZZAGO;BG;;;;;NO;0*;;;;;;;;;;;;;;;;;;;;;;;;;0
G263;PALAZZO ADRIANO;PA;;;;;NO;0*;;;;;;;;;;;;;;;;;;;;;;;;;0
G262;PALAZZO CANAVESE;TO;;;;;NO;0*;;;;;;;;;;;;;;;;;;;;;;;;;0
G260;PALAZZO PIGNANO;CR;58;20/12/2025;03/08/2026;CONFERMA;SI;0;Esenzione per redditi imponibili fino a euro 10.000,00;,8;Aliquota unica;;;;;;;;;;;;;;;;;;;;;2;10000
G261;PALAZZO SAN GERVASIO;PZ;;;;;NO;0*;;;;;;;;;;;;;;;;;;;;;;;;;0
G267;PALAZZOLO ACREIDE;SR;;;;;NO;0*;;;;;;;;;;;;;;;;;;;;;;;;;0
G268;PALAZZOLO DELLO STELLA;UD;;;;;NO;0*;;;;;;;;;;;;;;;;;;;;;;;;;0
G264;PALAZZOLO SULL'OGLIO;BS;67;18/12/2025;03/02/2026;CONFERMA;SI;0;Esenzione per redditi imponibili fino a euro 12.000,00;,8;Aliquota unica;;;;;;;;;;;;;;;;;;;;;2;12000
G266;PALAZZOLO VERCELLESE;VC;26;22/12/2025;08/01/2026;CONFERMA;NO;0,6;Aliquota unica;;;;;;;;;;;;;;;;;;;;;;;1;0
G270;PALAZZUOLO SUL SENIO;FI;47;22/12/2025;06/07/2026;CONFERMA;NO;0,8;Aliquota unica;;;;;;;;;;;;;;;;;;;;;;;1;0
G271;PALENA;CH;;;;;NO;0*;;;;;;;;;;;;;;;;;;;;;;;;;0
G272;PALERMITI;CZ;;;;;NO;0*;;;;;;;;;;;;;;;;;;;;;;;;;0
G273;PALERMO;PA;137;15/04/2026;22/07/2026;MODIFICA;NO;1,03;Aliquota unica;;;;;;;;;;;;;;;;;;;;;;;1;0
G274;PALESTRINA;RM;56;29/12/2025;17/02/2026;CONFERMA;NO;0,8;Aliquota unica;;;;;;;;;;;;;;;;;;;;;;;1;0
G275;PALESTRO;PV;30;29/12/2025;20/08/2026;CONFERMA;NO;0,5;Aliquota unica;;;;;;;;;;;;;;;;;;;;;;;1;0
G276;PALIANO;FR;41;30/12/2025;29/01/2026;CONFERMA;SI;0;Esenzione per redditi imponibili fino a euro 12.000,00;,8;Aliquota unica;;;;;;;;;;;;;;;;;;;;;2;12000
G277;PALIZZI;RC;;;;;NO;0*;;;;;;;;;;;;;;;;;;;;;;;;;0
G278;PALLAGORIO;KR;;;;;NO;0*;;;;;;;;;;;;;;;;;;;;;;;;;0
G280;PALLANZENO;VB;15;19/12/2025;07/01/2026;CONFERMA;SI;0;Esenzione per redditi imponibili fino a euro 10.000,00;,3;Aliquota unica;;;;;;;;;;;;;;;;;;;;;2;10000
G281;PALLARE;SV;;;;;NO;0*;;;;;;;;;;;;;;;;;;;;;;;;;0
G283;PALMA CAMPANIA;NA;;;;;NO;0*;;;;;;;;;;;;;;;;;;;;;;;;;0
G282;PALMA DI MONTECHIARO;AG;;;;;NO;0*;;;;;;;;;;;;;;;;;;;;;;;;;0
G284;PALMANOVA;UD;;;;;NO;0*;;;;;;;;;;;;;;;;;;;;;;;;;0
G285;PALMARIGGI;LE;;;;;NO;0*;;;;;;;;;;;;;;;;;;;;;;;;;0
G286;PALMAS ARBOREA;OR;;;;;NO;0*;;;;;;;;;;;;;;;;;;;;;;;;;0
G288;PALMI;RC;107;29/12/2025;01/06/2026;CONFERMA;SI;0;Esenzione per redditi imponibili fino a euro 8.500,00;,71;Applicabile a scaglione di reddito fino a euro 28.000,00;,74;Applicabile a scaglione di reddito da euro 28.000,01 fino a euro 50.000,00;,8;Applicabile a scaglione di reddito oltre euro 50.000,00;;;;;;;;;;;;;;;;;4;8500
G289;PALMIANO;AP;3;24/02/2026;27/05/2026;CONFERMA;NO;0,8;Aliquota unica;;;;;;;;;;;;;;;;;;;;;;;1;0
G290;PALMOLI;CH;;;;;NO;0*;;;;;;;;;;;;;;;;;;;;;;;;;0
G291;PALO DEL COLLE;BA;46;19/12/2025;19/01/2026;CONFERMA;SI;0;Esenzione per redditi imponibili fino a euro 12.000,00;,8;Aliquota unica;;;;;;;;;;;;;;;;;;;;;2;12000
G293;PALOMBARA SABINA;RM;;;;;NO;0*;;;;;;;;;;;;;;;;;;;;;;;;;0
G294;PALOMBARO;CH;;;;;NO;0*;;;;;;;;;;;;;;;;;;;;;;;;;0
G292;PALOMONTE;SA;;;;;NO;0*;;;;;;;;;;;;;;;;;;;;;;;;;0
G295;PALOSCO;BG;4;20/03/2026;10/04/2026;CONFERMA;SI;0;Esenzione per redditi imponibili fino a euro 10.000,00;,6;Aliquota unica;;;;;;;;;;;;;;;;;;;;;2;10000
G297;PALU';VR;26;28/11/2025;07/04/2026;MODIFICA;NO;0,55;Aliquota unica;;;;;;;;;;;;;;;;;;;;;;;1;0
G296;PALU' DEL FERSINA;TN;;;;;NO;0*;;;;;;;;;;;;;;;;;;;;;;;;;0
G298;PALUDI;CS;;;;;NO;0*;;;;;;;;;;;;;;;;;;;;;;;;;0
G300;PALUZZA;UD;76;23/12/2025;20/03/2026;CONFERMA;SI;0;Esenzione per redditi imponibili fino a euro 12.000,00;,5;Aliquota unica;;;;;;;;;;;;;;;;;;;;;2;12000
G302;PAMPARATO;CN;;;;;NO;0*;;;;;;;;;;;;;;;;;;;;;;;;;0
G303;PANCALIERI;TO;49;22/12/2025;16/01/2026;CONFERMA;SI;0;Esenzione per redditi imponibili fino a euro 10.000,00;,8;Aliquota unica;;;;;;;;;;;;;;;;;;;;;2;10000
G304;PANCARANA;PV;;;;;NO;0*;;;;;;;;;;;;;;;;;;;;;;;;;0
G305;PANCHIA';TN;;;;;NO;0*;;;;;;;;;;;;;;;;;;;;;;;;;0
G306;PANDINO;CR;46;29/12/2025;22/01/2026;CONFERMA;SI;0;Esenzione per redditi imponibili fino a euro 12.000,00;,8;Aliquota unica;;;;;;;;;;;;;;;;;;;;;2;12000
G307;PANETTIERI;CS;;;;;NO;0*;;;;;;;;;;;;;;;;;;;;;;;;;0
G308;PANICALE;PG;37;22/12/2025;13/01/2026;MODIFICA;SI;0;Esenzione per redditi imponibili fino a euro 12.000,00;,8;Aliquota unica;;;;;;;;;;;;;;;;;;;;;2;12000
G311;PANNARANO;BN;;;;;NO;0*;;;;;;;;;;;;;;;;;;;;;;;;;0
G312;PANNI;FG;28;29/12/2025;11/03/2026;CONFERMA;NO;0,8;Aliquota unica;;;;;;;;;;;;;;;;;;;;;;;1;0
G315;PANTELLERIA;TP;;;;;NO;0*;;;;;;;;;;;;;;;;;;;;;;;;;0
G316;PANTIGLIATE;MI;;;;;NO;0*;;;;;;;;;;;;;;;;;;;;;;;;;0
G317;PAOLA;CS;;;;;NO;0*;;;;;;;;;;;;;;;;;;;;;;;;;0
G318;PAOLISI;BN;;;;;NO;0*;;;;;;;;;;;;;;;;;;;;;;;;;0
G320;PAPASIDERO;CS;;;;;NO;0*;;;;;;;;;;;;;;;;;;;;;;;;;0
G323;PAPOZZE;RO;22;23/12/2025;21/01/2026;CONFERMA;NO;0,8;Aliquota unica;;;;;;;;;;;;;;;;;;;;;;;1;0
G324;PARABIAGO;MI;57;18/12/2025;16/03/2026;CONFERMA;NO;0,8;Aliquota unica;;;;;;;;;;;;;;;;;;;;;;;1;0
G325;PARABITA;LE;;;;;NO;0*;;;;;;;;;;;;;;;;;;;;;;;;;0
G327;PARATICO;BS;32;19/12/2025;26/05/2026;CONFERMA;SI;0;Esenzione per redditi imponibili fino a euro 16.000,00;,8;Aliquota unica;;;;;;;;;;;;;;;;;;;;;2;16000
G328;PARCINES;BZ;;;;;NO;0*;;;;;;;;;;;;;;;;;;;;;;;;;0
G330;PARELLA;TO;32;12/12/2025;19/01/2026;CONFERMA;NO;0,7;Aliquota unica;;;;;;;;;;;;;;;;;;;;;;;1;0
G331;PARENTI;CS;;;;;NO;0*;;;;;;;;;;;;;;;;;;;;;;;;;0
G333;PARETE;CE;;;;;NO;0*;;;;;;;;;;;;;;;;;;;;;;;;;0
G334;PARETO;AL;;;;;NO;0*;;;;;;;;;;;;;;;;;;;;;;;;;0
G335;PARGHELIA;VV;2;30/03/2026;06/05/2026;CONFERMA;SI;0;Esenzione per redditi imponibili fino a euro 7.500,00;,8;Aliquota unica;;;;;;;;;;;;;;;;;;;;;2;7500
G336;PARLASCO;LC;19;26/07/2025;12/01/2026;MODIFICA;NO;0,5;Aliquota unica;;;;;;;;;;;;;;;;;;;;;;;1;0
G337;PARMA;PR;;;;;NO;0*;;;;;;;;;;;;;;;;;;;;;;;;;0
G338;PARODI LIGURE;AL;27;27/12/2025;22/04/2026;CONFERMA;NO;0,8;Aliquota unica;;;;;;;;;;;;;;;;;;;;;;;1;0
G339;PAROLDO;CN;26;22/12/2025;07/01/2026;MODIFICA;SI;0;Esenzione per redditi imponibili fino a euro 10.000,00;,8;Aliquota unica;;;;;;;;;;;;;;;;;;;;;2;10000
G340;PAROLISE;AV;20;29/12/2025;17/02/2026;CONFERMA;NO;0,2;Aliquota unica;;;;;;;;;;;;;;;;;;;;;;;1;0
G342;PARONA;PV;;;;;NO;0*;;;;;;;;;;;;;;;;;;;;;;;;;0
G344;PARRANO;TR;;;;;NO;0*;;;;;;;;;;;;;;;;;;;;;;;;;0
G346;PARRE;BG;47;20/12/2025;20/01/2026;CONFERMA;SI;0;Esenzione per redditi imponibili fino a euro 8.000,00;,5;Aliquota unica;;;;;;;;;;;;;;;;;;;;;2;8000
G347;PARTANNA;TP;;;;;NO;0*;;;;;;;;;;;;;;;;;;;;;;;;;0
G348;PARTINICO;PA;;;;;NO;0*;;;;;;;;;;;;;;;;;;;;;;;;;0
G349;PARUZZARO;NO;;;;;NO;0*;;;;;;;;;;;;;;;;;;;;;;;;;0
G350;PARZANICA;BG;;;;;NO;0*;;;;;;;;;;;;;;;;;;;;;;;;;0
G352;PASIAN DI PRATO;UD;170;27/10/2025;07/01/2026;CONFERMA;NO;0,8;Aliquota unica;;;;;;;;;;;;;;;;;;;;;;;1;0
G353;PASIANO DI PORDENONE;PN;;;;;NO;0*;;;;;;;;;;;;;;;;;;;;;;;;;0
G354;PASPARDO;BS;;;;;NO;0*;;;;;;;;;;;;;;;;;;;;;;;;;0
G358;PASSERANO MARMORITO;AT;;;;;NO;0*;;;;;;;;;;;;;;;;;;;;;;;;;0
G359;PASSIGNANO SUL TRASIMENO;PG;52;23/12/2025;17/08/2026;CONFERMA;SI;0;Esenzione per redditi imponibili fino a euro 12.000,00;,8;Aliquota unica;;;;;;;;;;;;;;;;;;;;;2;12000
G361;PASSIRANO;BS;47;18/12/2025;14/01/2026;CONFERMA;SI;0;Esenzione per redditi imponibili fino a euro 15.000,00;,5;Applicabile a scaglione di reddito fino a euro 28.000,00;,78;Applicabile a scaglione di reddito da euro 28.000,01 fino a euro 50.000,00;,8;Applicabile a scaglione di reddito oltre euro 50.000,00;;;;;;;;;;;;;;;;;4;15000
G362;PASTENA;FR;;;;;NO;0*;;;;;;;;;;;;;;;;;;;;;;;;;0
G364;PASTORANO;CE;;;;;NO;0*;;;;;;;;;;;;;;;;;;;;;;;;;0
G365;PASTRENGO;VR;38;22/12/2025;20/05/2026;CONFERMA;SI;0;Esenzione per redditi imponibili fino a euro 8.000,00;,8;Aliquota unica;;;;;;;;;;;;;;;;;;;;;2;8000
G367;PASTURANA;AL;14;22/12/2025;14/01/2026;CONFERMA;SI;0;Esenzione per redditi imponibili fino a euro 15.000,00;,48;Applicabile a scaglione di reddito fino a euro 28.000,00;,7;Applicabile a scaglione di reddito da euro 28.000,01 fino a euro 50.000,00;,8;Applicabile a scaglione di reddito oltre euro 50.000,00;;;;;;;;;;;;;;;;;4;15000
G368;PASTURO;LC;43;23/12/2025;15/05/2026;DELIBERA ADOTTATA EX ART. 1, COMMA 751, L. 207/2024;SI;0,3;Applicabile a SCAGLIONE DI REDDITO fino a  euro 15.000,00 ;,5;Applicabile a  SCAGLIONE DI REDDITO Da euro 15.000,01 a euro 28.000,00 ;,7;Applicabile a  SCAGLIONE DI REDDITO Da euro 28.000,01 a euro 50.000,00 ;,8;Applicabile a  SCAGLIONE DI REDDITO oltre euro 50.000,00 ;0;Esenzione per redditi imponibili fino a euro 10.000,00;;;;;;;;;;;;;;;0;0
M269;PATERNO;PZ;;;;;NO;0*;;;;;;;;;;;;;;;;;;;;;;;;;0
G371;PATERNO';CT;;;;;NO;0*;;;;;;;;;;;;;;;;;;;;;;;;;0
G372;PATERNO CALABRO;CS;2;18/02/2026;01/04/2026;MODIFICA;NO;0,8;Aliquota unica;;;;;;;;;;;;;;;;;;;;;;;1;0
G370;PATERNOPOLI;AV;;;;;NO;0*;;;;;;;;;;;;;;;;;;;;;;;;;0
G374;PATRICA;FR;29;11/12/2025;10/06/2026;CONFERMA;NO;0,8;Aliquota unica;;;;;;;;;;;;;;;;;;;;;;;1;0
G376;PATTADA;SS;;;;;NO;0*;;;;;;;;;;;;;;;;;;;;;;;;;0
G377;PATTI;ME;;;;;NO;0*;;;;;;;;;;;;;;;;;;;;;;;;;0
G378;PATU';LE;;;;;NO;0*;;;;;;;;;;;;;;;;;;;;;;;;;0
G379;PAU;OR;;;;;NO;0*;;;;;;;;;;;;;;;;;;;;;;;;;0
G381;PAULARO;UD;;;;;NO;0*;;;;;;;;;;;;;;;;;;;;;;;;;0
G382;PAULI ARBAREI;SU;;;;;NO;0*;;;;;;;;;;;;;;;;;;;;;;;;;0
G384;PAULILATINO;OR;;;;;NO;0*;;;;;;;;;;;;;;;;;;;;;;;;;0
G385;PAULLO;MI;;;;;NO;0*;;;;;;;;;;;;;;;;;;;;;;;;;0
G386;PAUPISI;BN;;;;;NO;0*;;;;;;;;;;;;;;;;;;;;;;;;;0
G387;PAVAROLO;TO;;;;;NO;0*;;;;;;;;;;;;;;;;;;;;;;;;;0
G388;PAVIA;PV;;;;;NO;0*;;;;;;;;;;;;;;;;;;;;;;;;;0
G389;PAVIA DI UDINE;UD;71;23/12/2025;07/01/2026;CONFERMA;SI;0;Esenzione per redditi imponibili fino a euro 10.000,00;,3;Aliquota unica;;;;;;;;;;;;;;;;;;;;;2;10000
G392;PAVONE CANAVESE;TO;39;18/12/2025;27/01/2026;DELIBERA ADOTTATA EX ART. 1, COMMA 751, L. 207/2024;SI;0,7;Applicabile a scaglione di reddito a euro 15.000,00;,74;Applicabile a scaglione di reddito da euro 15.000,01 fino a euro 28.000,00;,79;Applicabile a scaglione di reddito da euro 28.000,01 fino a euro 50.000,00;,8;Applicabile a scaglione di reddito OLTRE euro 50.000,01;;;;;;;;;;;;;;;;;0;0
G391;PAVONE DEL MELLA;BS;36;24/12/2025;12/08/2026;CONFERMA;SI;0;Esenzione per redditi imponibili fino a euro 15.000,00;,5;Applicabile a scaglione di reddito fino a euro 28.000,00;,7;Applicabile a scaglione di reddito da euro 28.000,01 fino a euro 50.000,00;,8;Applicabile a scaglione di reddito oltre euro 50.000,00;;;;;;;;;;;;;;;;;4;15000
G393;PAVULLO NEL FRIGNANO;MO;;;;;NO;0*;;;;;;;;;;;;;;;;;;;;;;;;;0
G394;PAZZANO;RC;;;;;NO;0*;;;;;;;;;;;;;;;;;;;;;;;;;0
G395;PECCIOLI;PI;;;;;NO;0*;;;;;;;;;;;;;;;;;;;;;;;;;0
G397;PECETTO DI VALENZA;AL;26;18/12/2025;08/01/2026;CONFERMA;NO;0,8;Aliquota unica;;;;;;;;;;;;;;;;;;;;;;;1;0
G398;PECETTO TORINESE;TO;34;23/12/2025;03/02/2026;CONFERMA;SI;0;Esenzione per redditi imponibili fino a euro 12.000,00;,6;Applicabile a scaglione di reddito fino a euro 28.000,00;,78;Applicabile a scaglione di reddito da euro 28.000,01 fino a euro 50.000,00;,8;Applicabile a scaglione di reddito oltre euro 50.000,00;;;;;;;;;;;;;;;;;4;12000
G402;PEDARA;CT;50;22/12/2025;09/01/2026;CONFERMA;NO;0,8;Aliquota unica;;;;;;;;;;;;;;;;;;;;;;;1;0
G403;PEDASO;FM;3;27/02/2026;25/03/2026;CONFERMA;SI;0;Esenzione per redditi imponibili fino a euro 7.500,00;,8;Aliquota unica;;;;;;;;;;;;;;;;;;;;;2;7500
G404;PEDAVENA;BL;;;;;NO;0*;;;;;;;;;;;;;;;;;;;;;;;;;0
G406;PEDEMONTE;VI;;;;;NO;0*;;;;;;;;;;;;;;;;;;;;;;;;;0
G408;PEDEROBBA;TV;;;;;NO;0*;;;;;;;;;;;;;;;;;;;;;;;;;0
G410;PEDESINA;SO;;;;;NO;0*;;;;;;;;;;;;;;;;;;;;;;;;;0
G411;PEDIVIGLIANO;CS;;;;;NO;0*;;;;;;;;;;;;;;;;;;;;;;;;;0
G412;PEDRENGO;BG;37;17/12/2025;02/03/2026;CONFERMA;SI;0,65;Applicabile a scaglione di reddito fino a euro 28.000,00;,7;Applicabile a scaglione di reddito da euro 28.000,01 fino a euro 50.000,00;,75;Applicabile a scaglione di reddito oltre euro 50.000,00;;;;;;;;;;;;;;;;;;;3;0
G415;PEGLIO;CO;21;23/12/2025;20/01/2026;CONFERMA;NO;0,2;Aliquota unica;;;;;;;;;;;;;;;;;;;;;;;1;0
G416;PEGLIO;PU;32;29/12/2025;22/01/2026;CONFERMA;NO;0,8;Aliquota unica;;;;;;;;;;;;;;;;;;;;;;;1;0
G417;PEGOGNAGA;MN;60;29/12/2025;28/01/2026;CONFERMA;SI;0;Esenzione per redditi imponibili fino a euro 15.000,00;,8;Aliquota unica;;;;;;;;;;;;;;;;;;;;;2;15000
G418;PEIA;BG;37;18/12/2025;12/01/2026;CONFERMA;NO;0,7;Aliquota unica;;;;;;;;;;;;;;;;;;;;;;;1;0
G419;PEIO;TN;;;;;NO;0*;;;;;;;;;;;;;;;;;;;;;;;;;0
G420;PELAGO;FI;;;;;NO;0*;;;;;;;;;;;;;;;;;;;;;;;;;0
G421;PELLA;NO;;;;;NO;0*;;;;;;;;;;;;;;;;;;;;;;;;;0
G424;PELLEGRINO PARMENSE;PR;;;;;NO;0*;;;;;;;;;;;;;;;;;;;;;;;;;0
G426;PELLEZZANO;SA;;;;;NO;0*;;;;;;;;;;;;;;;;;;;;;;;;;0
G428;PELLIZZANO;TN;;;;;NO;0*;;;;;;;;;;;;;;;;;;;;;;;;;0
G429;PELUGO;TN;;;;;NO;0*;;;;;;;;;;;;;;;;;;;;;;;;;0
G430;PENANGO;AT;10;29/12/2025;24/02/2026;MODIFICA;SI;0;Esenzione per redditi imponibili fino a euro 15.000,00;,5;Aliquota unica;;;;;;;;;;;;;;;;;;;;;2;15000
G432;PENNA IN TEVERINA;TR;;;;;NO;0*;;;;;;;;;;;;;;;;;;;;;;;;;0
G436;PENNA SAN GIOVANNI;MC;36;23/12/2025;06/02/2026;CONFERMA;NO;0,8;Aliquota unica;;;;;;;;;;;;;;;;;;;;;;;1;0
G437;PENNA SANT'ANDREA;TE;;;;;NO;0*;;;;;;;;;;;;;;;;;;;;;;;;;0
G433;PENNABILLI;RN;;;;;NO;0*;;;;;;;;;;;;;;;;;;;;;;;;;0
G434;PENNADOMO;CH;;;;;NO;0*;;;;;;;;;;;;;;;;;;;;;;;;;0
G435;PENNAPIEDIMONTE;CH;17;18/12/2025;24/07/2026;CONFERMA;NO;0,6;Aliquota unica;;;;;;;;;;;;;;;;;;;;;;;1;0
G438;PENNE;PE;55;23/12/2025;04/02/2026;CONFERMA;SI;0;Esenzione per redditi imponibili fino a euro 11.000,00;,8;Aliquota unica;;;;;;;;;;;;;;;;;;;;;2;11000
G439;PENTONE;CZ;;;;;NO;0*;;;;;;;;;;;;;;;;;;;;;;;;;0
G441;PERANO;CH;28;28/11/2025;14/01/2026;CONFERMA;NO;0,8;Aliquota unica;;;;;;;;;;;;;;;;;;;;;;;1;0
G442;PERAROLO DI CADORE;BL;26;30/12/2025;02/02/2026;CONFERMA;NO;0,3;Aliquota unica;;;;;;;;;;;;;;;;;;;;;;;1;0
G443;PERCA;BZ;;;;;NO;0*;;;;;;;;;;;;;;;;;;;;;;;;;0
G444;PERCILE;RM;;;;;NO;0*;;;;;;;;;;;;;;;;;;;;;;;;;0
G445;PERDASDEFOGU;NU;;;;;NO;0*;;;;;;;;;;;;;;;;;;;;;;;;;0
G446;PERDAXIUS;SU;;;;;NO;0*;;;;;;;;;;;;;;;;;;;;;;;;;0
G447;PERDIFUMO;SA;;;;;NO;0*;;;;;;;;;;;;;;;;;;;;;;;;;0
G449;PERETO;AQ;;;;;NO;0*;;;;;;;;;;;;;;;;;;;;;;;;;0
G450;PERFUGAS;SS;;;;;NO;0*;;;;;;;;;;;;;;;;;;;;;;;;;0
G452;PERGINE VALSUGANA;TN;;;;;NO;0*;;;;;;;;;;;;;;;;;;;;;;;;;0
G453;PERGOLA;PU;;;;;NO;0*;;;;;;;;;;;;;;;;;;;;;;;;;0
G454;PERINALDO;IM;3;18/02/2026;20/03/2026;CONFERMA;NO;0,8;Aliquota unica;;;;;;;;;;;;;;;;;;;;;;;1;0
G455;PERITO;SA;;;;;NO;0*;;;;;;;;;;;;;;;;;;;;;;;;;0
G456;PERLEDO;LC;42;23/12/2025;16/01/2026;NON APPLICA;NO;0;Aliquota unica;;;;;;;;;;;;;;;;;;;;;;;1;0
G457;PERLETTO;CN;;;;;NO;0*;;;;;;;;;;;;;;;;;;;;;;;;;0
G458;PERLO;CN;;;;;NO;0*;;;;;;;;;;;;;;;;;;;;;;;;;0
G459;PERLOZ;AO;;;;;NO;0*;;;;;;;;;;;;;;;;;;;;;;;;;0
G461;PERNUMIA;PD;;;;;NO;0*;;;;;;;;;;;;;;;;;;;;;;;;;0
C013;PERO;MI;;;;;NO;0*;;;;;;;;;;;;;;;;;;;;;;;;;0
G463;PEROSA ARGENTINA;TO;40;17/12/2025;21/01/2026;CONFERMA;NO;0,7;Aliquota unica;;;;;;;;;;;;;;;;;;;;;;;1;0
G462;PEROSA CANAVESE;TO;;;;;NO;0*;;;;;;;;;;;;;;;;;;;;;;;;;0
G465;PERRERO;TO;;;;;NO;0*;;;;;;;;;;;;;;;;;;;;;;;;;0
G469;PERSICO DOSIMO;CR;;;;;NO;0*;;;;;;;;;;;;;;;;;;;;;;;;;0
G471;PERTENGO;VC;;;;;NO;0*;;;;;;;;;;;;;;;;;;;;;;;;;0
G474;PERTICA ALTA;BS;45;23/12/2025;09/01/2026;CONFERMA;NO;0,5;Aliquota unica;;;;;;;;;;;;;;;;;;;;;;;1;0
G475;PERTICA BASSA;BS;42;22/12/2025;09/01/2026;CONFERMA;NO;0,8;Aliquota unica;;;;;;;;;;;;;;;;;;;;;;;1;0
G476;PERTOSA;SA;5;17/03/2026;19/03/2026;COMUNE CON DELIBERA DI PREDISSESTO ;NO;0,8;Aliquota unica;;;;;;;;;;;;;;;;;;;;;;;1;0
G477;PERTUSIO;TO;33;16/12/2025;27/01/2026;DELIBERA ADOTTATA EX ART. 1, COMMA 751, L. 207/2024;SI;0,4;Applicabile a scaglione di reddito fino a euro 15.000,00;,5;Applicabile a scaglione di reddito da euro 15.000,01 fino a euro 28.000,00;,7;Applicabile a scaglione di reddito da euro 28.000,01 fino a euro 50.000,00;,8;Applicabile a scaglione di reddito oltre euro 50.000,00;;;;;;;;;;;;;;;;;0;0
G478;PERUGIA;PG;;;;;NO;0*;;;;;;;;;;;;;;;;;;;;;;;;;0
G479;PESARO;PU;;;;;NO;0*;;;;;;;;;;;;;;;;;;;;;;;;;0
G480;PESCAGLIA;LU;;;;;NO;0*;;;;;;;;;;;;;;;;;;;;;;;;;0
G481;PESCANTINA;VR;70;29/12/2025;10/06/2026;CONFERMA;SI;0;Esenzione per redditi imponibili fino a euro 8.000,00;,8;Aliquota unica;;;;;;;;;;;;;;;;;;;;;2;8000
G482;PESCARA;PE;;;;;NO;0*;;;;;;;;;;;;;;;;;;;;;;;;;0
G483;PESCAROLO ED UNITI;CR;23;22/12/2025;29/01/2026;CONFERMA;NO;0,8;Aliquota unica;;;;;;;;;;;;;;;;;;;;;;;1;0
G484;PESCASSEROLI;AQ;;;;;NO;0*;;;;;;;;;;;;;;;;;;;;;;;;;0
G485;PESCATE;LC;38;22/12/2025;22/01/2026;CONFERMA;SI;0;Esenzione per redditi imponibili fino a euro 10.000,00;,8;Aliquota unica;;;;;;;;;;;;;;;;;;;;;2;10000
G486;PESCHE;IS;;;;;NO;0*;;;;;;;;;;;;;;;;;;;;;;;;;0
G487;PESCHICI;FG;36;25/11/2025;01/04/2026;CONFERMA;NO;0,8;Aliquota unica;;;;;;;;;;;;;;;;;;;;;;;1;0
G488;PESCHIERA BORROMEO;MI;;;;;NO;0*;;;;;;;;;;;;;;;;;;;;;;;;;0
G489;PESCHIERA DEL GARDA;VR;;;;;NO;0*;;;;;;;;;;;;;;;;;;;;;;;;;0
G491;PESCIA;PT;;;;;NO;0*;;;;;;;;;;;;;;;;;;;;;;;;;0
G492;PESCINA;AQ;;;;;NO;0*;;;;;;;;;;;;;;;;;;;;;;;;;0
G494;PESCO SANNITA;BN;;;;;NO;0*;;;;;;;;;;;;;;;;;;;;;;;;;0
G493;PESCOCOSTANZO;AQ;;;;;NO;0*;;;;;;;;;;;;;;;;;;;;;;;;;0
G495;PESCOLANCIANO;IS;;;;;NO;0*;;;;;;;;;;;;;;;;;;;;;;;;;0
G496;PESCOPAGANO;PZ;;;;;NO;0*;;;;;;;;;;;;;;;;;;;;;;;;;0
G497;PESCOPENNATARO;IS;;;;;NO;0*;;;;;;;;;;;;;;;;;;;;;;;;;0
G498;PESCOROCCHIANO;RI;;;;;NO;0*;;;;;;;;;;;;;;;;;;;;;;;;;0
G499;PESCOSANSONESCO;PE;;;;;NO;0*;;;;;;;;;;;;;;;;;;;;;;;;;0
G500;PESCOSOLIDO;FR;;;;;NO;0*;;;;;;;;;;;;;;;;;;;;;;;;;0
G502;PESSANO CON BORNAGO;MI;61;10/12/2025;06/07/2026;CONFERMA;NO;0,7;Aliquota unica;;;;;;;;;;;;;;;;;;;;;;;1;0
G504;PESSINA CREMONESE;CR;;;;;NO;0*;;;;;;;;;;;;;;;;;;;;;;;;;0
G505;PESSINETTO;TO;25;15/12/2025;26/01/2026;CONFERMA;NO;0,6;Aliquota unica;;;;;;;;;;;;;;;;;;;;;;;1;0
G506;PETACCIATO;CB;;;;;NO;0*;;;;;;;;;;;;;;;;;;;;;;;;;0
G508;PETILIA POLICASTRO;KR;;;;;NO;0*;;;;;;;;;;;;;;;;;;;;;;;;;0
G509;PETINA;SA;;;;;NO;0*;;;;;;;;;;;;;;;;;;;;;;;;;0
G510;PETRALIA SOPRANA;PA;;;;;NO;0*;;;;;;;;;;;;;;;;;;;;;;;;;0
G511;PETRALIA SOTTANA;PA;;;;;NO;0*;;;;;;;;;;;;;;;;;;;;;;;;;0
G513;PETRELLA SALTO;RI;;;;;NO;0*;;;;;;;;;;;;;;;;;;;;;;;;;0
G512;PETRELLA TIFERNINA;CB;29;18/12/2025;14/01/2026;CONFERMA;NO;0,5;Aliquota unica;;;;;;;;;;;;;;;;;;;;;;;1;0
G514;PETRIANO;PU;;;;;NO;0*;;;;;;;;;;;;;;;;;;;;;;;;;0
G515;PETRIOLO;MC;;;;;NO;0*;;;;;;;;;;;;;;;;;;;;;;;;;0
G516;PETRITOLI;FM;;;;;NO;0*;;;;;;;;;;;;;;;;;;;;;;;;;0
G517;PETRIZZI;CZ;17;03/12/2025;06/03/2026;CONFERMA;NO;0,4;Aliquota unica;;;;;;;;;;;;;;;;;;;;;;;1;0
G518;PETRONA';CZ;35;28/11/2025;11/08/2026;CONFERMA;SI;0;Esenzione per redditi imponibili fino a euro 6.000,00;,8;Aliquota unica;;;;;;;;;;;;;;;;;;;;;2;6000
M281;PETROSINO;TP;;;;;NO;0*;;;;;;;;;;;;;;;;;;;;;;;;;0
G519;PETRURO IRPINO;AV;3;20/03/2026;08/06/2026;MODIFICA;NO;0,5;Aliquota unica;;;;;;;;;;;;;;;;;;;;;;;1;0
G520;PETTENASCO;NO;35;23/12/2025;05/08/2026;DELIBERA ADOTTATA EX ART. 1, COMMA 751, L. 207/2024;SI;0,45;Applicabile a scaglione di reddito fino a euro 15.000,00;,55;Applicabile a scaglione di reddito da euro 15.000,01 fino a euro 28.000,00;,6;Applicabile a scaglione di reddito da euro 28.000,01 fino a euro 50.000,00;,8;Applicabile a scaglione di reddito oltre euro 50.000,00;0;Esenzione per redditi imponibili fino a euro 15.000,00;;;;;;;;;;;;;;;0;0
G521;PETTINENGO;BI;;;;;NO;0*;;;;;;;;;;;;;;;;;;;;;;;;;0
G522;PETTINEO;ME;;;;;NO;0*;;;;;;;;;;;;;;;;;;;;;;;;;0
G523;PETTORANELLO DEL MOLISE;IS;;;;;NO;0*;;;;;;;;;;;;;;;;;;;;;;;;;0
G524;PETTORANO SUL GIZIO;AQ;;;;;NO;0*;;;;;;;;;;;;;;;;;;;;;;;;;0
G525;PETTORAZZA GRIMANI;RO;;;;;NO;0*;;;;;;;;;;;;;;;;;;;;;;;;;0
G526;PEVERAGNO;CN;42;29/12/2025;27/01/2026;CONFERMA;SI;0,74;Applicabile a scaglione di reddito fino a euro 28.000,00;,76;Applicabile a scaglione di reddito da euro 28.000,01 fino a euro 50.000,00;,8;Applicabile a scaglione di reddito oltre euro 50.000,00;;;;;;;;;;;;;;;;;;;3;0
G528;PEZZANA;VC;;;;;NO;0*;;;;;;;;;;;;;;;;;;;;;;;;;0
G529;PEZZAZE;BS;43;29/12/2025;13/01/2026;MODIFICA;SI;0;Esenzione per redditi imponibili fino a euro 8.000,00;,7;Aliquota unica;;;;;;;;;;;;;;;;;;;;;2;8000
G532;PEZZOLO VALLE UZZONE;CN;12;22/12/2025;20/04/2026;CONFERMA;NO;0,8;Aliquota unica;;;;;;;;;;;;;;;;;;;;;;;1;0
G535;PIACENZA;PC;;;;;NO;0*;;;;;;;;;;;;;;;;;;;;;;;;;0
G534;PIACENZA D'ADIGE;PD;16;25/11/2025;16/02/2026;CONFERMA;SI;0;Esenzione per redditi imponibili fino a euro 9.999,99;,65;Aliquota unica;;;;;;;;;;;;;;;;;;;;;2;9999,99
M418;PIADENA DRIZZONA;CR;53;22/12/2025;09/01/2026;CONFERMA;SI;0,5;Applicabile a scaglione di reddito fino a euro 28.000,00;,8;Applicabile a scaglione di reddito da euro 28.000,01 fino a euro 50.000,00;,8;Applicabile a scaglione di reddito oltre euro 50.000,00;;;;;;;;;;;;;;;;;;;3;0
G538;PIAGGINE;SA;;;;;NO;0*;;;;;;;;;;;;;;;;;;;;;;;;;0
G546;PIAN CAMUNO;BS;;;;;NO;0*;;;;;;;;;;;;;;;;;;;;;;;;;0
G542;PIANA CRIXIA;SV;30;22/12/2025;16/01/2026;CONFERMA;SI;0;Esenzione per redditi imponibili fino a euro 10.000,00;,8;Aliquota unica;;;;;;;;;;;;;;;;;;;;;2;10000
G543;PIANA DEGLI ALBANESI;PA;;;;;NO;0*;;;;;;;;;;;;;;;;;;;;;;;;;0
G541;PIANA DI MONTE VERNA;CE;;;;;NO;0*;;;;;;;;;;;;;;;;;;;;;;;;;0
G547;PIANCASTAGNAIO;SI;;;;;NO;0*;;;;;;;;;;;;;;;;;;;;;;;;;0
G549;PIANCOGNO;BS;40;30/12/2025;30/01/2026;CONFERMA;SI;0;Esenzione per redditi imponibili fino a euro 15.000,00;,8;Aliquota unica;;;;;;;;;;;;;;;;;;;;;2;15000
G551;PIANDIMELETO;PU;11;29/01/2026;27/02/2026;CONFERMA;NO;0,65;Aliquota unica;;;;;;;;;;;;;;;;;;;;;;;1;0
G553;PIANE CRATI;CS;;;;;NO;0*;;;;;;;;;;;;;;;;;;;;;;;;;0
G555;PIANELLA;PE;34;23/12/2025;28/04/2026;CONFERMA;SI;0;Esenzione per redditi imponibili fino a euro 11.500,00;,8;Aliquota unica;;;;;;;;;;;;;;;;;;;;;2;11500
G556;PIANELLO DEL LARIO;CO;;;;;NO;0*;;;;;;;;;;;;;;;;;;;;;;;;;0
G557;PIANELLO VAL TIDONE;PC;61;17/12/2025;05/06/2026;CONFERMA;SI;0;Esenzione per redditi imponibili fino a euro 8.000,00;,7;Aliquota unica;;;;;;;;;;;;;;;;;;;;;2;8000
G558;PIANENGO;CR;96;06/12/2025;05/05/2026;CONFERMA;SI;0;Esenzione per redditi imponibili fino a euro 7.000,00;,8;Aliquota unica;;;;;;;;;;;;;;;;;;;;;2;7000
G559;PIANEZZA;TO;;;;;NO;0*;;;;;;;;;;;;;;;;;;;;;;;;;0
G560;PIANEZZE;VI;33;23/12/2025;12/01/2026;CONFERMA;SI;0;Esenzione per redditi imponibili fino a euro 15.000,00;,8;Aliquota unica;;;;;;;;;;;;;;;;;;;;;2;15000
G561;PIANFEI;CN;;;;;NO;0*;;;;;;;;;;;;;;;;;;;;;;;;;0
G564;PIANICO;BG;;;;;NO;0*;;;;;;;;;;;;;;;;;;;;;;;;;0
G565;PIANIGA;VE;79;30/12/2025;13/02/2026;CONFERMA;NO;0,8;Aliquota unica;;;;;;;;;;;;;;;;;;;;;;;1;0
G568;PIANO DI SORRENTO;NA;49;18/12/2025;03/03/2026;CONFERMA;NO;0,8;Aliquota unica;;;;;;;;;;;;;;;;;;;;;;;1;0
D546;PIANOPOLI;CZ;;;;;NO;0*;;;;;;;;;;;;;;;;;;;;;;;;;0
G570;PIANORO;BO;;;;;NO;0*;;;;;;;;;;;;;;;;;;;;;;;;;0
G571;PIANSANO;VT;24;20/12/2025;19/01/2026;CONFERMA;NO;0,4;Aliquota unica;;;;;;;;;;;;;;;;;;;;;;;1;0
G572;PIANTEDO;SO;28;23/12/2025;16/01/2026;MODIFICA;NO;0,6;Aliquota unica;;;;;;;;;;;;;;;;;;;;;;;1;0
G574;PIARIO;BG;26;19/12/2025;09/01/2026;MODIFICA;NO;0,6;Aliquota unica;;;;;;;;;;;;;;;;;;;;;;;1;0
G575;PIASCO;CN;53;29/12/2025;16/03/2026;MODIFICA;SI;0;Esenzione per redditi imponibili fino a euro 10.000,00;,58;Applicabile a scaglione di reddito fino a euro 28.000,00;,7;Applicabile a scaglione di reddito da euro 28.000,01 fino a euro 50.000,00;,8;Applicabile a scaglione di reddito oltre euro 50.000,00;;;;;;;;;;;;;;;;;4;10000
G576;PIATEDA;SO;29;22/12/2025;12/01/2026;MODIFICA;SI;0;Esenzione per redditi imponibili fino a euro 15.000,00;,4;Aliquota unica;;;;;;;;;;;;;;;;;;;;;2;15000
G577;PIATTO;BI;;;;;NO;0*;;;;;;;;;;;;;;;;;;;;;;;;;0
G582;PIAZZA AL SERCHIO;LU;;;;;NO;0*;;;;;;;;;;;;;;;;;;;;;;;;;0
G580;PIAZZA ARMERINA;EN;;;;;NO;0*;;;;;;;;;;;;;;;;;;;;;;;;;0
G579;PIAZZA BREMBANA;BG;35;20/12/2025;08/01/2026;CONFERMA;SI;0;Esenzione per redditi imponibili fino a euro 10.000,00;,65;Applicabile a scaglione di reddito fino a euro 28.000,00;,8;Applicabile a scaglione di reddito da euro 28.000,01 fino a euro 50.000,00;,8;Applicabile a scaglione di reddito oltre euro 50.000,00;;;;;;;;;;;;;;;;;4;10000
G583;PIAZZATORRE;BG;2;26/02/2026;02/03/2026;DELIBERA ADOTTATA EX ART. 1, COMMA 751, L. 207/2024;SI;0,4;Applicabile a scaglione di reddito fino a euro 15.000,00;,5;Applicabile a scaglione di reddito da euro 15.000,01 fino a euro 28.000,00;,7;Applicabile a scaglione di reddito da euro 28.000,01 fino a euro 50.000,00;,8;Applicabile a scaglione di reddito oltre euro 50.000,00;;;;;;;;;;;;;;;;;0;0
G587;PIAZZOLA SUL BRENTA;PD;52;22/12/2025;23/04/2026;CONFERMA;SI;0;Esenzione per redditi imponibili fino a euro 15.000,00;,65;Applicabile a scaglione di reddito fino a euro 28.000,00;,75;Applicabile a scaglione di reddito da euro 28.000,01 fino a euro 50.000,00;,8;Applicabile a scaglione di reddito oltre euro 50.000,00;;;;;;;;;;;;;;;;;4;15000
G588;PIAZZOLO;BG;2;04/03/2026;06/03/2026;CONFERMA;NO;0,2;Aliquota unica;;;;;;;;;;;;;;;;;;;;;;;1;0
G589;PICCIANO;PE;35;29/12/2025;04/02/2026;CONFERMA;NO;0,8;Aliquota unica;;;;;;;;;;;;;;;;;;;;;;;1;0
G590;PICERNO;PZ;40;22/12/2025;25/08/2026;CONFERMA;NO;0,5;Aliquota unica;;;;;;;;;;;;;;;;;;;;;;;1;0
G591;PICINISCO;FR;;;;;NO;0*;;;;;;;;;;;;;;;;;;;;;;;;;0
G592;PICO;FR;;;;;NO;0*;;;;;;;;;;;;;;;;;;;;;;;;;0
G593;PIEA;AT;;;;;NO;0*;;;;;;;;;;;;;;;;;;;;;;;;;0
G594;PIEDICAVALLO;BI;;;;;NO;0*;;;;;;;;;;;;;;;;;;;;;;;;;0
G597;PIEDIMONTE ETNEO;CT;;;;;NO;0*;;;;;;;;;;;;;;;;;;;;;;;;;0
G596;PIEDIMONTE MATESE;CE;;;;;NO;0*;;;;;;;;;;;;;;;;;;;;;;;;;0
G598;PIEDIMONTE SAN GERMANO;FR;;;;;NO;0*;;;;;;;;;;;;;;;;;;;;;;;;;0
G600;PIEDIMULERA;VB;25;10/12/2025;09/01/2026;CONFERMA;SI;0;Esenzione per redditi imponibili fino a euro 15.000,00;,8;Aliquota unica;;;;;;;;;;;;;;;;;;;;;2;15000
G601;PIEGARO;PG;38;30/12/2025;28/05/2026;CONFERMA;SI;0;Esenzione per redditi imponibili fino a euro 11.000,00;,8;Aliquota unica;;;;;;;;;;;;;;;;;;;;;2;11000
G602;PIENZA;SI;;;;;NO;0*;;;;;;;;;;;;;;;;;;;;;;;;;0
G603;PIERANICA;CR;37;20/12/2025;29/01/2026;MODIFICA;SI;0;Esenzione per redditi imponibili fino a euro 10.000,00;,8;Aliquota unica;;;;;;;;;;;;;;;;;;;;;2;10000
G612;PIETRA DE' GIORGI;PV;;;;;NO;0*;;;;;;;;;;;;;;;;;;;;;;;;;0
G605;PIETRA LIGURE;SV;;;;;NO;0*;;;;;;;;;;;;;;;;;;;;;;;;;0
G619;PIETRA MARAZZI;AL;;;;;NO;0*;;;;;;;;;;;;;;;;;;;;;;;;;0
G606;PIETRABBONDANTE;IS;28;23/12/2025;09/03/2026;CONFERMA;NO;0,5;Aliquota unica;;;;;;;;;;;;;;;;;;;;;;;1;0
G607;PIETRABRUNA;IM;;;;;NO;0*;;;;;;;;;;;;;;;;;;;;;;;;;0
G608;PIETRACAMELA;TE;;;;;NO;0*;;;;;;;;;;;;;;;;;;;;;;;;;0
G609;PIETRACATELLA;CB;43;29/12/2025;22/05/2026;CONFERMA;NO;0,5;Aliquota unica;;;;;;;;;;;;;;;;;;;;;;;1;0
G610;PIETRACUPA;CB;;;;;NO;0*;;;;;;;;;;;;;;;;;;;;;;;;;0
G611;PIETRADEFUSI;AV;;;;;NO;0*;;;;;;;;;;;;;;;;;;;;;;;;;0
G613;PIETRAFERRAZZANA;CH;;;;;NO;0*;;;;;;;;;;;;;;;;;;;;;;;;;0
G615;PIETRAFITTA;CS;;;;;NO;0*;;;;;;;;;;;;;;;;;;;;;;;;;0
G616;PIETRAGALLA;PZ;;;;;NO;0*;;;;;;;;;;;;;;;;;;;;;;;;;0
G618;PIETRALUNGA;PG;51;18/12/2025;13/05/2026;CONFERMA;SI;0;Esenzione per redditi imponibili fino a euro 12.000,00;,8;Aliquota unica;;;;;;;;;;;;;;;;;;;;;2;12000
G620;PIETRAMELARA;CE;;;;;NO;0*;;;;;;;;;;;;;;;;;;;;;;;;;0
G604;PIETRAMONTECORVINO;FG;;;;;NO;0*;;;;;;;;;;;;;;;;;;;;;;;;;0
G621;PIETRANICO;PE;;;;;NO;0*;;;;;;;;;;;;;;;;;;;;;;;;;0
G622;PIETRAPAOLA;CS;;;;;NO;0*;;;;;;;;;;;;;;;;;;;;;;;;;0
G623;PIETRAPERTOSA;PZ;;;;;NO;0*;;;;;;;;;;;;;;;;;;;;;;;;;0
G624;PIETRAPERZIA;EN;;;;;NO;0*;;;;;;;;;;;;;;;;;;;;;;;;;0
G625;PIETRAPORZIO;CN;;;;;NO;0*;;;;;;;;;;;;;;;;;;;;;;;;;0
G626;PIETRAROJA;BN;;;;;NO;0*;;;;;;;;;;;;;;;;;;;;;;;;;0
G627;PIETRARUBBIA;PU;;;;;NO;0*;;;;;;;;;;;;;;;;;;;;;;;;;0
G628;PIETRASANTA;LU;;;;;NO;0*;;;;;;;;;;;;;;;;;;;;;;;;;0
G629;PIETRASTORNINA;AV;;;;;NO;0*;;;;;;;;;;;;;;;;;;;;;;;;;0
G630;PIETRAVAIRANO;CE;;;;;NO;0*;;;;;;;;;;;;;;;;;;;;;;;;;0
G631;PIETRELCINA;BN;3;30/03/2026;14/04/2026;MODIFICA;SI;0;Esenzione per redditi imponibili fino a euro 8.000,00;,8;Aliquota unica;;;;;;;;;;;;;;;;;;;;;2;8000
G636;PIEVE A NIEVOLE;PT;;;;;NO;0*;;;;;;;;;;;;;;;;;;;;;;;;;0
G635;PIEVE ALBIGNOLA;PV;29;18/12/2025;16/02/2026;CONFERMA;NO;0,6;Aliquota unica;;;;;;;;;;;;;;;;;;;;;;;1;0
G639;PIEVE DEL CAIRO;PV;29;22/12/2025;12/01/2026;CONFERMA;NO;0,8;Aliquota unica;;;;;;;;;;;;;;;;;;;;;;;1;0
M422;PIEVE DEL GRAPPA;TV;;;;;NO;0*;;;;;;;;;;;;;;;;;;;;;;;;;0
M365;PIEVE DI BONO-PREZZO;TN;;;;;NO;0*;;;;;;;;;;;;;;;;;;;;;;;;;0
G642;PIEVE DI CADORE;BL;8;26/02/2026;22/06/2026;CONFERMA;SI;0;Esenzione per redditi imponibili fino a euro 14.999,99;,8;Aliquota unica;;;;;;;;;;;;;;;;;;;;;2;14999,99
G643;PIEVE DI CENTO;BO;37;16/12/2025;20/01/2026;CONFERMA;SI;0;Esenzione per redditi imponibili fino a euro 7.500,00;,8;Aliquota unica;;;;;;;;;;;;;;;;;;;;;2;7500
G645;PIEVE DI SOLIGO;TV;;;;;NO;0*;;;;;;;;;;;;;;;;;;;;;;;;;0
G632;PIEVE DI TECO;IM;;;;;NO;0*;;;;;;;;;;;;;;;;;;;;;;;;;0
G647;PIEVE D'OLMI;CR;;;;;NO;0*;;;;;;;;;;;;;;;;;;;;;;;;;0
G634;PIEVE EMANUELE;MI;134;14/11/2025;09/01/2026;CONFERMA;NO;0,8;Aliquota unica;;;;;;;;;;;;;;;;;;;;;;;1;0
G096;PIEVE FISSIRAGA;LO;;;;;NO;0*;;;;;;;;;;;;;;;;;;;;;;;;;0
G648;PIEVE FOSCIANA;LU;20;29/12/2025;19/01/2026;CONFERMA;SI;0;Esenzione per redditi imponibili fino a euro 14.500,00;,5;Aliquota unica;;;;;;;;;;;;;;;;;;;;;2;14500
G646;PIEVE LIGURE;GE;31;18/12/2025;10/06/2026;MODIFICA;SI;0;Esenzione per redditi imponibili fino a euro 15.000,00;,6;Applicabile a scaglione di reddito fino a euro 28.000,00;,7;Applicabile a scaglione di reddito da euro 28.000,01 fino a euro 50.000,00;,8;Applicabile a scaglione di reddito oltre euro 50.000,00;;;;;;;;;;;;;;;;;4;15000
G650;PIEVE PORTO MORONE;PV;39;20/12/2025;13/05/2026;CONFERMA;SI;0;Esenzione per redditi imponibili fino a euro 10.000,00;,8;Aliquota unica;;;;;;;;;;;;;;;;;;;;;2;10000
G651;PIEVE SAN GIACOMO;CR;26;23/12/2025;05/01/2026;MODIFICA;NO;0,8;Aliquota unica;;;;;;;;;;;;;;;;;;;;;;;1;0
G653;PIEVE SANTO STEFANO;AR;;;;;NO;0*;;;;;;;;;;;;;;;;;;;;;;;;;0
G656;PIEVE TESINO;TN;;;;;NO;0*;;;;;;;;;;;;;;;;;;;;;;;;;0
G657;PIEVE TORINA;MC;;;;;NO;0*;;;;;;;;;;;;;;;;;;;;;;;;;0
G658;PIEVE VERGONTE;VB;;;;;NO;0*;;;;;;;;;;;;;;;;;;;;;;;;;0
G649;PIEVEPELAGO;MO;3;20/01/2026;23/02/2026;CONFERMA;SI;0;Esenzione per redditi imponibili fino a euro 11.000,00;,8;Aliquota unica;;;;;;;;;;;;;;;;;;;;;2;11000
G659;PIGLIO;FR;;;;;NO;0*;;;;;;;;;;;;;;;;;;;;;;;;;0
G660;PIGNA;IM;;;;;NO;0*;;;;;;;;;;;;;;;;;;;;;;;;;0
G662;PIGNATARO INTERAMNA;FR;68;23/12/2025;05/03/2026;CONFERMA;NO;0,8;Aliquota unica;;;;;;;;;;;;;;;;;;;;;;;1;0
G661;PIGNATARO MAGGIORE;CE;50;16/12/2025;28/01/2026;CONFERMA;NO;0,8;Aliquota unica;;;;;;;;;;;;;;;;;;;;;;;1;0
G663;PIGNOLA;PZ;;;;;NO;0*;;;;;;;;;;;;;;;;;;;;;;;;;0
G664;PIGNONE;SP;;;;;NO;0*;;;;;;;;;;;;;;;;;;;;;;;;;0
G665;PIGRA;CO;26;12/12/2025;23/01/2026;CONFERMA;NO;0,6;Aliquota unica;;;;;;;;;;;;;;;;;;;;;;;1;0
G666;PILA;VC;;;;;NO;0*;;;;;;;;;;;;;;;;;;;;;;;;;0
G669;PIMENTEL;SU;;;;;NO;0*;;;;;;;;;;;;;;;;;;;;;;;;;0
G670;PIMONTE;NA;73;30/10/2025;24/06/2026;CONFERMA;SI;0;Esenzione per redditi imponibili fino a euro 7.500,00;,7;Aliquota unica;;;;;;;;;;;;;;;;;;;;;2;7500
G671;PINAROLO PO;PV;;;;;NO;0*;;;;;;;;;;;;;;;;;;;;;;;;;0
G672;PINASCA;TO;32;15/12/2025;09/01/2026;CONFERMA;SI;0;Esenzione per redditi imponibili fino a euro 10.000,00;,75;Aliquota unica;;;;;;;;;;;;;;;;;;;;;2;10000
G673;PINCARA;RO;48;30/12/2025;04/03/2026;CONFERMA;SI;0;Esenzione per redditi imponibili fino a euro 9.000,00;,8;Aliquota unica;;;;;;;;;;;;;;;;;;;;;2;9000
G674;PINEROLO;TO;;;;;NO;0*;;;;;;;;;;;;;;;;;;;;;;;;;0
F831;PINETO;TE;;;;;NO;0*;;;;;;;;;;;;;;;;;;;;;;;;;0
G676;PINO D'ASTI;AT;16;19/12/2025;16/01/2026;CONFERMA;NO;0,8;Aliquota unica;;;;;;;;;;;;;;;;;;;;;;;1;0
G678;PINO TORINESE;TO;41;17/12/2025;19/08/2026;DELIBERA ADOTTATA EX ART. 1, COMMA 751, L. 207/2024;SI;0,55;Applicabile a scaglione di reddito fino a euro 15.000,00;,7;Applicabile a scaglione di reddito da euro 15.000,01 fino a euro 28.000,00;,78;Applicabile a scaglione di reddito da euro 28.000,01 fino a euro 50.000,00;,8;Applicabile a scaglione di reddito oltre euro 50.000,00;0;Esenzione per redditi imponibili fino a euro 14.999,99;;;;;;;;;;;;;;;0;0
G680;PINZANO AL TAGLIAMENTO;PN;;;;;NO;0*;;;;;;;;;;;;;;;;;;;;;;;;;0
G681;PINZOLO;TN;;;;;NO;0*;;;;;;;;;;;;;;;;;;;;;;;;;0
G682;PIOBBICO;PU;41;16/12/2025;20/01/2026;CONFERMA;NO;0,8;Aliquota unica;;;;;;;;;;;;;;;;;;;;;;;1;0
G683;PIOBESI D'ALBA;CN;33;18/12/2025;09/01/2026;CONFERMA;SI;0,57;Applicabile a scaglione di reddito fino a euro 28.000,00;,62;Applicabile a scaglione di reddito da euro 28.000,01 fino a euro 50.000,00;,7;Applicabile a scaglione di reddito oltre euro 50.000,00;;;;;;;;;;;;;;;;;;;3;0
G684;PIOBESI TORINESE;TO;;;;;NO;0*;;;;;;;;;;;;;;;;;;;;;;;;;0
G685;PIODE;VC;25;23/12/2025;19/01/2026;CONFERMA;NO;0,5;Aliquota unica;;;;;;;;;;;;;;;;;;;;;;;1;0
G686;PIOLTELLO;MI;85;18/12/2025;19/01/2026;CONFERMA;SI;0,7;Applicabile a scaglione di reddito fino a euro 28.000,00;,8;Applicabile a scaglione di reddito da euro 28.000,01 fino a euro 50.000,00;,8;Applicabile a scaglione di reddito oltre euro 50.000,00;;;;;;;;;;;;;;;;;;;3;0
G687;PIOMBINO;LI;148;16/12/2025;16/01/2026;CONFERMA;SI;0;Esenzione per redditi imponibili fino a euro 10.000,00;,8;Aliquota unica;;;;;;;;;;;;;;;;;;;;;2;10000
G688;PIOMBINO DESE;PD;;;;;NO;0*;;;;;;;;;;;;;;;;;;;;;;;;;0
G690;PIORACO;MC;;;;;NO;0*;;;;;;;;;;;;;;;;;;;;;;;;;0
G691;PIOSSASCO;TO;;;;;NO;0*;;;;;;;;;;;;;;;;;;;;;;;;;0
G692;PIOVA' MASSAIA;AT;23;27/12/2025;28/01/2026;CONFERMA;NO;0,8;Aliquota unica;;;;;;;;;;;;;;;;;;;;;;;1;0
G693;PIOVE DI SACCO;PD;61;19/12/2025;07/04/2026;CONFERMA;SI;0;Esenzione per redditi imponibili fino a euro 10.500,00;,7;Aliquota unica;;;;;;;;;;;;;;;;;;;;;2;10500
G694;PIOVENE ROCCHETTE;VI;33;18/12/2025;07/01/2026;CONFERMA;NO;0,8;Aliquota unica;;;;;;;;;;;;;;;;;;;;;;;1;0
G696;PIOZZANO;PC;;;;;NO;0*;;;;;;;;;;;;;;;;;;;;;;;;;0
G697;PIOZZO;CN;;;;;NO;0*;;;;;;;;;;;;;;;;;;;;;;;;;0
G699;PIRAINO;ME;;;;;NO;0*;;;;;;;;;;;;;;;;;;;;;;;;;0
G702;PISA;PI;47;18/12/2025;07/01/2026;MODIFICA;SI;0;Esenzione per redditi imponibili fino a euro 15.000,00;,65;Applicabile a scaglione di reddito fino a euro 28.000,00;,75;Applicabile a scaglione di reddito da euro 28.000,01 fino a euro 50.000,00;,8;Applicabile a scaglione di reddito oltre euro 50.000,00;;;;;;;;;;;;;;;;;4;15000
G703;PISANO;NO;;;;;NO;0*;;;;;;;;;;;;;;;;;;;;;;;;;0
G705;PISCINA;TO;14;18/12/2025;19/01/2026;CONFERMA;NO;0,6;Aliquota unica;;;;;;;;;;;;;;;;;;;;;;;1;0
M291;PISCINAS;SU;;;;;NO;0*;;;;;;;;;;;;;;;;;;;;;;;;;0
G707;PISCIOTTA;SA;;;;;NO;0*;;;;;;;;;;;;;;;;;;;;;;;;;0
G710;PISOGNE;BS;33;19/12/2025;26/05/2026;CONFERMA;SI;0;Esenzione per redditi imponibili fino a euro 12.500,00;,8;Aliquota unica;;;;;;;;;;;;;;;;;;;;;2;12500
G704;PISONIANO;RM;3;12/03/2026;18/03/2026;CONFERMA;NO;0,8;Aliquota unica;;;;;;;;;;;;;;;;;;;;;;;1;0
G712;PISTICCI;MT;4;07/01/2026;19/03/2026;CONFERMA;SI;0;Esenzione per redditi imponibili fino a euro 10.000,00;,8;Aliquota unica;;;;;;;;;;;;;;;;;;;;;2;10000
G713;PISTOIA;PT;74;10/12/2025;27/05/2026;CONFERMA;SI;0;Esenzione per redditi imponibili fino a euro 15.000,00;,8;Aliquota unica;;;;;;;;;;;;;;;;;;;;;2;15000
G716;PITIGLIANO;GR;;;;;NO;0*;;;;;;;;;;;;;;;;;;;;;;;;;0
G717;PIUBEGA;MN;59;18/12/2025;08/01/2026;CONFERMA;SI;0;Esenzione per redditi imponibili fino a euro 15.000,00;,8;Aliquota unica;;;;;;;;;;;;;;;;;;;;;2;15000
G718;PIURO;SO;;;;;NO;0*;;;;;;;;;;;;;;;;;;;;;;;;;0
G719;PIVERONE;TO;;;;;NO;0*;;;;;;;;;;;;;;;;;;;;;;;;;0
G720;PIZZALE;PV;22;17/12/2025;26/01/2026;CONFERMA;NO;0,8;Aliquota unica;;;;;;;;;;;;;;;;;;;;;;;1;0
G721;PIZZIGHETTONE;CR;43;29/12/2025;26/01/2026;CONFERMA;SI;0;Esenzione per redditi imponibili fino a euro 10.000,00;,72;Aliquota unica;;;;;;;;;;;;;;;;;;;;;2;10000
G722;PIZZO;VV;;;;;NO;0*;;;;;;;;;;;;;;;;;;;;;;;;;0
G724;PIZZOFERRATO;CH;53;22/12/2025;10/03/2026;CONFERMA;NO;0,8;Aliquota unica;;;;;;;;;;;;;;;;;;;;;;;1;0
G726;PIZZOLI;AQ;;;;;NO;0*;;;;;;;;;;;;;;;;;;;;;;;;;0
G727;PIZZONE;IS;;;;;NO;0*;;;;;;;;;;;;;;;;;;;;;;;;;0
G728;PIZZONI;VV;20;17/12/2025;07/01/2026;CONFERMA;NO;0,4;Aliquota unica;;;;;;;;;;;;;;;;;;;;;;;1;0
G729;PLACANICA;RC;;;;;NO;0*;;;;;;;;;;;;;;;;;;;;;;;;;0
G733;PLATACI;CS;;;;;NO;0*;;;;;;;;;;;;;;;;;;;;;;;;;0
G734;PLATANIA;CZ;;;;;NO;0*;;;;;;;;;;;;;;;;;;;;;;;;;0
G735;PLATI';RC;;;;;NO;0*;;;;;;;;;;;;;;;;;;;;;;;;;0
G299;PLAUS;BZ;;;;;NO;0*;;;;;;;;;;;;;;;;;;;;;;;;;0
G737;PLESIO;CO;26;20/12/2025;19/01/2026;CONFERMA;NO;0,5;Aliquota unica;;;;;;;;;;;;;;;;;;;;;;;1;0
G740;PLOAGHE;SS;36;26/12/2025;16/02/2026;CONFERMA;SI;0;Esenzione per redditi imponibili fino a euro 12.000,00;,3;Aliquota unica;;;;;;;;;;;;;;;;;;;;;2;12000
G741;PLODIO;SV;;;;;NO;0*;;;;;;;;;;;;;;;;;;;;;;;;;0
G742;POCAPAGLIA;CN;30;22/12/2025;09/01/2026;CONFERMA;SI;0,65;Applicabile a scaglione di reddito fino a euro 28.000,00;,7;Applicabile a scaglione di reddito da euro 28.000,01 fino a euro 50.000,00;,75;Applicabile a scaglione di reddito oltre euro 50.000,00;;;;;;;;;;;;;;;;;;;3;0
G743;POCENIA;UD;;;;;NO;0*;;;;;;;;;;;;;;;;;;;;;;;;;0
G746;PODENZANA;MS;21;18/12/2025;27/05/2026;CONFERMA;SI;0;Esenzione per redditi imponibili fino a euro 7.999,99;,8;Aliquota unica;;;;;;;;;;;;;;;;;;;;;2;7999,99
G747;PODENZANO;PC;49;22/12/2025;12/01/2026;MODIFICA;SI;0;Esenzione per redditi imponibili fino a euro 11.000,00;,72;Applicabile a scaglione di reddito fino a euro 28.000,00;,76;Applicabile a scaglione di reddito da euro 28.000,01 fino a euro 50.000,00;,78;Applicabile a scaglione di reddito oltre euro 50.000,00;;;;;;;;;;;;;;;;;4;11000
G749;POFI;FR;;;;;NO;0*;;;;;;;;;;;;;;;;;;;;;;;;;0
G751;POGGIARDO;LE;;;;;NO;0*;;;;;;;;;;;;;;;;;;;;;;;;;0
G752;POGGIBONSI;SI;179;23/12/2025;09/02/2026;DELIBERA ADOTTATA EX ART. 1, COMMA 751, L. 207/2024;SI;0,6;Applicabile a scaglione di reddito fino a euro 15.000,00;,7;Applicabile a scaglione di reddito da euro 15.000,01 fino a euro 28.000,00;,74;Applicabile a scaglione di reddito da euro 28.000,01 fino a euro 50.000,00;,8;Applicabile a scaglione di reddito oltre euro 50.000,00;;;;;;;;;;;;;;;;;0;0
G754;POGGIO A CAIANO;PO;78;29/12/2025;09/01/2026;MODIFICA;SI;0;Esenzione per redditi imponibili fino a euro 8.049,99;,7;Applicabile a scaglione di reddito fino a euro 28.000,00;,79;Applicabile a scaglione di reddito da euro 28.000,01 fino a euro 50.000,00;,8;Applicabile a scaglione di reddito oltre euro 50.000,00;;;;;;;;;;;;;;;;;4;8049,99
G756;POGGIO BUSTONE;RI;;;;;NO;0*;;;;;;;;;;;;;;;;;;;;;;;;;0
G757;POGGIO CATINO;RI;3;27/02/2026;07/04/2026;CONFERMA;NO;0,8;Aliquota unica;;;;;;;;;;;;;;;;;;;;;;;1;0
G761;POGGIO IMPERIALE;FG;;;;;NO;0*;;;;;;;;;;;;;;;;;;;;;;;;;0
G763;POGGIO MIRTETO;RI;;;;;NO;0*;;;;;;;;;;;;;;;;;;;;;;;;;0
G764;POGGIO MOIANO;RI;25;29/12/2025;07/01/2026;CONFERMA;NO;0,8;Aliquota unica;;;;;;;;;;;;;;;;;;;;;;;1;0
G765;POGGIO NATIVO;RI;31;29/12/2025;16/02/2026;CONFERMA;SI;0;Esenzione per redditi imponibili fino a euro 5.160,00;,8;Aliquota unica;;;;;;;;;;;;;;;;;;;;;2;5160
G766;POGGIO PICENZE;AQ;;;;;NO;0*;;;;;;;;;;;;;;;;;;;;;;;;;0
G768;POGGIO RENATICO;FE;;;;;NO;0*;;;;;;;;;;;;;;;;;;;;;;;;;0
G753;POGGIO RUSCO;MN;64;30/12/2025;03/02/2026;CONFERMA;SI;0;Esenzione per redditi imponibili fino a euro 15.000,00;,8;Aliquota unica;;;;;;;;;;;;;;;;;;;;;2;15000
G770;POGGIO SAN LORENZO;RI;;;;;NO;0*;;;;;;;;;;;;;;;;;;;;;;;;;0
G771;POGGIO SAN MARCELLO;AN;21;19/11/2025;07/01/2026;CONFERMA;SI;0;Esenzione per redditi imponibili fino a euro 5.000,00;,8;Aliquota unica;;;;;;;;;;;;;;;;;;;;;2;5000
D566;POGGIO SAN VICINO;MC;;;;;NO;0*;;;;;;;;;;;;;;;;;;;;;;;;;0
B317;POGGIO SANNITA;IS;55;29/11/2025;25/08/2026;CONFERMA;NO;0,5;Aliquota unica;;;;;;;;;;;;;;;;;;;;;;;1;0
M324;POGGIO TORRIANA;RN;8;23/02/2026;27/03/2026;CONFERMA;SI;0;Esenzione per redditi imponibili fino a euro 15.000,00;,8;Aliquota unica;;;;;;;;;;;;;;;;;;;;;2;15000
G758;POGGIODOMO;PG;;;;;NO;0*;;;;;;;;;;;;;;;;;;;;;;;;;0
G760;POGGIOFIORITO;CH;3;24/02/2026;07/07/2026;CONFERMA;NO;0,8;Aliquota unica;;;;;;;;;;;;;;;;;;;;;;;1;0
G762;POGGIOMARINO;NA;2;12/02/2026;04/03/2026;DELIBERA ADOTTATA EX ART. 1, COMMA 751, L. 207/2024;SI;0,5;Applicabile a scaglione di reddito fino a euro 15.000,00;,6;Applicabile a scaglione di reddito da euro 15.000,01 fino a euro 28.000,00;,7;Applicabile a scaglione di reddito da euro 28.000,01 fino a euro 50.000,00;,8;Applicabile a scaglione di reddito oltre euro 50.000,00;;;;;;;;;;;;;;;;;0;0
G767;POGGIOREALE;TP;;;;;NO;0*;;;;;;;;;;;;;;;;;;;;;;;;;0
G769;POGGIORSINI;BA;28;22/12/2025;15/01/2026;CONFERMA;NO;0,8;Aliquota unica;;;;;;;;;;;;;;;;;;;;;;;1;0
G431;POGGIRIDENTI;SO;;;;;NO;0*;;;;;;;;;;;;;;;;;;;;;;;;;0
G772;POGLIANO MILANESE;MI;;;;;NO;0*;;;;;;;;;;;;;;;;;;;;;;;;;0
G773;POGNANA LARIO;CO;32;17/12/2025;09/01/2026;CONFERMA;NO;0,7;Aliquota unica;;;;;;;;;;;;;;;;;;;;;;;1;0
G774;POGNANO;BG;24;22/12/2025;27/01/2026;CONFERMA;SI;0,45;Applicabile a scaglione di reddito fino a euro 28.000,00;,55;Applicabile a scaglione di reddito da euro 28.000,01 fino a euro 50.000,00;,65;Applicabile a scaglione di reddito oltre euro 50.000,00;;;;;;;;;;;;;;;;;;;3;0
G775;POGNO;NO;26;23/12/2025;06/05/2026;CONFERMA;SI;0;Esenzione per redditi imponibili fino a euro 12.000,00;,7;Aliquota unica;;;;;;;;;;;;;;;;;;;;;2;12000
G777;POIRINO;TO;;;;;NO;0*;;;;;;;;;;;;;;;;;;;;;;;;;0
G776;POJANA MAGGIORE;VI;29;22/12/2025;20/02/2026;MODIFICA;SI;0;Esenzione per redditi imponibili fino a euro 12.500,00;,65;Aliquota unica;;;;;;;;;;;;;;;;;;;;;2;12500
G779;POLAVENO;BS;57;18/12/2025;02/03/2026;CONFERMA;SI;0;Esenzione per redditi imponibili fino a euro 10.000,00;,5;Aliquota unica;;;;;;;;;;;;;;;;;;;;;2;10000
G780;POLCENIGO;PN;;;;;NO;0*;;;;;;;;;;;;;;;;;;;;;;;;;0
G782;POLESELLA;RO;;;;;NO;0*;;;;;;;;;;;;;;;;;;;;;;;;;0
M367;POLESINE ZIBELLO;PR;;;;;NO;0*;;;;;;;;;;;;;;;;;;;;;;;;;0
G784;POLI;RM;39;20/12/2025;11/06/2026;CONFERMA;NO;0,8;Aliquota unica;;;;;;;;;;;;;;;;;;;;;;;1;0
G785;POLIA;VV;31;22/12/2025;12/01/2026;CONFERMA;NO;0,5;Aliquota unica;;;;;;;;;;;;;;;;;;;;;;;1;0
G786;POLICORO;MT;43;05/12/2025;19/06/2026;CONFERMA;SI;0;Esenzione per redditi imponibili fino a euro 8.000,00;,8;Aliquota unica;;;;;;;;;;;;;;;;;;;;;2;8000
G787;POLIGNANO A MARE;BA;;;;;NO;0*;;;;;;;;;;;;;;;;;;;;;;;;;0
G789;POLINAGO;MO;;;;;NO;0*;;;;;;;;;;;;;;;;;;;;;;;;;0
G790;POLINO;TR;;;;;NO;0*;;;;;;;;;;;;;;;;;;;;;;;;;0
G791;POLISTENA;RC;;;;;NO;0*;;;;;;;;;;;;;;;;;;;;;;;;;0
G792;POLIZZI GENEROSA;PA;;;;;NO;0*;;;;;;;;;;;;;;;;;;;;;;;;;0
G793;POLLA;SA;2;21/01/2026;10/06/2026;CONFERMA;NO;0,8;Aliquota unica;;;;;;;;;;;;;;;;;;;;;;;1;0
G794;POLLEIN;AO;;;;;NO;0*;;;;;;;;;;;;;;;;;;;;;;;;;0
G795;POLLENA TROCCHIA;NA;;;;;NO;0*;;;;;;;;;;;;;;;;;;;;;;;;;0
F567;POLLENZA;MC;;;;;NO;0*;;;;;;;;;;;;;;;;;;;;;;;;;0
G796;POLLICA;SA;;;;;NO;0*;;;;;;;;;;;;;;;;;;;;;;;;;0
G797;POLLINA;PA;;;;;NO;0*;;;;;;;;;;;;;;;;;;;;;;;;;0
G798;POLLONE;BI;34;18/12/2025;09/01/2026;CONFERMA;NO;0,8;Aliquota unica;;;;;;;;;;;;;;;;;;;;;;;1;0
G799;POLLUTRI;CH;38;29/12/2025;12/01/2026;CONFERMA;NO;0,8;Aliquota unica;;;;;;;;;;;;;;;;;;;;;;;1;0
G800;POLONGHERA;CN;23;15/12/2025;07/01/2026;CONFERMA;NO;0,7;Aliquota unica;;;;;;;;;;;;;;;;;;;;;;;1;0
G801;POLPENAZZE DEL GARDA;BS;;;;;NO;0*;;;;;;;;;;;;;;;;;;;;;;;;;0
G802;POLVERARA;PD;;;;;NO;0*;;;;;;;;;;;;;;;;;;;;;;;;;0
G803;POLVERIGI;AN;;;;;NO;0*;;;;;;;;;;;;;;;;;;;;;;;;;0
G804;POMARANCE;PI;69;22/12/2025;13/03/2026;CONFERMA;SI;0;Esenzione per redditi imponibili fino a euro 14.000,00;,6;Applicabile a scaglione di reddito fino a euro 28.000,00;,7;Applicabile a scaglione di reddito da euro 28.000,01 fino a euro 50.000,00;,8;Applicabile a scaglione di reddito oltre euro 50.000,00;;;;;;;;;;;;;;;;;4;14000
G805;POMARETTO;TO;;;;;NO;0*;;;;;;;;;;;;;;;;;;;;;;;;;0
G806;POMARICO;MT;;;;;NO;0*;;;;;;;;;;;;;;;;;;;;;;;;;0
G807;POMARO MONFERRATO;AL;30;16/12/2025;13/04/2026;CONFERMA;NO;0,7;Aliquota unica;;;;;;;;;;;;;;;;;;;;;;;1;0
G808;POMAROLO;TN;;;;;NO;0*;;;;;;;;;;;;;;;;;;;;;;;;;0
G809;POMBIA;NO;;;;;NO;0*;;;;;;;;;;;;;;;;;;;;;;;;;0
G811;POMEZIA;RM;4;16/01/2026;13/02/2026;CONFERMA;SI;0;Esenzione per redditi imponibili fino a euro 10.000,00;,8;Aliquota unica;;;;;;;;;;;;;;;;;;;;;2;10000
G812;POMIGLIANO D'ARCO;NA;63;13/12/2025;27/05/2026;CONFERMA;SI;0,48;Applicabile a scaglione di reddito fino a euro 15.000,00 ;,66;Applicabile a scaglione di reddito da euro 15.000,01 fino a euro 28.000,00 ;,76;Applicabile a scaglione di reddito da euro 28.000,01 fino a euro 50.000,00 ;,79;Applicabile a scaglione di reddito oltre euro 50.000,00;0;Esenzione per redditi imponibili fino a euro 5.000,00;;;;;;;;;;;;;;;0;0
G813;POMPEI;NA;44;22/12/2025;26/02/2026;CONFERMA;NO;0,8;Aliquota unica;;;;;;;;;;;;;;;;;;;;;;;1;0
G814;POMPEIANA;IM;;;;;NO;0*;;;;;;;;;;;;;;;;;;;;;;;;;0
G815;POMPIANO;BS;40;29/12/2025;22/01/2026;MODIFICA;SI;0;Esenzione per redditi imponibili fino a euro 7.500,00;,8;Aliquota unica;;;;;;;;;;;;;;;;;;;;;2;7500
G816;POMPONESCO;MN;28;29/12/2025;09/02/2026;CONFERMA;SI;0;Esenzione per redditi imponibili fino a euro 12.000,00;,65;Applicabile a scaglione di reddito fino a euro 28.000,00;,78;Applicabile a scaglione di reddito da euro 28.000,01 fino a euro 50.000,00;,8;Applicabile a scaglione di reddito oltre euro 50.000,00;;;;;;;;;;;;;;;;;4;12000
G817;POMPU;OR;;;;;NO;0*;;;;;;;;;;;;;;;;;;;;;;;;;0
G818;PONCARALE;BS;;;;;NO;0*;;;;;;;;;;;;;;;;;;;;;;;;;0
G820;PONDERANO;BI;;;;;NO;0*;;;;;;;;;;;;;;;;;;;;;;;;;0
G821;PONNA;CO;;;;;NO;0*;;;;;;;;;;;;;;;;;;;;;;;;;0
G822;PONSACCO;PI;;;;;NO;0*;;;;;;;;;;;;;;;;;;;;;;;;;0
G823;PONSO;PD;34;18/12/2025;07/01/2026;CONFERMA;SI;0;Esenzione per redditi imponibili fino a euro 10.000,00;,68;Applicabile a scaglione di reddito fino a euro 28.000,00;,79;Applicabile a scaglione di reddito da euro 28.000,01 fino a euro 50.000,00;,8;Applicabile a scaglione di reddito oltre euro 50.000,00;;;;;;;;;;;;;;;;;4;10000
G825;PONTASSIEVE;FI;;;;;NO;0*;;;;;;;;;;;;;;;;;;;;;;;;;0
G545;PONTBOSET;AO;;;;;NO;0*;;;;;;;;;;;;;;;;;;;;;;;;;0
G826;PONT-CANAVESE;TO;37;19/12/2025;21/01/2026;CONFERMA;SI;0;Esenzione per redditi imponibili fino a euro 9.000,00;,7;Aliquota unica;;;;;;;;;;;;;;;;;;;;;2;9000
G827;PONTE;BN;5;09/02/2026;13/04/2026;CONFERMA;NO;0,8;Aliquota unica;;;;;;;;;;;;;;;;;;;;;;;1;0
G833;PONTE BUGGIANESE;PT;;;;;NO;0*;;;;;;;;;;;;;;;;;;;;;;;;;0
G842;PONTE DELL'OLIO;PC;;;;;NO;0*;;;;;;;;;;;;;;;;;;;;;;;;;0
G844;PONTE DI LEGNO;BS;;;;;NO;0*;;;;;;;;;;;;;;;;;;;;;;;;;0
G846;PONTE DI PIAVE;TV;57;23/12/2025;12/08/2026;DELIBERA ADOTTATA EX ART. 1, COMMA 751, L. 207/2024;SI;0,55;Applicabile a scaglione di reddito fino a euro 15.000,00;,6;Applicabile a scaglione di reddito da euro 15.000,01 fino a euro 28.000,00;,65;Applicabile a scaglione di reddito da euro 28.000,01 fino a euro 50.000,00;,73;Applicabile a scaglione di reddito oltre euro 50.000,00;0;Esenzione per redditi imponibili fino a euro 12.000,00;;;;;;;;;;;;;;;0;0
G830;PONTE GARDENA;BZ;;;;;NO;0*;;;;;;;;;;;;;;;;;;;;;;;;;0
G829;PONTE IN VALTELLINA;SO;29;23/12/2025;15/01/2026;CONFERMA;NO;0,8;Aliquota unica;;;;;;;;;;;;;;;;;;;;;;;1;0
G847;PONTE LAMBRO;CO;46;16/12/2025;20/01/2026;CONFERMA;SI;0;Esenzione per redditi imponibili fino a euro 10.000,00;,8;Aliquota unica;;;;;;;;;;;;;;;;;;;;;2;10000
B662;PONTE NELLE ALPI;BL;;;;;NO;0*;;;;;;;;;;;;;;;;;;;;;;;;;0
G851;PONTE NIZZA;PV;23;12/12/2025;17/08/2026;DELIBERA ADOTTATA EX ART. 1, COMMA 751, L. 207/2024;SI;0,3;Applicabile a scaglione di reddito fino a euro 15.000,00  ;,4;Applicabile a scaglione di reddito da euro 15.000,01 fino a euro 28.000,00 ;,5;Applicabile a scaglione di reddito da euro 28.000,01 fino a euro 50.000,00 ;,6;Applicabile a scaglione di reddito oltre euro 50.000,00 ;;;;;;;;;;;;;;;;;0;0
F941;PONTE NOSSA;BG;;;;;NO;0*;;;;;;;;;;;;;;;;;;;;;;;;;0
G855;PONTE SAN NICOLO';PD;82;31/12/2025;05/02/2026;CONFERMA;SI;0;Esenzione per redditi imponibili fino a euro 15.000,00;,8;Aliquota unica;;;;;;;;;;;;;;;;;;;;;2;15000
G856;PONTE SAN PIETRO;BG;;;;;NO;0*;;;;;;;;;;;;;;;;;;;;;;;;;0
G831;PONTEBBA;UD;;;;;NO;0*;;;;;;;;;;;;;;;;;;;;;;;;;0
G834;PONTECAGNANO FAIANO;SA;;;;;NO;0*;;;;;;;;;;;;;;;;;;;;;;;;;0
G836;PONTECCHIO POLESINE;RO;;;;;NO;0*;;;;;;;;;;;;;;;;;;;;;;;;;0
G837;PONTECHIANALE;CN;;;;;NO;0*;;;;;;;;;;;;;;;;;;;;;;;;;0
G838;PONTECORVO;FR;54;18/12/2025;12/06/2026;CONFERMA;SI;0,8;Aliquota unica;0;Esenzione per Euro 10.000,00 per i soli redditi derivanti da pensione ;;;;;;;;;;;;;;;;;;;;;5;0
G839;PONTECURONE;AL;23;16/12/2025;21/01/2026;MODIFICA;SI;0;Esenzione per redditi imponibili fino a euro 12.000,00;,75;Aliquota unica;;;;;;;;;;;;;;;;;;;;;2;12000
G840;PONTEDASSIO;IM;1;05/02/2026;12/03/2026;CONFERMA;NO;0,8;Aliquota unica;;;;;;;;;;;;;;;;;;;;;;;1;0
G843;PONTEDERA;PI;;;;;NO;0*;;;;;;;;;;;;;;;;;;;;;;;;;0
G848;PONTELANDOLFO;BN;43;22/12/2025;23/01/2026;CONFERMA;NO;0,8;Aliquota unica;;;;;;;;;;;;;;;;;;;;;;;1;0
G849;PONTELATONE;CE;;;;;NO;0*;;;;;;;;;;;;;;;;;;;;;;;;;0
G850;PONTELONGO;PD;36;27/11/2025;16/02/2026;CONFERMA;SI;0;Esenzione per redditi imponibili fino a euro 13.000,00;,8;Aliquota unica;;;;;;;;;;;;;;;;;;;;;2;13000
G852;PONTENURE;PC;11;22/12/2025;14/01/2026;CONFERMA;SI;0;Esenzione per redditi imponibili fino a euro 11.500,00;,7;Aliquota unica;;;;;;;;;;;;;;;;;;;;;2;11500
G853;PONTERANICA;BG;;;;;NO;0*;;;;;;;;;;;;;;;;;;;;;;;;;0
G858;PONTESTURA;AL;;;;;NO;0*;;;;;;;;;;;;;;;;;;;;;;;;;0
G859;PONTEVICO;BS;45;29/12/2025;14/01/2026;CONFERMA;SI;0;Esenzione per redditi imponibili fino a euro 12.000,00;,55;Aliquota unica;;;;;;;;;;;;;;;;;;;;;2;12000
G860;PONTEY;AO;;;;;NO;0*;;;;;;;;;;;;;;;;;;;;;;;;;0
G861;PONTI;AL;;;;;NO;0*;;;;;;;;;;;;;;;;;;;;;;;;;0
G862;PONTI SUL MINCIO;MN;43;22/12/2025;16/04/2026;CONFERMA;SI;0;Esenzione per redditi imponibili fino a euro 12.000,00;,6;Applicabile a scaglione di reddito fino a euro 28.000,00;,7;Applicabile a scaglione di reddito da euro 28.000,01 fino a euro 50.000,00;,8;Applicabile a scaglione di reddito oltre euro 50.000,00;;;;;;;;;;;;;;;;;4;12000
G864;PONTIDA;BG;45;27/12/2025;17/06/2026;CONFERMA;NO;0,8;Aliquota unica;;;;;;;;;;;;;;;;;;;;;;;1;0
G865;PONTINIA;LT;64;23/12/2025;29/01/2026;CONFERMA;NO;0,8;Aliquota unica;;;;;;;;;;;;;;;;;;;;;;;1;0
G866;PONTINVREA;SV;;;;;NO;0*;;;;;;;;;;;;;;;;;;;;;;;;;0
G867;PONTIROLO NUOVO;BG;48;22/12/2025;05/05/2026;CONFERMA;SI;0;Esenzione per redditi imponibili fino a euro 15.000,00;,6;Aliquota unica;;;;;;;;;;;;;;;;;;;;;2;15000
G869;PONTOGLIO;BS;18;22/12/2025;10/03/2026;CONFERMA;SI;0;Esenzione per redditi imponibili fino a euro 8.999,99;,6;Aliquota unica;;;;;;;;;;;;;;;;;;;;;2;8999,99
G870;PONTREMOLI;MS;;;;;NO;0*;;;;;;;;;;;;;;;;;;;;;;;;;0
G854;PONT-SAINT-MARTIN;AO;;;;;NO;0*;;;;;;;;;;;;;;;;;;;;;;;;;0
G871;PONZA;LT;;;;;NO;0*;;;;;;;;;;;;;;;;;;;;;;;;;0
G873;PONZANO DI FERMO;FM;;;;;NO;0*;;;;;;;;;;;;;;;;;;;;;;;;;0
G872;PONZANO MONFERRATO;AL;29;11/12/2025;06/05/2026;DELIBERA ADOTTATA EX ART. 1, COMMA 751, L. 207/2024;SI;0,4;Applicabile a scaglione di reddito fino a euro 15.000,00;,75;Applicabile a scaglione di reddito da euro 15.000,01 fino a euro 28.000,00;,79;Applicabile a scaglione di reddito oltre euro 28.000,00 fino a euro 50.000,00;,8;Applicabile a scaglione di reddito oltre euro 50.000,00;;;;;;;;;;;;;;;;;0;0
G874;PONZANO ROMANO;RM;;;;;NO;0*;;;;;;;;;;;;;;;;;;;;;;;;;0
G875;PONZANO VENETO;TV;61;29/12/2025;09/01/2026;DELIBERA ADOTTATA EX ART. 1, COMMA 751, L. 207/2024;SI;0,77;Applicabile a scaglione di reddito fino a euro 15.000,00;,78;Applicabile a scaglione di reddito da euro 15.000,01 fino a euro 28.000,00;,79;Applicabile a scaglione di reddito da euro 28.000,01 fino a euro 50.000,00;,8;Applicabile a scaglione di reddito oltre euro 50.000,00;0;Esenzione per redditi imponibili fino a euro 12.000,00;;;;;;;;;;;;;;;0;0
G877;PONZONE;AL;;;;;NO;0*;;;;;;;;;;;;;;;;;;;;;;;;;0
G878;POPOLI TERME;PE;41;17/12/2025;07/01/2026;CONFERMA;SI;0;Esenzione per redditi imponibili fino a euro 10.000,00;,8;Aliquota unica;;;;;;;;;;;;;;;;;;;;;2;10000
G879;POPPI;AR;59;23/12/2025;05/03/2026;CONFERMA;SI;0;Esenzione per redditi imponibili fino a euro 13.000,00;,8;Aliquota unica;;;;;;;;;;;;;;;;;;;;;2;13000
G881;PORANO;TR;35;19/12/2025;25/08/2026;CONFERMA;NO;0,8;Aliquota unica;;;;;;;;;;;;;;;;;;;;;;;1;0
G882;PORCARI;LU;100;29/12/2025;13/04/2026;MODIFICA;SI;0;Esenzione per redditi imponibili fino a euro 15.000,00;,76;Applicabile a scaglione di reddito fino a euro 28.000,00;,77;Applicabile a scaglione di reddito da euro 28.000,01 fino a euro 50.000,00;,8;Applicabile a scaglione di reddito oltre euro 50.000,00;;;;;;;;;;;;;;;;;4;15000
G886;PORCIA;PN;;;;;NO;0*;;;;;;;;;;;;;;;;;;;;;;;;;0
G888;PORDENONE;PN;78;22/12/2025;14/01/2026;MODIFICA;SI;0;Esenzione per redditi imponibili fino a euro 20.000,00;,6;Aliquota unica;;;;;;;;;;;;;;;;;;;;;2;20000
G889;PORLEZZA;CO;;;;;NO;0*;;;;;;;;;;;;;;;;;;;;;;;;;0
G890;PORNASSIO;IM;3;02/02/2026;10/08/2026;CONFERMA;NO;0,8;Aliquota unica;;;;;;;;;;;;;;;;;;;;;;;1;0
G891;PORPETTO;UD;;;;;NO;0*;;;;;;;;;;;;;;;;;;;;;;;;;0
G894;PORTACOMARO;AT;;;;;NO;0*;;;;;;;;;;;;;;;;;;;;;;;;;0
G895;PORTALBERA;PV;29;25/11/2025;17/06/2026;MODIFICA;SI;0;Esenzione per redditi imponibili fino a euro 6.799,99;,64;Applicabile a scaglione di reddito fino a euro 28.000,00;,67;Applicabile a scaglione di reddito da euro 28.000,01 fino a euro 50.000,00;,7;Applicabile a scaglione di reddito oltre euro 50.000,00;;;;;;;;;;;;;;;;;4;6799,99
G900;PORTE;TO;3;20/01/2026;23/01/2026;CONFERMA;NO;0,7;Aliquota unica;;;;;;;;;;;;;;;;;;;;;;;1;0
M358;PORTE DI RENDENA;TN;;;;;NO;0*;;;;;;;;;;;;;;;;;;;;;;;;;0
G902;PORTICI;NA;;;;;NO;0*;;;;;;;;;;;;;;;;;;;;;;;;;0
G903;PORTICO DI CASERTA;CE;;;;;NO;0*;;;;;;;;;;;;;;;;;;;;;;;;;0
G904;PORTICO E SAN BENEDETTO;FC;;;;;NO;0*;;;;;;;;;;;;;;;;;;;;;;;;;0
G905;PORTIGLIOLA;RC;;;;;NO;0*;;;;;;;;;;;;;;;;;;;;;;;;;0
E680;PORTO AZZURRO;LI;6;26/02/2026;03/04/2026;CONFERMA;SI;0,8;Aliquota unica;0;Esenzione per redditi derivanti da pensione fino a euro 7.000,00;;;;;;;;;;;;;;;;;;;;;5;0
G906;PORTO CERESIO;VA;58;18/12/2025;12/02/2026;CONFERMA;NO;0,6;Aliquota unica;;;;;;;;;;;;;;;;;;;;;;;1;0
M263;PORTO CESAREO;LE;;;;;NO;0*;;;;;;;;;;;;;;;;;;;;;;;;;0
F299;PORTO EMPEDOCLE;AG;;;;;NO;0*;;;;;;;;;;;;;;;;;;;;;;;;;0
G917;PORTO MANTOVANO;MN;70;22/12/2025;25/05/2026;CONFERMA;SI;0;Esenzione per redditi imponibili fino a euro 15.000,00;,8;Aliquota unica;;;;;;;;;;;;;;;;;;;;;2;15000
G919;PORTO RECANATI;MC;;;;;NO;0*;;;;;;;;;;;;;;;;;;;;;;;;;0
G920;PORTO SAN GIORGIO;FM;61;29/12/2025;26/05/2026;CONFERMA;SI;0;Esenzione per redditi imponibili fino a euro 7.500,00;,8;Aliquota unica;;;;;;;;;;;;;;;;;;;;;2;7500
G921;PORTO SANT'ELPIDIO;FM;81;30/12/2025;26/02/2026;CONFERMA;SI;0;Esenzione per redditi imponibili fino a euro 12.500,00;,8;Aliquota unica;;;;;;;;;;;;;;;;;;;;;2;12500
G923;PORTO TOLLE;RO;;;;;NO;0*;;;;;;;;;;;;;;;;;;;;;;;;;0
G924;PORTO TORRES;SS;48;06/11/2025;15/04/2026;CONFERMA;SI;0;Esenzione per redditi imponibili fino a euro 15.000,00;,7;Applicabile a scaglione di reddito fino a euro 28.000,00;,8;Applicabile a scaglione di reddito da euro 28.000,01 fino a euro 50.000,00;,8;Applicabile a scaglione di reddito oltre euro 50.000,00;;;;;;;;;;;;;;;;;4;15000
G907;PORTO VALTRAVAGLIA;VA;;;;;NO;0*;;;;;;;;;;;;;;;;;;;;;;;;;0
G926;PORTO VIRO;RO;;;;;NO;0*;;;;;;;;;;;;;;;;;;;;;;;;;0
G909;PORTOBUFFOLE';TV;37;20/12/2025;05/02/2026;DELIBERA ADOTTATA EX ART. 1, COMMA 751, L. 207/2024;SI;0,3;Applicabile a scaglione di reddito fino a euro 15.000,00;,75;Applicabile a scaglione di reddito da euro 15.000,01 fino a euro 28.000,00;,75;Applicabile a scaglione di reddito da euro 28.000,01 fino a euro 50.000,00;,8;Applicabile a scaglione di reddito oltre euro 50.000,00;;;;;;;;;;;;;;;;;0;0
G910;PORTOCANNONE;CB;;;;;NO;0*;;;;;;;;;;;;;;;;;;;;;;;;;0
G912;PORTOFERRAIO;LI;;;;;NO;0*;;;;;;;;;;;;;;;;;;;;;;;;;0
G913;PORTOFINO;GE;;;;;NO;0*;;;;;;;;;;;;;;;;;;;;;;;;;0
G914;PORTOGRUARO;VE;;;;;NO;0*;;;;;;;;;;;;;;;;;;;;;;;;;0
G916;PORTOMAGGIORE;FE;;;;;NO;0*;;;;;;;;;;;;;;;;;;;;;;;;;0
M257;PORTOPALO DI CAPO PASSERO;SR;;;;;NO;0*;;;;;;;;;;;;;;;;;;;;;;;;;0
G922;PORTOSCUSO;SU;;;;;NO;0*;;;;;;;;;;;;;;;;;;;;;;;;;0
G925;PORTOVENERE;SP;;;;;NO;0*;;;;;;;;;;;;;;;;;;;;;;;;;0
G927;PORTULA;BI;;;;;NO;0*;;;;;;;;;;;;;;;;;;;;;;;;;0
G929;POSADA;NU;;;;;NO;0*;;;;;;;;;;;;;;;;;;;;;;;;;0
G931;POSINA;VI;;;;;NO;0*;;;;;;;;;;;;;;;;;;;;;;;;;0
G932;POSITANO;SA;28;28/11/2025;12/03/2026;CONFERMA;NO;0,5;Aliquota unica;;;;;;;;;;;;;;;;;;;;;;;1;0
G933;POSSAGNO;TV;;;;;NO;0*;;;;;;;;;;;;;;;;;;;;;;;;;0
G934;POSTA;RI;;;;;NO;0*;;;;;;;;;;;;;;;;;;;;;;;;;0
G935;POSTA FIBRENO;FR;;;;;NO;0*;;;;;;;;;;;;;;;;;;;;;;;;;0
G936;POSTAL;BZ;;;;;NO;0*;;;;;;;;;;;;;;;;;;;;;;;;;0
G937;POSTALESIO;SO;29;19/12/2025;17/04/2026;CONFERMA;NO;0,8;Aliquota unica;;;;;;;;;;;;;;;;;;;;;;;1;0
G939;POSTIGLIONE;SA;;;;;NO;0*;;;;;;;;;;;;;;;;;;;;;;;;;0
G940;POSTUA;VC;;;;;NO;0*;;;;;;;;;;;;;;;;;;;;;;;;;0
G942;POTENZA;PZ;;;;;NO;0*;;;;;;;;;;;;;;;;;;;;;;;;;0
F632;POTENZA PICENA;MC;48;29/12/2025;01/04/2026;CONFERMA;NO;0,8;Aliquota unica;;;;;;;;;;;;;;;;;;;;;;;1;0
G943;POVE DEL GRAPPA;VI;31;19/11/2025;23/01/2026;CONFERMA;SI;0;Esenzione per redditi imponibili fino a euro 12.000,00;,45;Aliquota unica;;;;;;;;;;;;;;;;;;;;;2;12000
G944;POVEGLIANO;TV;;;;;NO;0*;;;;;;;;;;;;;;;;;;;;;;;;;0
G945;POVEGLIANO VERONESE;VR;43;26/11/2025;08/01/2026;CONFERMA;SI;0;Esenzione per redditi imponibili fino a euro 9.000,00;,8;Aliquota unica;;;;;;;;;;;;;;;;;;;;;2;9000
G947;POVIGLIO;RE;52;30/12/2025;13/02/2026;CONFERMA;SI;0;Esenzione per redditi imponibili fino a euro 11.000,00;,8;Aliquota unica;;;;;;;;;;;;;;;;;;;;;2;11000
G949;POVOLETTO;UD;;;;;NO;0*;;;;;;;;;;;;;;;;;;;;;;;;;0
G951;POZZAGLIA SABINA;RI;;;;;NO;0*;;;;;;;;;;;;;;;;;;;;;;;;;0
B914;POZZAGLIO ED UNITI;CR;;;;;NO;0*;;;;;;;;;;;;;;;;;;;;;;;;;0
G953;POZZALLO;RG;;;;;NO;0*;;;;;;;;;;;;;;;;;;;;;;;;;0
G954;POZZILLI;IS;;;;;NO;0*;;;;;;;;;;;;;;;;;;;;;;;;;0
G955;POZZO D'ADDA;MI;5;10/03/2026;16/04/2026;CONFERMA;SI;0;Esenzione per redditi imponibili fino a euro 8.000,00;,8;Aliquota unica;;;;;;;;;;;;;;;;;;;;;2;8000
G960;POZZOL GROPPO;AL;16;11/12/2025;21/05/2026;CONFERMA;NO;0,5;Aliquota unica;;;;;;;;;;;;;;;;;;;;;;;1;0
G959;POZZOLENGO;BS;42;22/12/2025;30/01/2026;CONFERMA;SI;0;Esenzione per redditi imponibili fino a euro 12.000,00;,8;Aliquota unica;;;;;;;;;;;;;;;;;;;;;2;12000
G957;POZZOLEONE;VI;23;17/12/2025;03/03/2026;CONFERMA;NO;0,8;Aliquota unica;;;;;;;;;;;;;;;;;;;;;;;1;0
G961;POZZOLO FORMIGARO;AL;29;23/12/2025;19/08/2026;CONFERMA;SI;0;Esenzione per redditi imponibili fino a euro 10.000,00;,65;Aliquota unica;;;;;;;;;;;;;;;;;;;;;2;10000
G962;POZZOMAGGIORE;SS;;;;;NO;0*;;;;;;;;;;;;;;;;;;;;;;;;;0
G963;POZZONOVO;PD;29;29/12/2025;15/04/2026;CONFERMA;SI;0;Esenzione per redditi imponibili fino a euro 12.000,00;,6;Applicabile a scaglione di reddito fino a euro 28.000,00;,75;Applicabile a scaglione di reddito da euro 28.000,01 fino a euro 50.000,00;,8;Applicabile a scaglione di reddito oltre euro 50.000,00;;;;;;;;;;;;;;;;;4;12000
G964;POZZUOLI;NA;;;;;NO;0*;;;;;;;;;;;;;;;;;;;;;;;;;0
G966;POZZUOLO DEL FRIULI;UD;;;;;NO;0*;;;;;;;;;;;;;;;;;;;;;;;;;0
G965;POZZUOLO MARTESANA;MI;42;22/12/2025;13/01/2026;CONFERMA;SI;0;Esenzione per redditi imponibili fino a euro 10.000,00;,65;Aliquota unica;;;;;;;;;;;;;;;;;;;;;2;10000
G968;PRADALUNGA;BG;58;18/12/2025;04/05/2026;MODIFICA;SI;0;Esenzione per redditi imponibili fino a euro 10.000,00;,8;Aliquota unica;;;;;;;;;;;;;;;;;;;;;2;10000
G969;PRADAMANO;UD;;;;;NO;0*;;;;;;;;;;;;;;;;;;;;;;;;;0
G970;PRADLEVES;CN;24;19/12/2025;26/01/2026;MODIFICA;NO;0,8;Aliquota unica;;;;;;;;;;;;;;;;;;;;;;;1;0
G973;PRAGELATO;TO;;;;;NO;0*;;;;;;;;;;;;;;;;;;;;;;;;;0
G975;PRAIA A MARE;CS;;;;;NO;0*;;;;;;;;;;;;;;;;;;;;;;;;;0
G976;PRAIANO;SA;;;;;NO;0*;;;;;;;;;;;;;;;;;;;;;;;;;0
G977;PRALBOINO;BS;26;19/12/2025;22/01/2026;CONFERMA;SI;0;Esenzione per redditi imponibili fino a euro 14.999,99;,8;Aliquota unica;;;;;;;;;;;;;;;;;;;;;2;14999,99
G978;PRALI;TO;36;26/11/2025;03/02/2026;CONFERMA;NO;0,3;Aliquota unica;;;;;;;;;;;;;;;;;;;;;;;1;0
G979;PRALORMO;TO;25;22/12/2025;30/01/2026;CONFERMA;NO;0,3;Aliquota unica;;;;;;;;;;;;;;;;;;;;;;;1;0
G980;PRALUNGO;BI;;;;;NO;0*;;;;;;;;;;;;;;;;;;;;;;;;;0
G981;PRAMAGGIORE;VE;;;;;NO;0*;;;;;;;;;;;;;;;;;;;;;;;;;0
G982;PRAMOLLO;TO;;;;;NO;0*;;;;;;;;;;;;;;;;;;;;;;;;;0
G985;PRAROLO;VC;;;;;NO;0*;;;;;;;;;;;;;;;;;;;;;;;;;0
G986;PRAROSTINO;TO;37;29/12/2025;09/01/2026;DELIBERA ADOTTATA EX ART. 1, COMMA 751, L. 207/2024;SI;0,6;Applicabile a scaglione di reddito fino a euro 15.000,00;,65;Applicabile a scaglione di reddito da euro 15.000,01 fino a euro 28.000,00;,8;Applicabile a scaglione di reddito da euro 28.000,01 fino a euro 50.000,00;,8;Applicabile a scaglione di reddito oltre euro 50.000,00;;;;;;;;;;;;;;;;;0;0
G987;PRASCO;AL;;;;;NO;0*;;;;;;;;;;;;;;;;;;;;;;;;;0
G988;PRASCORSANO;TO;27;16/12/2025;31/03/2026;CONFERMA;SI;0,3;Applicabile a scaglione di reddito fino a euro 28.000,00;,7;Applicabile a scaglione di reddito da euro 28.000,01 fino a euro 50.000,00;,8;Applicabile a scaglione di reddito oltre euro 50.000,00;;;;;;;;;;;;;;;;;;;3;0
G993;PRATA CAMPORTACCIO;SO;;;;;NO;0*;;;;;;;;;;;;;;;;;;;;;;;;;0
G992;PRATA D'ANSIDONIA;AQ;;;;;NO;0*;;;;;;;;;;;;;;;;;;;;;;;;;0
G994;PRATA DI PORDENONE;PN;;;;;NO;0*;;;;;;;;;;;;;;;;;;;;;;;;;0
G990;PRATA DI PRINCIPATO ULTRA;AV;;;;;NO;0*;;;;;;;;;;;;;;;;;;;;;;;;;0
G991;PRATA SANNITA;CE;;;;;NO;0*;;;;;;;;;;;;;;;;;;;;;;;;;0
G995;PRATELLA;CE;;;;;NO;0*;;;;;;;;;;;;;;;;;;;;;;;;;0
G997;PRATIGLIONE;TO;;;;;NO;0*;;;;;;;;;;;;;;;;;;;;;;;;;0
G999;PRATO;PO;17;11/12/2025;09/04/2026;CONFERMA;NO;0,5;Aliquota unica;;;;;;;;;;;;;;;;;;;;;;;1;0
H004;PRATO ALLO STELVIO;BZ;;;;;NO;0*;;;;;;;;;;;;;;;;;;;;;;;;;0
H002;PRATO CARNICO;UD;;;;;NO;0*;;;;;;;;;;;;;;;;;;;;;;;;;0
H001;PRATO SESIA;NO;;;;;NO;0*;;;;;;;;;;;;;;;;;;;;;;;;;0
H007;PRATOLA PELIGNA;AQ;;;;;NO;0*;;;;;;;;;;;;;;;;;;;;;;;;;0
H006;PRATOLA SERRA;AV;33;23/12/2025;16/07/2026;CONFERMA;NO;0,8;Aliquota unica;;;;;;;;;;;;;;;;;;;;;;;1;0
M329;PRATOVECCHIO STIA;AR;46;23/12/2025;15/01/2026;CONFERMA;NO;0,8;Aliquota unica;;;;;;;;;;;;;;;;;;;;;;;1;0
H010;PRAVISDOMINI;PN;;;;;NO;0*;;;;;;;;;;;;;;;;;;;;;;;;;0
G974;PRAY;BI;;;;;NO;0*;;;;;;;;;;;;;;;;;;;;;;;;;0
H011;PRAZZO;CN;;;;;NO;0*;;;;;;;;;;;;;;;;;;;;;;;;;0
H014;PRECENICCO;UD;37;22/12/2025;20/01/2026;MODIFICA;SI;0;Esenzione per redditi imponibili fino a euro 10.000,00;,6;Applicabile a scaglione di reddito fino a euro 28.000,00;,65;Applicabile a scaglione di reddito da euro 28.000,01 fino a euro 50.000,00;,7;Applicabile a scaglione di reddito oltre euro 50.000,00;;;;;;;;;;;;;;;;;4;10000
H015;PRECI;PG;22;30/12/2025;23/01/2026;CONFERMA;NO;0,1;Aliquota unica;;;;;;;;;;;;;;;;;;;;;;;1;0
M344;PREDAIA;TN;;;;;NO;0*;;;;;;;;;;;;;;;;;;;;;;;;;0
H017;PREDAPPIO;FC;;;;;NO;0*;;;;;;;;;;;;;;;;;;;;;;;;;0
H018;PREDAZZO;TN;;;;;NO;0*;;;;;;;;;;;;;;;;;;;;;;;;;0
H019;PREDOI;BZ;;;;;NO;0*;;;;;;;;;;;;;;;;;;;;;;;;;0
H020;PREDORE;BG;29;27/12/2025;14/01/2026;CONFERMA;SI;0;Esenzione per redditi imponibili fino a euro 20.000,00;,3;Applicabile a scaglione di reddito fino a euro 28.000,00;,5;Applicabile a scaglione di reddito da euro 28.000,01 fino a euro 50.000,00;,7;Applicabile a scaglione di reddito oltre euro 50.000,00;;;;;;;;;;;;;;;;;4;20000
H021;PREDOSA;AL;;;;;NO;0*;;;;;;;;;;;;;;;;;;;;;;;;;0
H022;PREGANZIOL;TV;;;;;NO;0*;;;;;;;;;;;;;;;;;;;;;;;;;0
H026;PREGNANA MILANESE;MI;;;;;NO;0*;;;;;;;;;;;;;;;;;;;;;;;;;0
H027;PRELA';IM;;;;;NO;0*;;;;;;;;;;;;;;;;;;;;;;;;;0
H028;PREMANA;LC;29;30/12/2025;23/01/2026;CONFERMA;NO;0,8;Aliquota unica;;;;;;;;;;;;;;;;;;;;;;;1;0
H029;PREMARIACCO;UD;;;;;NO;0*;;;;;;;;;;;;;;;;;;;;;;;;;0
H030;PREMENO;VB;;;;;NO;0*;;;;;;;;;;;;;;;;;;;;;;;;;0
H033;PREMIA;VB;;;;;NO;0*;;;;;;;;;;;;;;;;;;;;;;;;;0
H034;PREMILCUORE;FC;40;29/12/2025;13/04/2026;MODIFICA;NO;0,8;Aliquota unica;;;;;;;;;;;;;;;;;;;;;;;1;0
H036;PREMOLO;BG;35;29/12/2025;13/01/2026;CONFERMA;NO;0,3;Aliquota unica;;;;;;;;;;;;;;;;;;;;;;;1;0
H037;PREMOSELLO-CHIOVENDA;VB;;;;;NO;0*;;;;;;;;;;;;;;;;;;;;;;;;;0
H038;PREONE;UD;;;;;NO;0*;;;;;;;;;;;;;;;;;;;;;;;;;0
H040;PREPOTTO;UD;;;;;NO;0*;;;;;;;;;;;;;;;;;;;;;;;;;0
H042;PRE'-SAINT-DIDIER;AO;;;;;NO;0*;;;;;;;;;;;;;;;;;;;;;;;;;0
H043;PRESEGLIE;BS;;;;;NO;0*;;;;;;;;;;;;;;;;;;;;;;;;;0
H045;PRESENZANO;CE;;;;;NO;0*;;;;;;;;;;;;;;;;;;;;;;;;;0
H046;PRESEZZO;BG;41;19/12/2025;30/01/2026;CONFERMA;NO;0,8;Aliquota unica;;;;;;;;;;;;;;;;;;;;;;;1;0
M428;PRESICCE-ACQUARICA;LE;86;29/12/2025;26/02/2026;CONFERMA;NO;0,65;Aliquota unica;;;;;;;;;;;;;;;;;;;;;;;1;0
H048;PRESSANA;VR;2;10/02/2026;25/02/2026;CONFERMA;SI;0;Esenzione per redditi imponibili fino a euro 8.000,00;,8;Aliquota unica;;;;;;;;;;;;;;;;;;;;;2;8000
H052;PRETORO;CH;31;22/12/2025;23/02/2026;CONFERMA;NO;0,8;Aliquota unica;;;;;;;;;;;;;;;;;;;;;;;1;0
H055;PREVALLE;BS;;;;;NO;0*;;;;;;;;;;;;;;;;;;;;;;;;;0
H056;PREZZA;AQ;19;22/12/2025;02/03/2026;MODIFICA;NO;0,8;Aliquota unica;;;;;;;;;;;;;;;;;;;;;;;1;0
H059;PRIERO;CN;;;;;NO;0*;;;;;;;;;;;;;;;;;;;;;;;;;0
H062;PRIGNANO CILENTO;SA;3;13/03/2026;03/06/2026;CONFERMA;NO;0,4;Aliquota unica;;;;;;;;;;;;;;;;;;;;;;;1;0
H061;PRIGNANO SULLA SECCHIA;MO;41;29/12/2025;05/08/2026;CONFERMA;SI;0;Esenzione per redditi imponibili fino a euro 10.000,00;,8;Aliquota unica;;;;;;;;;;;;;;;;;;;;;2;10000
H063;PRIMALUNA;LC;126;17/11/2025;06/02/2026;CONFERMA;NO;0,7;Aliquota unica;;;;;;;;;;;;;;;;;;;;;;;1;0
M359;PRIMIERO SAN MARTINO DI CASTROZZA;TN;;;;;NO;0*;;;;;;;;;;;;;;;;;;;;;;;;;0
H068;PRIOCCA;CN;29;23/12/2025;10/04/2026;CONFERMA;NO;0,7;Aliquota unica;;;;;;;;;;;;;;;;;;;;;;;1;0
H069;PRIOLA;CN;47;22/12/2025;28/01/2026;CONFERMA;NO;0,8;Aliquota unica;;;;;;;;;;;;;;;;;;;;;;;1;0
M279;PRIOLO GARGALLO;SR;;;;;NO;0*;;;;;;;;;;;;;;;;;;;;;;;;;0
G698;PRIVERNO;LT;;;;;NO;0*;;;;;;;;;;;;;;;;;;;;;;;;;0
H070;PRIZZI;PA;;;;;NO;0*;;;;;;;;;;;;;;;;;;;;;;;;;0
H071;PROCENO;VT;9;24/02/2026;05/03/2026;CONFERMA;NO;0,8;Aliquota unica;;;;;;;;;;;;;;;;;;;;;;;1;0
H072;PROCIDA;NA;;;;;NO;0*;;;;;;;;;;;;;;;;;;;;;;;;;0
H073;PROPATA;GE;;;;;NO;0*;;;;;;;;;;;;;;;;;;;;;;;;;0
H074;PROSERPIO;CO;25;15/12/2025;13/01/2026;MODIFICA;SI;0;Esenzione per redditi imponibili fino a euro 8.000,00;,55;Applicabile a scaglione di reddito fino a euro 28.000,00;,76;Applicabile a scaglione di reddito da euro 28.000,01 fino a euro 50.000,00;,8;Applicabile a scaglione di reddito oltre euro 50.000,00;;;;;;;;;;;;;;;;;4;8000
H076;PROSSEDI;LT;22;17/12/2025;06/05/2026;CONFERMA;NO;0,7;Aliquota unica;;;;;;;;;;;;;;;;;;;;;;;1;0
H078;PROVAGLIO D'ISEO;BS;34;23/12/2025;14/01/2026;MODIFICA;SI;0;Esenzione per redditi imponibili fino a euro 10.000,00;,8;Aliquota unica;;;;;;;;;;;;;;;;;;;;;2;10000
H077;PROVAGLIO VAL SABBIA;BS;27;16/12/2025;22/01/2026;CONFERMA;NO;0,6;Aliquota unica;;;;;;;;;;;;;;;;;;;;;;;1;0
H081;PROVES;BZ;;;;;NO;0*;;;;;;;;;;;;;;;;;;;;;;;;;0
H083;PROVVIDENTI;CB;;;;;NO;0*;;;;;;;;;;;;;;;;;;;;;;;;;0
H085;PRUNETTO;CN;;;;;NO;0*;;;;;;;;;;;;;;;;;;;;;;;;;0
H086;PUEGNAGO SUL GARDA;BS;34;15/12/2025;01/07/2026;CONFERMA;SI;0;Esenzione per redditi imponibili fino a euro 15.000,00;,8;Aliquota unica;;;;;;;;;;;;;;;;;;;;;2;15000
H087;PUGLIANELLO;BN;;;;;NO;0*;;;;;;;;;;;;;;;;;;;;;;;;;0
H088;PULA;CA;;;;;NO;0*;;;;;;;;;;;;;;;;;;;;;;;;;0
H089;PULFERO;UD;;;;;NO;0*;;;;;;;;;;;;;;;;;;;;;;;;;0
H090;PULSANO;TA;112;19/12/2025;29/01/2026;MODIFICA;SI;0;Esenzione per redditi imponibili fino a euro 7.002,84;,8;Aliquota unica;;;;;;;;;;;;;;;;;;;;;2;7002,84
H091;PUMENENGO;BG;34;22/12/2025;12/02/2026;MODIFICA;SI;0;Esenzione per redditi imponibili fino a euro 8.999,99;,8;Aliquota unica;;;;;;;;;;;;;;;;;;;;;2;8999,99
H094;PUSIANO;CO;;;;;NO;0*;;;;;;;;;;;;;;;;;;;;;;;;;0
H095;PUTIFIGARI;SS;;;;;NO;0*;;;;;;;;;;;;;;;;;;;;;;;;;0
H096;PUTIGNANO;BA;62;10/11/2025;09/02/2026;CONFERMA;SI;0;Esenzione per redditi imponibili fino a euro 10.000,00;,8;Aliquota unica;;;;;;;;;;;;;;;;;;;;;2;10000
H097;QUADRELLE;AV;23;26/11/2025;14/01/2026;CONFERMA;NO;0,6;Aliquota unica;;;;;;;;;;;;;;;;;;;;;;;1;0
H098;QUADRI;CH;;;;;NO;0*;;;;;;;;;;;;;;;;;;;;;;;;;0
H100;QUAGLIUZZO;TO;20;19/12/2025;04/02/2026;CONFERMA;NO;0,8;Aliquota unica;;;;;;;;;;;;;;;;;;;;;;;1;0
H101;QUALIANO;NA;;;;;NO;0*;;;;;;;;;;;;;;;;;;;;;;;;;0
H102;QUARANTI;AT;;;;;NO;0*;;;;;;;;;;;;;;;;;;;;;;;;;0
M414;QUAREGNA CERRETO;BI;27;27/11/2025;13/01/2026;CONFERMA;NO;0,5;Aliquota unica;;;;;;;;;;;;;;;;;;;;;;;1;0
H104;QUARGNENTO;AL;;;;;NO;0*;;;;;;;;;;;;;;;;;;;;;;;;;0
H106;QUARNA SOPRA;VB;;;;;NO;0*;;;;;;;;;;;;;;;;;;;;;;;;;0
H107;QUARNA SOTTO;VB;;;;;NO;0*;;;;;;;;;;;;;;;;;;;;;;;;;0
H108;QUARONA;VC;24;17/12/2025;26/01/2026;CONFERMA;SI;0;Esenzione per redditi imponibili fino a euro 10.000,00;,8;Aliquota unica;;;;;;;;;;;;;;;;;;;;;2;10000
H109;QUARRATA;PT;;;;;NO;0*;;;;;;;;;;;;;;;;;;;;;;;;;0
H110;QUART;AO;;;;;NO;0*;;;;;;;;;;;;;;;;;;;;;;;;;0
H114;QUARTO;NA;;;;;NO;0*;;;;;;;;;;;;;;;;;;;;;;;;;0
H117;QUARTO D'ALTINO;VE;;;;;NO;0*;;;;;;;;;;;;;;;;;;;;;;;;;0
H118;QUARTU SANT'ELENA;CA;116;16/12/2025;04/08/2026;CONFERMA;SI;0;Esenzione per redditi imponibili fino a euro 12.000,00;,8;Aliquota unica;;;;;;;;;;;;;;;;;;;;;2;12000
H119;QUARTUCCIU;CA;;;;;NO;0*;;;;;;;;;;;;;;;;;;;;;;;;;0
H120;QUASSOLO;TO;;;;;NO;0*;;;;;;;;;;;;;;;;;;;;;;;;;0
H121;QUATTORDIO;AL;20;29/12/2025;09/03/2026;DELIBERA ADOTTATA EX ART. 1, COMMA 751, L. 207/2024;SI;0,2;Applicabile a  scaglione di reddito fino a euro 15.000,00;,35;Applicabile a scaglione di reddito da euro 15.000,01 fino a euro 28.000,00;,5;Applicabile a scaglione di reddito da euro 28.000,01 fino a euro 50.000,00;,75;Applicabile a scaglione di reddito oltre euro 50.000,00;0;Esenzione per redditi imponibili fino a euro 12.000,00;;;;;;;;;;;;;;;0;0
H122;QUATTRO CASTELLA;RE;54;18/12/2025;13/02/2026;CONFERMA;SI;0;Esenzione per redditi imponibili fino a euro 12.000,00;,8;Aliquota unica;;;;;;;;;;;;;;;;;;;;;2;12000
H126;QUILIANO;SV;;;;;NO;0*;;;;;;;;;;;;;;;;;;;;;;;;;0
H127;QUINCINETTO;TO;32;19/12/2025;20/01/2026;CONFERMA;NO;0,6;Aliquota unica;;;;;;;;;;;;;;;;;;;;;;;1;0
H128;QUINDICI;AV;;;;;NO;0*;;;;;;;;;;;;;;;;;;;;;;;;;0
H129;QUINGENTOLE;MN;33;30/12/2025;23/01/2026;CONFERMA;SI;0;Esenzione per redditi imponibili fino a euro 10.000,00;,8;Aliquota unica;;;;;;;;;;;;;;;;;;;;;2;10000
H130;QUINTANO;CR;40;22/12/2025;15/01/2026;CONFERMA;NO;0,6;Aliquota unica;;;;;;;;;;;;;;;;;;;;;;;1;0
H131;QUINTO DI TREVISO;TV;;;;;NO;0*;;;;;;;;;;;;;;;;;;;;;;;;;0
H132;QUINTO VERCELLESE;VC;;;;;NO;0*;;;;;;;;;;;;;;;;;;;;;;;;;0
H134;QUINTO VICENTINO;VI;48;16/12/2025;19/02/2026;CONFERMA;SI;0;Esenzione per redditi imponibili fino a euro 12.000,00;,8;Aliquota unica;;;;;;;;;;;;;;;;;;;;;2;12000
H140;QUINZANO D'OGLIO;BS;51;17/12/2025;22/01/2026;CONFERMA;SI;0;Esenzione per redditi imponibili fino a euro 10.000,00;,75;Aliquota unica;;;;;;;;;;;;;;;;;;;;;2;10000
H143;QUISTELLO;MN;;;;;NO;0*;;;;;;;;;;;;;;;;;;;;;;;;;0
H146;RABBI;TN;;;;;NO;0*;;;;;;;;;;;;;;;;;;;;;;;;;0
H147;RACALE;LE;;;;;NO;0*;;;;;;;;;;;;;;;;;;;;;;;;;0
H148;RACALMUTO;AG;;;;;NO;0*;;;;;;;;;;;;;;;;;;;;;;;;;0
H150;RACCONIGI;CN;40;19/12/2025;12/02/2026;CONFERMA;NO;0,8;Aliquota unica;;;;;;;;;;;;;;;;;;;;;;;1;0
H151;RACCUJA;ME;;;;;NO;0*;;;;;;;;;;;;;;;;;;;;;;;;;0
H152;RACINES;BZ;;;;;NO;0*;;;;;;;;;;;;;;;;;;;;;;;;;0
H153;RADDA IN CHIANTI;SI;;;;;NO;0*;;;;;;;;;;;;;;;;;;;;;;;;;0
H154;RADDUSA;CT;;;;;NO;0*;;;;;;;;;;;;;;;;;;;;;;;;;0
H156;RADICOFANI;SI;;;;;NO;0*;;;;;;;;;;;;;;;;;;;;;;;;;0
H157;RADICONDOLI;SI;;;;;NO;0*;;;;;;;;;;;;;;;;;;;;;;;;;0
H159;RAFFADALI;AG;;;;;NO;0*;;;;;;;;;;;;;;;;;;;;;;;;;0
M287;RAGALNA;CT;;;;;NO;0*;;;;;;;;;;;;;;;;;;;;;;;;;0
H161;RAGOGNA;UD;;;;;NO;0*;;;;;;;;;;;;;;;;;;;;;;;;;0
H163;RAGUSA;RG;;;;;NO;0*;;;;;;;;;;;;;;;;;;;;;;;;;0
H166;RAIANO;AQ;;;;;NO;0*;;;;;;;;;;;;;;;;;;;;;;;;;0
H168;RAMACCA;CT;;;;;NO;0*;;;;;;;;;;;;;;;;;;;;;;;;;0
H173;RANCIO VALCUVIA;VA;20;15/12/2025;23/02/2026;CONFERMA;SI;0;Esenzione per redditi imponibili fino a euro 8.000,00;,6;Aliquota unica;;;;;;;;;;;;;;;;;;;;;2;8000
H174;RANCO;VA;27;11/12/2025;01/07/2026;CONFERMA;SI;0;Esenzione per redditi imponibili fino a euro 10.000,00;,5;Aliquota unica;;;;;;;;;;;;;;;;;;;;;2;10000
H175;RANDAZZO;CT;;;;;NO;0*;;;;;;;;;;;;;;;;;;;;;;;;;0
H176;RANICA;BG;39;18/12/2025;16/01/2026;CONFERMA;SI;0;Esenzione per redditi imponibili fino a euro 12.000,00;,75;Aliquota unica;;;;;;;;;;;;;;;;;;;;;2;12000
H177;RANZANICO;BG;;;;;NO;0*;;;;;;;;;;;;;;;;;;;;;;;;;0
H180;RANZO;IM;21;18/11/2025;07/01/2026;CONFERMA;NO;0,8;Aliquota unica;;;;;;;;;;;;;;;;;;;;;;;1;0
H182;RAPAGNANO;FM;33;26/11/2025;28/05/2026;CONFERMA;SI;0;Esenzione per redditi imponibili fino a euro 7.500,00;,8;Aliquota unica;;;;;;;;;;;;;;;;;;;;;2;7500
H183;RAPALLO;GE;;;;;NO;0*;;;;;;;;;;;;;;;;;;;;;;;;;0
H184;RAPINO;CH;;;;;NO;0*;;;;;;;;;;;;;;;;;;;;;;;;;0
H185;RAPOLANO TERME;SI;;;;;NO;0*;;;;;;;;;;;;;;;;;;;;;;;;;0
H186;RAPOLLA;PZ;53;17/12/2025;07/01/2026;CONFERMA;NO;0,8;Aliquota unica;;;;;;;;;;;;;;;;;;;;;;;1;0
H187;RAPONE;PZ;34;22/10/2025;07/01/2026;ISTITUISCE;NO;0,6;Aliquota unica;;;;;;;;;;;;;;;;;;;;;;;1;0
H188;RASSA;VC;4;25/02/2026;12/03/2026;CONFERMA;SI;0;Esenzione per redditi imponibili fino a euro 15.000,00;,5;Aliquota unica;;;;;;;;;;;;;;;;;;;;;2;15000
H189;RASUN ANTERSELVA;BZ;;;;;NO;0*;;;;;;;;;;;;;;;;;;;;;;;;;0
H192;RASURA;SO;34;29/12/2025;09/01/2026;MODIFICA;SI;0;Esenzione per redditi imponibili fino a euro 10.000,00;,8;Aliquota unica;;;;;;;;;;;;;;;;;;;;;2;10000
H194;RAVANUSA;AG;;;;;NO;0*;;;;;;;;;;;;;;;;;;;;;;;;;0
H195;RAVARINO;MO;;;;;NO;0*;;;;;;;;;;;;;;;;;;;;;;;;;0
H196;RAVASCLETTO;UD;;;;;NO;0*;;;;;;;;;;;;;;;;;;;;;;;;;0
H198;RAVELLO;SA;54;30/12/2025;21/07/2026;CONFERMA;SI;0;Esenzione per redditi imponibili fino a euro 9.000,00;,55;Applicabile a scaglione di reddito fino a euro 28.000,00;,75;Applicabile a scaglione di reddito da euro 28.000,01 fino a euro 50.000,00;,8;Applicabile a scaglione di reddito oltre euro 50.000,00;;;;;;;;;;;;;;;;;4;9000
H199;RAVENNA;RA;;;;;NO;0*;;;;;;;;;;;;;;;;;;;;;;;;;0
H200;RAVEO;UD;36;29/12/2025;22/07/2026;CONFERMA;SI;0,2;Applicabile a scaglione di reddito fino a euro 15.000,00;,4;Applicabile a scaglione di reddito da euro 15.000,01 fino a euro 28.000,00;,6;Applicabile a scaglione di reddito da euro 28.000,01 fino a euro 50.000,00;,7;Applicabile a scaglione di reddito oltre euro 50.000,00;;;;;;;;;;;;;;;;;0;0
H202;RAVISCANINA;CE;;;;;NO;0*;;;;;;;;;;;;;;;;;;;;;;;;;0
H203;RE;VB;;;;;NO;0*;;;;;;;;;;;;;;;;;;;;;;;;;0
H204;REA;PV;24;19/12/2025;26/01/2026;CONFERMA;SI;0;Esenzione per redditi imponibili fino a euro 9.999,99;,8;Aliquota unica;;;;;;;;;;;;;;;;;;;;;2;9999,99
H205;REALMONTE;AG;;;;;NO;0*;;;;;;;;;;;;;;;;;;;;;;;;;0
H206;REANA DEL ROJALE;UD;;;;;NO;0*;;;;;;;;;;;;;;;;;;;;;;;;;0
H207;REANO;TO;;;;;NO;0*;;;;;;;;;;;;;;;;;;;;;;;;;0
H210;RECALE;CE;32;01/12/2025;10/08/2026;CONFERMA;NO;0,8;Aliquota unica;;;;;;;;;;;;;;;;;;;;;;;1;0
H211;RECANATI;MC;;;;;NO;0*;;;;;;;;;;;;;;;;;;;;;;;;;0
H212;RECCO;GE;;;;;NO;0*;;;;;;;;;;;;;;;;;;;;;;;;;0
H213;RECETTO;NO;26;23/12/2025;13/01/2026;CONFERMA;SI;0;Esenzione per redditi imponibili fino a euro 10.000,00;,6;Aliquota unica;;;;;;;;;;;;;;;;;;;;;2;10000
H214;RECOARO TERME;VI;;;;;NO;0*;;;;;;;;;;;;;;;;;;;;;;;;;0
H216;REDAVALLE;PV;28;16/12/2025;26/03/2026;CONFERMA;NO;0,75;Aliquota unica;;;;;;;;;;;;;;;;;;;;;;;1;0
H218;REDONDESCO;MN;31;20/12/2025;13/01/2026;MODIFICA;SI;0;Esenzione per redditi imponibili fino a euro 10.000,00;,8;Aliquota unica;;;;;;;;;;;;;;;;;;;;;2;10000
H219;REFRANCORE;AT;;;;;NO;0*;;;;;;;;;;;;;;;;;;;;;;;;;0
H220;REFRONTOLO;TV;23;29/12/2025;23/03/2026;CONFERMA;SI;0;Esenzione per redditi imponibili fino a euro 10.000,00;,8;Aliquota unica;;;;;;;;;;;;;;;;;;;;;2;10000
H221;REGALBUTO;EN;47;26/11/2025;13/01/2026;CONFERMA;NO;0,45;Aliquota unica;;;;;;;;;;;;;;;;;;;;;;;1;0
H222;REGGELLO;FI;;;;;NO;0*;;;;;;;;;;;;;;;;;;;;;;;;;0
H224;REGGIO CALABRIA;RC;;;;;NO;0*;;;;;;;;;;;;;;;;;;;;;;;;;0
H223;REGGIO EMILIA;RE;10;19/01/2026;02/02/2026;MODIFICA;SI;0;Esenzione per redditi imponibili fino a euro 15.000,00;,8;Aliquota unica;;;;;;;;;;;;;;;;;;;;;2;15000
H225;REGGIOLO;RE;;;;;NO;0*;;;;;;;;;;;;;;;;;;;;;;;;;0
H227;REINO;BN;30;29/12/2025;10/03/2026;CONFERMA;NO;0,8;Aliquota unica;;;;;;;;;;;;;;;;;;;;;;;1;0
H228;REITANO;ME;;;;;NO;0*;;;;;;;;;;;;;;;;;;;;;;;;;0
H229;REMANZACCO;UD;;;;;NO;0*;;;;;;;;;;;;;;;;;;;;;;;;;0
H230;REMEDELLO;BS;33;19/12/2025;13/02/2026;CONFERMA;SI;0;Esenzione per redditi imponibili fino a euro 15.000,00;,8;Aliquota unica;;;;;;;;;;;;;;;;;;;;;2;15000
H233;RENATE;MB;1;20/01/2026;26/02/2026;CONFERMA;SI;0,7;Applicabile a scaglione di reddito fino a euro 28.000,00;,75;Applicabile a scaglione di reddito da euro 28.000,01 fino a euro 50.000,00;,8;Applicabile a scaglione di reddito oltre euro 50.000,00;;;;;;;;;;;;;;;;;;;3;0
H235;RENDE;CS;;;;;NO;0*;;;;;;;;;;;;;;;;;;;;;;;;;0
H236;RENON;BZ;;;;;NO;0*;;;;;;;;;;;;;;;;;;;;;;;;;0
H238;RESANA;TV;;;;;NO;0*;;;;;;;;;;;;;;;;;;;;;;;;;0
H240;RESCALDINA;MI;;;;;NO;0*;;;;;;;;;;;;;;;;;;;;;;;;;0
H242;RESIA;UD;;;;;NO;0*;;;;;;;;;;;;;;;;;;;;;;;;;0
H244;RESIUTTA;UD;;;;;NO;0*;;;;;;;;;;;;;;;;;;;;;;;;;0
H245;RESUTTANO;CL;;;;;NO;0*;;;;;;;;;;;;;;;;;;;;;;;;;0
H246;RETORBIDO;PV;;;;;NO;0*;;;;;;;;;;;;;;;;;;;;;;;;;0
H247;REVELLO;CN;;;;;NO;0*;;;;;;;;;;;;;;;;;;;;;;;;;0
H250;REVIGLIASCO D'ASTI;AT;21;20/12/2025;28/01/2026;MODIFICA;NO;0,8;Aliquota unica;;;;;;;;;;;;;;;;;;;;;;;1;0
H253;REVINE LAGO;TV;44;26/11/2025;07/01/2026;MODIFICA;SI;0;Esenzione per redditi imponibili fino a euro 10.000,00;,65;Applicabile a scaglione di reddito fino a euro 28.000,00;,75;Applicabile a scaglione di reddito da euro 28.000,01 fino a euro 50.000,00;,8;Applicabile a scaglione di reddito oltre euro 50.000,00;;;;;;;;;;;;;;;;;4;10000
H255;REZZAGO;CO;38;27/11/2025;23/01/2026;CONFERMA;NO;0,2;Aliquota unica;;;;;;;;;;;;;;;;;;;;;;;1;0
H256;REZZATO;BS;;;;;NO;0*;;;;;;;;;;;;;;;;;;;;;;;;;0
H257;REZZO;IM;14;22/10/2025;05/02/2026;CONFERMA;NO;0,8;Aliquota unica;;;;;;;;;;;;;;;;;;;;;;;1;0
H258;REZZOAGLIO;GE;;;;;NO;0*;;;;;;;;;;;;;;;;;;;;;;;;;0
H262;RHEMES-NOTRE-DAME;AO;;;;;NO;0*;;;;;;;;;;;;;;;;;;;;;;;;;0
H263;RHEMES-SAINT-GEORGES;AO;;;;;NO;0*;;;;;;;;;;;;;;;;;;;;;;;;;0
H264;RHO;MI;14;11/03/2026;13/04/2026;CONFERMA;SI;0;Esenzione per redditi imponibili fino a euro 15.000,00;,8;Aliquota unica;;;;;;;;;;;;;;;;;;;;;2;15000
H265;RIACE;RC;;;;;NO;0*;;;;;;;;;;;;;;;;;;;;;;;;;0
H266;RIALTO;SV;;;;;NO;0*;;;;;;;;;;;;;;;;;;;;;;;;;0
H267;RIANO;RM;;;;;NO;0*;;;;;;;;;;;;;;;;;;;;;;;;;0
H268;RIARDO;CE;40;10/12/2025;23/01/2026;CONFERMA;NO;0,8;Aliquota unica;;;;;;;;;;;;;;;;;;;;;;;1;0
H269;RIBERA;AG;;;;;NO;0*;;;;;;;;;;;;;;;;;;;;;;;;;0
H270;RIBORDONE;TO;;;;;NO;0*;;;;;;;;;;;;;;;;;;;;;;;;;0
H271;RICADI;VV;;;;;NO;0*;;;;;;;;;;;;;;;;;;;;;;;;;0
H272;RICALDONE;AL;30;20/12/2025;18/03/2026;MODIFICA;SI;0,35;Applicabile a scaglione di reddito fino a euro 15.000,00;,45;Applicabile a scaglione di reddito da euro 15.000,01 fino a euro 28.000,00;,6;Applicabile a scaglione di reddito da euro 28.000,01 fino a euro 50.000,00;,8;Applicabile a scaglione di reddito oltre euro 50.000,00;;;;;;;;;;;;;;;;;0;0
H273;RICCIA;CB;44;18/12/2025;17/06/2026;CONFERMA;SI;0;Esenzione per redditi imponibili fino a euro 10.000,00;,8;Aliquota unica;;;;;;;;;;;;;;;;;;;;;2;10000
H274;RICCIONE;RN;4;12/02/2026;13/04/2026;MODIFICA;SI;0;Esenzione per redditi imponibili fino a euro 15.000,00;,5;Applicabile a scaglione di reddito fino a euro 28.000,00;,75;Applicabile a scaglione di reddito da euro 28.000,01 fino a euro 50.000,00;,8;Applicabile a scaglione di reddito oltre euro 50.000,00;;;;;;;;;;;;;;;;;4;15000
H275;RICCO' DEL GOLFO DI SPEZIA;SP;36;22/12/2025;22/01/2026;CONFERMA;SI;0;Esenzione per redditi imponibili fino a euro 7.500,00;,8;Aliquota unica;;;;;;;;;;;;;;;;;;;;;2;7500
H276;RICENGO;CR;4;27/02/2026;05/03/2026;CONFERMA;NO;0,65;Aliquota unica;;;;;;;;;;;;;;;;;;;;;;;1;0
H277;RICIGLIANO;SA;;;;;NO;0*;;;;;;;;;;;;;;;;;;;;;;;;;0
H280;RIESE PIO X;TV;34;17/12/2025;27/01/2026;CONFERMA;SI;0;Esenzione per redditi imponibili fino a euro 15.000,00;,4;Applicabile a scaglione di reddito fino a euro 28.000,00;,6;Applicabile a scaglione di reddito da euro 28.000,01 fino a euro 50.000,00;,7;Applicabile a scaglione di reddito oltre euro 50.000,00;;;;;;;;;;;;;;;;;4;15000
H281;RIESI;CL;;;;;NO;0*;;;;;;;;;;;;;;;;;;;;;;;;;0
H282;RIETI;RI;95;23/12/2025;04/02/2026;CONFERMA;NO;0,8;Aliquota unica;;;;;;;;;;;;;;;;;;;;;;;1;0
H284;RIFIANO;BZ;;;;;NO;0*;;;;;;;;;;;;;;;;;;;;;;;;;0
H285;RIFREDDO;CN;33;19/12/2025;27/01/2026;MODIFICA;NO;0,7;Aliquota unica;;;;;;;;;;;;;;;;;;;;;;;1;0
H288;RIGNANO FLAMINIO;RM;3;02/03/2026;01/04/2026;CONFERMA;SI;0;Esenzione per redditi imponibili fino a euro 3.500,00;,8;Aliquota unica;;;;;;;;;;;;;;;;;;;;;2;3500
H287;RIGNANO GARGANICO;FG;;;;;NO;0*;;;;;;;;;;;;;;;;;;;;;;;;;0
H286;RIGNANO SULL'ARNO;FI;;;;;NO;0*;;;;;;;;;;;;;;;;;;;;;;;;;0
H289;RIGOLATO;UD;;;;;NO;0*;;;;;;;;;;;;;;;;;;;;;;;;;0
H293;RIMELLA;VC;;;;;NO;0*;;;;;;;;;;;;;;;;;;;;;;;;;0
H294;RIMINI;RN;;;;;NO;0*;;;;;;;;;;;;;;;;;;;;;;;;;0
M391;RIO;LI;5;26/02/2026;27/05/2026;CONFERMA;NO;0,8;Aliquota unica;;;;;;;;;;;;;;;;;;;;;;;1;0
H299;RIO DI PUSTERIA;BZ;;;;;NO;0*;;;;;;;;;;;;;;;;;;;;;;;;;0
H298;RIO SALICETO;RE;4;23/02/2026;13/08/2026;CONFERMA;SI;0;Esenzione per redditi imponibili fino a euro 8.500,00;,8;Aliquota unica;;;;;;;;;;;;;;;;;;;;;2;8500
H300;RIOFREDDO;RM;24;03/12/2025;15/01/2026;CONFERMA;SI;0,6;Applicabile a scaglione di reddito fino a euro 28.000,00;,8;Applicabile a scaglione di reddito da euro 28.000,01 fino a euro 50.000,00;,8;Applicabile a scaglione di reddito oltre euro 50.000,00;;;;;;;;;;;;;;;;;;;3;0
H301;RIOLA SARDO;OR;;;;;NO;0*;;;;;;;;;;;;;;;;;;;;;;;;;0
H302;RIOLO TERME;RA;;;;;NO;0*;;;;;;;;;;;;;;;;;;;;;;;;;0
H303;RIOLUNATO;MO;26;29/12/2025;06/02/2026;CONFERMA;SI;0;Esenzione per redditi imponibili fino a euro 15.000,00;,5;Aliquota unica;;;;;;;;;;;;;;;;;;;;;2;15000
H304;RIOMAGGIORE;SP;40;27/12/2025;03/06/2026;CONFERMA;NO;0,8;Aliquota unica;;;;;;;;;;;;;;;;;;;;;;;1;0
H307;RIONERO IN VULTURE;PZ;57;30/12/2025;20/01/2026;CONFERMA;SI;0;Esenzione per redditi imponibili fino a euro 8.000,00;,8;Aliquota unica;;;;;;;;;;;;;;;;;;;;;2;8000
H308;RIONERO SANNITICO;IS;33;04/12/2025;19/06/2026;CONFERMA;NO;0,8;Aliquota unica;;;;;;;;;;;;;;;;;;;;;;;1;0
H320;RIPA TEATINA;CH;51;29/12/2025;04/02/2026;CONFERMA;NO;0,8;Aliquota unica;;;;;;;;;;;;;;;;;;;;;;;1;0
H311;RIPABOTTONI;CB;;;;;NO;0*;;;;;;;;;;;;;;;;;;;;;;;;;0
H312;RIPACANDIDA;PZ;;;;;NO;0*;;;;;;;;;;;;;;;;;;;;;;;;;0
H313;RIPALIMOSANI;CB;40;23/12/2025;05/02/2026;CONFERMA;NO;0,8;Aliquota unica;;;;;;;;;;;;;;;;;;;;;;;1;0
H314;RIPALTA ARPINA;CR;22;17/12/2025;12/01/2026;MODIFICA;NO;0,6;Aliquota unica;;;;;;;;;;;;;;;;;;;;;;;1;0
H315;RIPALTA CREMASCA;CR;;;;;NO;0*;;;;;;;;;;;;;;;;;;;;;;;;;0
H316;RIPALTA GUERINA;CR;;;;;NO;0*;;;;;;;;;;;;;;;;;;;;;;;;;0
H319;RIPARBELLA;PI;;;;;NO;0*;;;;;;;;;;;;;;;;;;;;;;;;;0
H321;RIPATRANSONE;AP;;;;;NO;0*;;;;;;;;;;;;;;;;;;;;;;;;;0
H323;RIPE SAN GINESIO;MC;30;30/12/2025;20/03/2026;CONFERMA;NO;0,6;Aliquota unica;;;;;;;;;;;;;;;;;;;;;;;1;0
H324;RIPI;FR;;;;;NO;0*;;;;;;;;;;;;;;;;;;;;;;;;;0
H325;RIPOSTO;CT;;;;;NO;0*;;;;;;;;;;;;;;;;;;;;;;;;;0
H326;RITTANA;CN;;;;;NO;0*;;;;;;;;;;;;;;;;;;;;;;;;;0
H330;RIVA DEL GARDA;TN;;;;;NO;0*;;;;;;;;;;;;;;;;;;;;;;;;;0
M410;RIVA DEL PO;FE;;;;;NO;0*;;;;;;;;;;;;;;;;;;;;;;;;;0
H331;RIVA DI SOLTO;BG;;;;;NO;0*;;;;;;;;;;;;;;;;;;;;;;;;;0
H328;RIVA LIGURE;IM;;;;;NO;0*;;;;;;;;;;;;;;;;;;;;;;;;;0
H337;RIVA PRESSO CHIERI;TO;42;22/12/2025;24/03/2026;CONFERMA;SI;0;Esenzione per redditi imponibili fino a euro 9.100,00;,73;Aliquota unica;;;;;;;;;;;;;;;;;;;;;2;9100
H333;RIVALBA;TO;19;23/12/2025;29/05/2026;CONFERMA;NO;0,8;Aliquota unica;;;;;;;;;;;;;;;;;;;;;;;1;0
H334;RIVALTA BORMIDA;AL;34;18/12/2025;20/01/2026;CONFERMA;NO;0,8;Aliquota unica;;;;;;;;;;;;;;;;;;;;;;;1;0
H335;RIVALTA DI TORINO;TO;;;;;NO;0*;;;;;;;;;;;;;;;;;;;;;;;;;0
H327;RIVAMONTE AGORDINO;BL;;;;;NO;0*;;;;;;;;;;;;;;;;;;;;;;;;;0
H336;RIVANAZZANO TERME;PV;;;;;NO;0*;;;;;;;;;;;;;;;;;;;;;;;;;0
H338;RIVARA;TO;33;22/12/2025;26/01/2026;MODIFICA;SI;0,73;Applicabile a scaglione di reddito fino a euro 28.000,00;,77;Applicabile a scaglione di reddito da euro 28.000,01 fino a euro 50.000,00;,8;Applicabile a scaglione di reddito oltre euro 50.000,00;;;;;;;;;;;;;;;;;;;3;0
H340;RIVAROLO CANAVESE;TO;54;22/12/2025;19/01/2026;CONFERMA;SI;0;Esenzione per redditi imponibili fino a euro 10.000,00;,8;Aliquota unica;;;;;;;;;;;;;;;;;;;;;2;10000
H341;RIVAROLO DEL RE ED UNITI;CR;2;26/01/2026;03/06/2026;CONFERMA;SI;0,45;Applicabile a scaglione di reddito fino a euro 28.000,00;,6;Applicabile a scaglione di reddito da euro 28.000,01 fino a euro 50.000,00;,8;Applicabile a scaglione di reddito oltre euro 50.000,00;;;;;;;;;;;;;;;;;;;3;0
H342;RIVAROLO MANTOVANO;MN;;;;;NO;0*;;;;;;;;;;;;;;;;;;;;;;;;;0
H343;RIVARONE;AL;;;;;NO;0*;;;;;;;;;;;;;;;;;;;;;;;;;0
H344;RIVAROSSA;TO;;;;;NO;0*;;;;;;;;;;;;;;;;;;;;;;;;;0
H346;RIVE;VC;36;22/12/2025;12/06/2026;CONFERMA;NO;0,45;Aliquota unica;;;;;;;;;;;;;;;;;;;;;;;1;0
H347;RIVE D'ARCANO;UD;;;;;NO;0*;;;;;;;;;;;;;;;;;;;;;;;;;0
H348;RIVELLO;PZ;32;29/12/2025;19/01/2026;CONFERMA;NO;0,6;Aliquota unica;;;;;;;;;;;;;;;;;;;;;;;1;0
H350;RIVERGARO;PC;44;29/12/2025;09/02/2026;CONFERMA;SI;0,5;Applicabile a scaglione di reddito fino a euro 15.000,00 ;,55;Applicabile a scaglione di reddito da euro 15.000,01 fino a euro 28.000,00 ;,7;Applicabile a scaglione di reddito da euro 28.000,01 fino a euro 50.000,00 ;,75;Applicabile a scaglione di reddito oltre euro 50.000,00 ;0;Esenzione per redditi imponibili fino a euro 10.000,00;;;;;;;;;;;;;;;0;0
M317;RIVIGNANO TEOR;UD;40;29/12/2025;09/01/2026;CONFERMA;NO;0,7;Aliquota unica;;;;;;;;;;;;;;;;;;;;;;;1;0
H353;RIVISONDOLI;AQ;;;;;NO;0*;;;;;;;;;;;;;;;;;;;;;;;;;0
H354;RIVODUTRI;RI;;;;;NO;0*;;;;;;;;;;;;;;;;;;;;;;;;;0
H355;RIVOLI;TO;;;;;NO;0*;;;;;;;;;;;;;;;;;;;;;;;;;0
H356;RIVOLI VERONESE;VR;52;18/12/2025;11/03/2026;MODIFICA;SI;0;Esenzione per redditi imponibili fino a euro 12.000,00;,6;Applicabile a scaglione di reddito fino a euro 28.000,00;,7;Applicabile a scaglione di reddito da euro 28.000,01 fino a euro 50.000,00;,8;Applicabile a scaglione di reddito oltre euro 50.000,00;;;;;;;;;;;;;;;;;4;12000
H357;RIVOLTA D'ADDA;CR;;;;;NO;0*;;;;;;;;;;;;;;;;;;;;;;;;;0
H359;RIZZICONI;RC;;;;;NO;0*;;;;;;;;;;;;;;;;;;;;;;;;;0
H361;ROANA;VI;;;;;NO;0*;;;;;;;;;;;;;;;;;;;;;;;;;0
H362;ROASCHIA;CN;;;;;NO;0*;;;;;;;;;;;;;;;;;;;;;;;;;0
H363;ROASCIO;CN;;;;;NO;0*;;;;;;;;;;;;;;;;;;;;;;;;;0
H365;ROASIO;VC;;;;;NO;0*;;;;;;;;;;;;;;;;;;;;;;;;;0
H366;ROATTO;AT;20;20/12/2025;20/05/2026;CONFERMA;NO;0,8;Aliquota unica;;;;;;;;;;;;;;;;;;;;;;;1;0
H367;ROBASSOMERO;TO;25;22/12/2025;07/01/2026;MODIFICA;SI;0,6;Applicabile a scaglione di reddito fino a euro 28.000,00;,7;Applicabile a scaglione di reddito da euro 28.000,01 fino a euro 50.000,00;,8;Applicabile a scaglione di reddito oltre euro 50.000,00;;;;;;;;;;;;;;;;;;;3;0
G223;ROBBIATE;LC;56;29/12/2025;11/02/2026;CONFERMA;SI;0;Esenzione per redditi imponibili fino a euro 15.000,00;,65;Applicabile a scaglione di reddito fino a euro 28.000,00;,75;Applicabile a scaglione di reddito da euro 28.000,01 fino a euro 50.000,00;,8;Applicabile a scaglione di reddito oltre euro 50.000,00;;;;;;;;;;;;;;;;;4;15000
H369;ROBBIO;PV;32;22/12/2025;12/01/2026;CONFERMA;SI;0,78;Applicabile a scaglione di reddito fino a euro 28.000,00;,79;Applicabile a scaglione di reddito da euro 28.000,01 fino a euro 50.000,00;,8;Applicabile a scaglione di reddito oltre euro 50.000,00;;;;;;;;;;;;;;;;;;;3;0
H371;ROBECCHETTO CON INDUNO;MI;;;;;NO;0*;;;;;;;;;;;;;;;;;;;;;;;;;0
H372;ROBECCO D'OGLIO;CR;38;22/12/2025;14/01/2026;CONFERMA;NO;0,6;Aliquota unica;;;;;;;;;;;;;;;;;;;;;;;1;0
H375;ROBECCO PAVESE;PV;20;30/12/2025;14/01/2026;CONFERMA;NO;0,65;Aliquota unica;;;;;;;;;;;;;;;;;;;;;;;1;0
H373;ROBECCO SUL NAVIGLIO;MI;37;22/12/2025;05/02/2026;CONFERMA;SI;0;Esenzione per redditi imponibili fino a euro 8.000,00;,8;Aliquota unica;;;;;;;;;;;;;;;;;;;;;2;8000
H376;ROBELLA;AT;;;;;NO;0*;;;;;;;;;;;;;;;;;;;;;;;;;0
H377;ROBILANTE;CN;;;;;NO;0*;;;;;;;;;;;;;;;;;;;;;;;;;0
H378;ROBURENT;CN;;;;;NO;0*;;;;;;;;;;;;;;;;;;;;;;;;;0
H386;ROCCA CANAVESE;TO;38;17/12/2025;02/02/2026;CONFERMA;NO;0,8;Aliquota unica;;;;;;;;;;;;;;;;;;;;;;;1;0
H387;ROCCA CANTERANO;RM;51;16/12/2025;16/01/2026;ISTITUISCE;SI;0,6;Applicabile a scaglione di reddito fino a euro 28.000,00;,7;Applicabile a scaglione di reddito da euro 28.000,01 fino a euro 50.000,00;,8;Applicabile a scaglione di reddito oltre euro 50.000,00;;;;;;;;;;;;;;;;;;;3;0
H391;ROCCA CIGLIE';CN;;;;;NO;0*;;;;;;;;;;;;;;;;;;;;;;;;;0
H392;ROCCA D'ARAZZO;AT;26;16/12/2025;27/05/2026;CONFERMA;NO;0,5;Aliquota unica;;;;;;;;;;;;;;;;;;;;;;;1;0
H393;ROCCA D'ARCE;FR;;;;;NO;0*;;;;;;;;;;;;;;;;;;;;;;;;;0
H395;ROCCA DE' BALDI;CN;27;22/12/2025;25/02/2026;CONFERMA;NO;0,7;Aliquota unica;;;;;;;;;;;;;;;;;;;;;;;1;0
H396;ROCCA DE' GIORGI;PV;;;;;NO;0*;;;;;;;;;;;;;;;;;;;;;;;;;0
H398;ROCCA D'EVANDRO;CE;;;;;NO;0*;;;;;;;;;;;;;;;;;;;;;;;;;0
H399;ROCCA DI BOTTE;AQ;;;;;NO;0*;;;;;;;;;;;;;;;;;;;;;;;;;0
H400;ROCCA DI CAMBIO;AQ;;;;;NO;0*;;;;;;;;;;;;;;;;;;;;;;;;;0
H401;ROCCA DI CAVE;RM;;;;;NO;0*;;;;;;;;;;;;;;;;;;;;;;;;;0
H402;ROCCA DI MEZZO;AQ;;;;;NO;0*;;;;;;;;;;;;;;;;;;;;;;;;;0
H403;ROCCA DI NETO;KR;;;;;NO;0*;;;;;;;;;;;;;;;;;;;;;;;;;0
H404;ROCCA DI PAPA;RM;;;;;NO;0*;;;;;;;;;;;;;;;;;;;;;;;;;0
H414;ROCCA GRIMALDA;AL;39;17/12/2025;06/03/2026;CONFERMA;SI;0,6;Applicabile a scaglione di reddito fino a euro 28.000,00;,6;Applicabile a scaglione di reddito da euro 28.000,01 fino a euro 50.000,00;,7;Applicabile a scaglione di reddito oltre euro 50.000,00;;;;;;;;;;;;;;;;;;;3;0
H416;ROCCA IMPERIALE;CS;;;;;NO;0*;;;;;;;;;;;;;;;;;;;;;;;;;0
H421;ROCCA MASSIMA;LT;;;;;NO;0*;;;;;;;;;;;;;;;;;;;;;;;;;0
H429;ROCCA PIA;AQ;25;23/12/2025;11/02/2026;CONFERMA;NO;0,6;Aliquota unica;;;;;;;;;;;;;;;;;;;;;;;1;0
H379;ROCCA PIETORE;BL;50;29/12/2025;27/02/2026;MODIFICA;NO;0,6;Aliquota unica;;;;;;;;;;;;;;;;;;;;;;;1;0
H432;ROCCA PRIORA;RM;57;18/12/2025;05/05/2026;CONFERMA;NO;0,8;Aliquota unica;;;;;;;;;;;;;;;;;;;;;;;1;0
H437;ROCCA SAN CASCIANO;FC;;;;;NO;0*;;;;;;;;;;;;;;;;;;;;;;;;;0
H438;ROCCA SAN FELICE;AV;;;;;NO;0*;;;;;;;;;;;;;;;;;;;;;;;;;0
H439;ROCCA SAN GIOVANNI;CH;;;;;NO;0*;;;;;;;;;;;;;;;;;;;;;;;;;0
H440;ROCCA SANTA MARIA;TE;;;;;NO;0*;;;;;;;;;;;;;;;;;;;;;;;;;0
H441;ROCCA SANTO STEFANO;RM;16;23/12/2025;22/01/2026;CONFERMA;NO;0,8;Aliquota unica;;;;;;;;;;;;;;;;;;;;;;;1;0
H446;ROCCA SINIBALDA;RI;;;;;NO;0*;;;;;;;;;;;;;;;;;;;;;;;;;0
H450;ROCCA SUSELLA;PV;;;;;NO;0*;;;;;;;;;;;;;;;;;;;;;;;;;0
H382;ROCCABASCERANA;AV;20;30/12/2025;28/01/2026;CONFERMA;NO;0,8;Aliquota unica;;;;;;;;;;;;;;;;;;;;;;;1;0
H383;ROCCABERNARDA;KR;;;;;NO;0*;;;;;;;;;;;;;;;;;;;;;;;;;0
H384;ROCCABIANCA;PR;34;22/12/2025;13/03/2026;CONFERMA;SI;0;Esenzione per redditi imponibili fino a euro 9.999,99;,8;Aliquota unica;;;;;;;;;;;;;;;;;;;;;2;9999,99
H385;ROCCABRUNA;CN;44;23/12/2025;24/02/2026;CONFERMA;NO;0,6;Aliquota unica;;;;;;;;;;;;;;;;;;;;;;;1;0
H389;ROCCACASALE;AQ;;;;;NO;0*;;;;;;;;;;;;;;;;;;;;;;;;;0
H394;ROCCADASPIDE;SA;;;;;NO;0*;;;;;;;;;;;;;;;;;;;;;;;;;0
H405;ROCCAFIORITA;ME;;;;;NO;0*;;;;;;;;;;;;;;;;;;;;;;;;;0
H390;ROCCAFLUVIONE;AP;;;;;NO;0*;;;;;;;;;;;;;;;;;;;;;;;;;0
H408;ROCCAFORTE DEL GRECO;RC;;;;;NO;0*;;;;;;;;;;;;;;;;;;;;;;;;;0
H406;ROCCAFORTE LIGURE;AL;;;;;NO;0*;;;;;;;;;;;;;;;;;;;;;;;;;0
H407;ROCCAFORTE MONDOVI';CN;23;17/12/2025;07/08/2026;DELIBERA ADOTTATA EX ART. 1, COMMA 751, L. 207/2024;SI;0,59;Applicabile a scaglione di reddito fino a euro 15.000,00;,6;Applicabile a scaglione di reddito da euro 15.000,01 fino a euro 28.000,00;,65;Applicabile a scaglione di reddito da euro 28.000,01 fino a euro 50.000,00;,8;Applicabile a scaglione di reddito oltre euro 50.000,00;0;Esenzione per redditi imponibili fino a euro 7.500,00;;;;;;;;;;;;;;;0;0
H409;ROCCAFORZATA;TA;5;05/05/2026;06/05/2026;COMUNE CON DELIBERA DI DISSESTO;NO;0,8;Aliquota unica;;;;;;;;;;;;;;;;;;;;;;;1;0
H410;ROCCAFRANCA;BS;;;;;NO;0*;;;;;;;;;;;;;;;;;;;;;;;;;0
H411;ROCCAGIOVINE;RM;4;25/02/2026;03/06/2026;CONFERMA;NO;0,5;Aliquota unica;;;;;;;;;;;;;;;;;;;;;;;1;0
H412;ROCCAGLORIOSA;SA;;;;;NO;0*;;;;;;;;;;;;;;;;;;;;;;;;;0
H413;ROCCAGORGA;LT;;;;;NO;0*;;;;;;;;;;;;;;;;;;;;;;;;;0
H417;ROCCALBEGNA;GR;46;30/12/2025;14/01/2026;CONFERMA;NO;0,8;Aliquota unica;;;;;;;;;;;;;;;;;;;;;;;1;0
H418;ROCCALUMERA;ME;;;;;NO;0*;;;;;;;;;;;;;;;;;;;;;;;;;0
H420;ROCCAMANDOLFI;IS;27;28/11/2025;09/01/2026;CONFERMA;NO;0,4;Aliquota unica;;;;;;;;;;;;;;;;;;;;;;;1;0
H422;ROCCAMENA;PA;;;;;NO;0*;;;;;;;;;;;;;;;;;;;;;;;;;0
H423;ROCCAMONFINA;CE;;;;;NO;0*;;;;;;;;;;;;;;;;;;;;;;;;;0
H424;ROCCAMONTEPIANO;CH;2;25/02/2026;13/04/2026;CONFERMA;NO;0,6;Aliquota unica;;;;;;;;;;;;;;;;;;;;;;;1;0
H425;ROCCAMORICE;PE;;;;;NO;0*;;;;;;;;;;;;;;;;;;;;;;;;;0
H426;ROCCANOVA;PZ;;;;;NO;0*;;;;;;;;;;;;;;;;;;;;;;;;;0
H427;ROCCANTICA;RI;;;;;NO;0*;;;;;;;;;;;;;;;;;;;;;;;;;0
H428;ROCCAPALUMBA;PA;;;;;NO;0*;;;;;;;;;;;;;;;;;;;;;;;;;0
H431;ROCCAPIEMONTE;SA;;;;;NO;0*;;;;;;;;;;;;;;;;;;;;;;;;;0
H433;ROCCARAINOLA;NA;2;05/03/2026;11/08/2026;CONFERMA;NO;0,8;Aliquota unica;;;;;;;;;;;;;;;;;;;;;;;1;0
H434;ROCCARASO;AQ;;;;;NO;0*;;;;;;;;;;;;;;;;;;;;;;;;;0
H436;ROCCAROMANA;CE;;;;;NO;0*;;;;;;;;;;;;;;;;;;;;;;;;;0
H442;ROCCASCALEGNA;CH;27;28/11/2025;27/01/2026;MODIFICA;SI;0;Esenzione per redditi imponibili fino a euro 7.999,00;,8;Aliquota unica;;;;;;;;;;;;;;;;;;;;;2;7999
H443;ROCCASECCA;FR;5;27/02/2026;12/06/2026;CONFERMA;NO;0,8;Aliquota unica;;;;;;;;;;;;;;;;;;;;;;;1;0
H444;ROCCASECCA DEI VOLSCI;LT;;;;;NO;0*;;;;;;;;;;;;;;;;;;;;;;;;;0
H445;ROCCASICURA;IS;;;;;NO;0*;;;;;;;;;;;;;;;;;;;;;;;;;0
H447;ROCCASPARVERA;CN;;;;;NO;0*;;;;;;;;;;;;;;;;;;;;;;;;;0
H448;ROCCASPINALVETI;CH;;;;;NO;0*;;;;;;;;;;;;;;;;;;;;;;;;;0
H449;ROCCASTRADA;GR;;;;;NO;0*;;;;;;;;;;;;;;;;;;;;;;;;;0
H380;ROCCAVALDINA;ME;;;;;NO;0*;;;;;;;;;;;;;;;;;;;;;;;;;0
H451;ROCCAVERANO;AT;15;22/12/2025;07/01/2026;CONFERMA;NO;0,6;Aliquota unica;;;;;;;;;;;;;;;;;;;;;;;1;0
H452;ROCCAVIGNALE;SV;;;;;NO;0*;;;;;;;;;;;;;;;;;;;;;;;;;0
H453;ROCCAVIONE;CN;;;;;NO;0*;;;;;;;;;;;;;;;;;;;;;;;;;0
H454;ROCCAVIVARA;CB;;;;;NO;0*;;;;;;;;;;;;;;;;;;;;;;;;;0
H456;ROCCELLA IONICA;RC;;;;;NO;0*;;;;;;;;;;;;;;;;;;;;;;;;;0
H455;ROCCELLA VALDEMONE;ME;;;;;NO;0*;;;;;;;;;;;;;;;;;;;;;;;;;0
H458;ROCCHETTA A VOLTURNO;IS;41;30/12/2025;07/04/2026;CONFERMA;NO;0,2;Aliquota unica;;;;;;;;;;;;;;;;;;;;;;;1;0
H462;ROCCHETTA BELBO;CN;20;19/12/2025;30/03/2026;CONFERMA;NO;0,4;Aliquota unica;;;;;;;;;;;;;;;;;;;;;;;1;0
H461;ROCCHETTA DI VARA;SP;;;;;NO;0*;;;;;;;;;;;;;;;;;;;;;;;;;0
H459;ROCCHETTA E CROCE;CE;;;;;NO;0*;;;;;;;;;;;;;;;;;;;;;;;;;0
H465;ROCCHETTA LIGURE;AL;;;;;NO;0*;;;;;;;;;;;;;;;;;;;;;;;;;0
H460;ROCCHETTA NERVINA;IM;;;;;NO;0*;;;;;;;;;;;;;;;;;;;;;;;;;0
H466;ROCCHETTA PALAFEA;AT;;;;;NO;0*;;;;;;;;;;;;;;;;;;;;;;;;;0
H467;ROCCHETTA SANT'ANTONIO;FG;8;25/02/2026;24/04/2026;CONFERMA;NO;0,6;Aliquota unica;;;;;;;;;;;;;;;;;;;;;;;1;0
H468;ROCCHETTA TANARO;AT;36;16/12/2025;25/05/2026;CONFERMA;NO;0,8;Aliquota unica;;;;;;;;;;;;;;;;;;;;;;;1;0
H470;RODANO;MI;;;;;NO;0*;;;;;;;;;;;;;;;;;;;;;;;;;0
H472;RODDI;CN;25;19/12/2025;17/04/2026;CONFERMA;NO;0,6;Aliquota unica;;;;;;;;;;;;;;;;;;;;;;;1;0
H473;RODDINO;CN;;;;;NO;0*;;;;;;;;;;;;;;;;;;;;;;;;;0
H474;RODELLO;CN;;;;;NO;0*;;;;;;;;;;;;;;;;;;;;;;;;;0
H475;RODENGO;BZ;;;;;NO;0*;;;;;;;;;;;;;;;;;;;;;;;;;0
H477;RODENGO SAIANO;BS;;;;;NO;0*;;;;;;;;;;;;;;;;;;;;;;;;;0
H478;RODERO;CO;31;19/12/2025;24/04/2026;CONFERMA;SI;0;Esenzione per redditi imponibili fino a euro 15.000,00;,4;Applicabile a scaglione di reddito fino a euro 28.000,00;,45;Applicabile a scaglione di reddito da euro 28.000,01 fino a euro 50.000,00;,55;Applicabile a scaglione di reddito oltre euro 50.000,00;;;;;;;;;;;;;;;;;4;15000
H480;RODI GARGANICO;FG;49;29/12/2025;12/01/2026;CONFERMA;NO;0,8;Aliquota unica;;;;;;;;;;;;;;;;;;;;;;;1;0
H479;RODI' MILICI;ME;;;;;NO;0*;;;;;;;;;;;;;;;;;;;;;;;;;0
H481;RODIGO;MN;45;17/12/2025;23/01/2026;CONFERMA;NO;0,8;Aliquota unica;;;;;;;;;;;;;;;;;;;;;;;1;0
H484;ROE' VOLCIANO;BS;;;;;NO;0*;;;;;;;;;;;;;;;;;;;;;;;;;0
H485;ROFRANO;SA;31;29/12/2025;14/01/2026;MODIFICA;SI;0;Esenzione per redditi imponibili fino a euro 10.000,00;,5;Applicabile a scaglione di reddito fino a euro 28.000,00;,75;Applicabile a scaglione di reddito da euro 28.000,01 fino a euro 50.000,00;,8;Applicabile a scaglione di reddito oltre euro 50.000,00;;;;;;;;;;;;;;;;;4;10000
H486;ROGENO;LC;;;;;NO;0*;;;;;;;;;;;;;;;;;;;;;;;;;0
H488;ROGGIANO GRAVINA;CS;45;30/12/2025;14/01/2026;CONFERMA;SI;0;Esenzione per redditi imponibili fino a euro 7.500,00;,6;Aliquota unica;;;;;;;;;;;;;;;;;;;;;2;7500
H489;ROGHUDI;RC;;;;;NO;0*;;;;;;;;;;;;;;;;;;;;;;;;;0
H490;ROGLIANO;CS;;;;;NO;0*;;;;;;;;;;;;;;;;;;;;;;;;;0
H491;ROGNANO;PV;25;11/12/2025;13/08/2026;CONFERMA;NO;0,4;Aliquota unica;;;;;;;;;;;;;;;;;;;;;;;1;0
H492;ROGNO;BG;;;;;NO;0*;;;;;;;;;;;;;;;;;;;;;;;;;0
H493;ROGOLO;SO;;;;;NO;0*;;;;;;;;;;;;;;;;;;;;;;;;;0
H494;ROIATE;RM;;;;;NO;0*;;;;;;;;;;;;;;;;;;;;;;;;;0
H495;ROIO DEL SANGRO;CH;;;;;NO;0*;;;;;;;;;;;;;;;;;;;;;;;;;0
H497;ROISAN;AO;;;;;NO;0*;;;;;;;;;;;;;;;;;;;;;;;;;0
H498;ROLETTO;TO;35;22/12/2025;17/08/2026;CONFERMA;NO;0,4;Aliquota unica;;;;;;;;;;;;;;;;;;;;;;;1;0
H500;ROLO;RE;49;17/12/2025;10/06/2026;MODIFICA;SI;0;Esenzione per redditi imponibili fino a euro 12.000,00;,65;Aliquota unica;;;;;;;;;;;;;;;;;;;;;2;12000
H501;ROMA;RM;;;;;NO;0*;;;;;;;;;;;;;;;;;;;;;;;;;0
H503;ROMAGNANO AL MONTE;SA;;;;;NO;0*;;;;;;;;;;;;;;;;;;;;;;;;;0
H502;ROMAGNANO SESIA;NO;;;;;NO;0*;;;;;;;;;;;;;;;;;;;;;;;;;0
H505;ROMAGNESE;PV;;;;;NO;0*;;;;;;;;;;;;;;;;;;;;;;;;;0
H507;ROMANA;SS;;;;;NO;0*;;;;;;;;;;;;;;;;;;;;;;;;;0
H508;ROMANENGO;CR;30;30/12/2025;17/03/2026;MODIFICA;SI;0;Esenzione per redditi imponibili fino a euro 8.500,00;,8;Aliquota unica;;;;;;;;;;;;;;;;;;;;;2;8500
H511;ROMANO CANAVESE;TO;41;15/12/2025;31/07/2026;CONFERMA;NO;0,775;Aliquota unica;;;;;;;;;;;;;;;;;;;;;;;1;0
H512;ROMANO D'EZZELINO;VI;;;;;NO;0*;;;;;;;;;;;;;;;;;;;;;;;;;0
H509;ROMANO DI LOMBARDIA;BG;48;22/12/2025;14/01/2026;CONFERMA;SI;0;Esenzione per redditi imponibili fino a euro 12.000,00;,8;Aliquota unica;;;;;;;;;;;;;;;;;;;;;2;12000
H514;ROMANS D'ISONZO;GO;;;;;NO;0*;;;;;;;;;;;;;;;;;;;;;;;;;0
H516;ROMBIOLO;VV;;;;;NO;0*;;;;;;;;;;;;;;;;;;;;;;;;;0
H517;ROMENO;TN;;;;;NO;0*;;;;;;;;;;;;;;;;;;;;;;;;;0
H518;ROMENTINO;NO;;;;;NO;0*;;;;;;;;;;;;;;;;;;;;;;;;;0
H519;ROMETTA;ME;;;;;NO;0*;;;;;;;;;;;;;;;;;;;;;;;;;0
H522;RONCA';VR;;;;;NO;0*;;;;;;;;;;;;;;;;;;;;;;;;;0
H523;RONCADE;TV;41;29/12/2025;29/01/2026;MODIFICA;SI;0;Esenzione per redditi imponibili fino a euro 12.000,00;,65;Applicabile a scaglione di reddito fino a euro 28.000,00;,7;Applicabile a scaglione di reddito da euro 28.000,01 fino a euro 50.000,00;,8;Applicabile a scaglione di reddito oltre euro 50.000,00;;;;;;;;;;;;;;;;;4;12000
H525;RONCADELLE;BS;;;;;NO;0*;;;;;;;;;;;;;;;;;;;;;;;;;0
H527;RONCARO;PV;;;;;NO;0*;;;;;;;;;;;;;;;;;;;;;;;;;0
H528;RONCEGNO TERME;TN;;;;;NO;0*;;;;;;;;;;;;;;;;;;;;;;;;;0
H529;RONCELLO;MB;34;30/12/2025;15/01/2026;MODIFICA;SI;0;Esenzione per redditi imponibili fino a euro 10.000,00;,75;Applicabile a scaglione di reddito fino a euro 28.000,00;,75;Applicabile a scaglione di reddito da euro 28.000,01 fino a euro 50.000,00;,8;Applicabile a scaglione di reddito oltre euro 50.000,00;;;;;;;;;;;;;;;;;4;10000
H531;RONCHI DEI LEGIONARI;GO;45;17/12/2025;08/01/2026;MODIFICA;SI;0;Esenzione per redditi imponibili fino a euro 20.000,00;,6;Applicabile a scaglione di reddito fino a euro 28.000,00;,7;Applicabile a scaglione di reddito da euro 28.000,01 fino a euro 50.000,00;,8;Applicabile a scaglione di reddito oltre euro 50.000,00;;;;;;;;;;;;;;;;;4;20000
H532;RONCHI VALSUGANA;TN;;;;;NO;0*;;;;;;;;;;;;;;;;;;;;;;;;;0
H533;RONCHIS;UD;;;;;NO;0*;;;;;;;;;;;;;;;;;;;;;;;;;0
H534;RONCIGLIONE;VT;3;10/02/2026;20/05/2026;CONFERMA;NO;0,8;Aliquota unica;;;;;;;;;;;;;;;;;;;;;;;1;0
H540;RONCO ALL'ADIGE;VR;40;18/12/2025;18/05/2026;CONFERMA;SI;0;Esenzione per redditi imponibili fino a euro 15.000,00;,8;Aliquota unica;;;;;;;;;;;;;;;;;;;;;2;15000
H538;RONCO BIELLESE;BI;;;;;NO;0*;;;;;;;;;;;;;;;;;;;;;;;;;0
H537;RONCO BRIANTINO;MB;50;29/12/2025;28/01/2026;MODIFICA;SI;0;Esenzione per redditi imponibili fino a euro 15.000,00;,7;Applicabile a scaglione di reddito fino a euro 28.000,00;,75;Applicabile a scaglione di reddito da euro 28.000,01 fino a euro 50.000,00;,8;Applicabile a scaglione di reddito oltre euro 50.000,00;;;;;;;;;;;;;;;;;4;15000
H539;RONCO CANAVESE;TO;34;20/12/2025;20/08/2026;ATTO OLTRE TERMINE - ALIQUOTE APPLICABILI PER IL 2026 IN QUANTO CONFERMATE;SI;0,1;Applicabile a scaglione di reddito fino a euro 15.000,00;,2;Applicabile a scaglione di reddito da euro 15.000,01 fino a euro 28.000,00;,3;Applicabile a scaglione di reddito da euro 28.000,01 fino a euro 50.000,00;,4;Applicabile a scaglione di reddito oltre euro 50.000,00;0;Esenzione per redditi imponibili fino a euro 15.000,00;;;;;;;;;;;;;;;0;0
H536;RONCO SCRIVIA;GE;46;30/12/2025;26/02/2026;DELIBERA ADOTTATA EX ART. 1, COMMA 751, L. 207/2024;SI;0,7;Applicabile a scaglione di reddito fino a € 15.000,00;,71;Applicabile a scaglione di reddito da euro 15.000,01 fino a euro 28.000,00;,72;Applicabile a A SCAGLIONE DI REDDITO DA EURO 28.000,01 FINO A EURO 50.000,00;,8;Applicabile a scaglione di reddito OLTRE EURO 50.000,00;0;Esenzione per redditi imponibili fino a euro 15.000,00;;;;;;;;;;;;;;;0;0
H535;RONCOBELLO;BG;;;;;NO;0*;;;;;;;;;;;;;;;;;;;;;;;;;0
H541;RONCOFERRARO;MN;;;;;NO;0*;;;;;;;;;;;;;;;;;;;;;;;;;0
H542;RONCOFREDDO;FC;;;;;NO;0*;;;;;;;;;;;;;;;;;;;;;;;;;0
H544;RONCOLA;BG;40;24/12/2025;12/02/2026;DELIBERA ADOTTATA EX ART. 1, COMMA 751, L. 207/2024;SI;0,5;Applicabile a scaglione di reddito fino a euro 15.000,00 ;,6;Applicabile a scaglione di reddito da euro 15.000,01 fino a euro 28.000,00 ;,7;Applicabile a scaglione di reddito da euro 28.000,01 fino a euro 50.000,00 ;,7;Applicabile a scaglione di reddito oltre euro 50.000,00 ;0;Esenzione per redditi imponibili fino a euro 9.000,00;;;;;;;;;;;;;;;0;0
H546;RONDANINA;GE;8;21/03/2026;28/04/2026;CONFERMA;NO;0,8;Aliquota unica;;;;;;;;;;;;;;;;;;;;;;;1;0
H547;RONDISSONE;TO;7;13/01/2026;12/02/2026;CONFERMA;NO;0,7;Aliquota unica;;;;;;;;;;;;;;;;;;;;;;;1;0
H549;RONSECCO;VC;30;19/12/2025;19/06/2026;CONFERMA;SI;0;Esenzione per redditi imponibili fino a euro 6.000,00;,6;Applicabile a scaglione di reddito fino a euro 28.000,00;,7;Applicabile a scaglione di reddito da euro 28.000,01 fino a euro 50.000,00;,8;Applicabile a scaglione di reddito oltre euro 50.000,00;;;;;;;;;;;;;;;;;4;6000
M303;RONZO-CHIENIS;TN;;;;;NO;0*;;;;;;;;;;;;;;;;;;;;;;;;;0
H552;RONZONE;TN;;;;;NO;0*;;;;;;;;;;;;;;;;;;;;;;;;;0
H553;ROPPOLO;BI;16;17/12/2025;12/03/2026;CONFERMA;NO;0,8;Aliquota unica;;;;;;;;;;;;;;;;;;;;;;;1;0
H554;RORA';TO;;;;;NO;0*;;;;;;;;;;;;;;;;;;;;;;;;;0
H556;ROSA';VI;;;;;NO;0*;;;;;;;;;;;;;;;;;;;;;;;;;0
H558;ROSARNO;RC;;;;;NO;0*;;;;;;;;;;;;;;;;;;;;;;;;;0
H559;ROSASCO;PV;15;16/12/2025;10/02/2026;CONFERMA;NO;0,8;Aliquota unica;;;;;;;;;;;;;;;;;;;;;;;1;0
H560;ROSATE;MI;42;11/12/2025;16/01/2026;MODIFICA;SI;0;Esenzione per redditi imponibili fino a euro 10.000,00;,76;Aliquota unica;;;;;;;;;;;;;;;;;;;;;2;10000
H561;ROSAZZA;BI;25;11/12/2025;20/02/2026;CONFERMA;NO;0,5;Aliquota unica;;;;;;;;;;;;;;;;;;;;;;;1;0
H562;ROSCIANO;PE;35;22/12/2025;21/05/2026;CONFERMA;SI;0;Esenzione per redditi imponibili fino a euro 8.000,00;,7;Aliquota unica;;;;;;;;;;;;;;;;;;;;;2;8000
H564;ROSCIGNO;SA;7;13/03/2026;03/06/2026;CONFERMA;NO;0,4;Aliquota unica;;;;;;;;;;;;;;;;;;;;;;;1;0
H565;ROSE;CS;32;29/12/2025;12/01/2026;CONFERMA;NO;0,8;Aliquota unica;;;;;;;;;;;;;;;;;;;;;;;1;0
H566;ROSELLO;CH;33;22/12/2025;03/02/2026;CONFERMA;NO;0,8;Aliquota unica;;;;;;;;;;;;;;;;;;;;;;;1;0
H572;ROSETO CAPO SPULICO;CS;;;;;NO;0*;;;;;;;;;;;;;;;;;;;;;;;;;0
F585;ROSETO DEGLI ABRUZZI;TE;;;;;NO;0*;;;;;;;;;;;;;;;;;;;;;;;;;0
H568;ROSETO VALFORTORE;FG;;;;;NO;0*;;;;;;;;;;;;;;;;;;;;;;;;;0
H570;ROSIGNANO MARITTIMO;LI;;;;;NO;0*;;;;;;;;;;;;;;;;;;;;;;;;;0
H569;ROSIGNANO MONFERRATO;AL;;;;;NO;0*;;;;;;;;;;;;;;;;;;;;;;;;;0
H573;ROSOLINA;RO;7;29/01/2026;21/04/2026;CONFERMA;NO;0,5;Aliquota unica;;;;;;;;;;;;;;;;;;;;;;;1;0
H574;ROSOLINI;SR;;;;;NO;0*;;;;;;;;;;;;;;;;;;;;;;;;;0
H575;ROSORA;AN;31;22/12/2025;14/01/2026;CONFERMA;SI;0;Esenzione per redditi imponibili fino a euro 12.000,00;,6;Aliquota unica;;;;;;;;;;;;;;;;;;;;;2;12000
H577;ROSSA;VC;;;;;NO;0*;;;;;;;;;;;;;;;;;;;;;;;;;0
H578;ROSSANA;CN;20;12/12/2025;07/01/2026;CONFERMA;NO;0,45;Aliquota unica;;;;;;;;;;;;;;;;;;;;;;;1;0
H580;ROSSANO VENETO;VI;85;30/12/2025;12/02/2026;CONFERMA;NO;0,8;Aliquota unica;;;;;;;;;;;;;;;;;;;;;;;1;0
H581;ROSSIGLIONE;GE;6;05/02/2026;12/03/2026;CONFERMA;NO;0,8;Aliquota unica;;;;;;;;;;;;;;;;;;;;;;;1;0
H583;ROSTA;TO;;;;;NO;0*;;;;;;;;;;;;;;;;;;;;;;;;;0
H584;ROTA D'IMAGNA;BG;;;;;NO;0*;;;;;;;;;;;;;;;;;;;;;;;;;0
H585;ROTA GRECA;CS;;;;;NO;0*;;;;;;;;;;;;;;;;;;;;;;;;;0
H588;ROTELLA;AP;27;30/12/2025;05/08/2026;CONFERMA;NO;0,8;Aliquota unica;;;;;;;;;;;;;;;;;;;;;;;1;0
H589;ROTELLO;CB;40;22/12/2025;09/01/2026;CONFERMA;NO;0,8;Aliquota unica;;;;;;;;;;;;;;;;;;;;;;;1;0
H590;ROTONDA;PZ;;;;;NO;0*;;;;;;;;;;;;;;;;;;;;;;;;;0
H591;ROTONDELLA;MT;;;;;NO;0*;;;;;;;;;;;;;;;;;;;;;;;;;0
H592;ROTONDI;AV;;;;;NO;0*;;;;;;;;;;;;;;;;;;;;;;;;;0
H593;ROTTOFRENO;PC;57;29/12/2025;29/01/2026;CONFERMA;SI;0;Esenzione per redditi imponibili fino a euro 10.000,00;,78;Aliquota unica;;;;;;;;;;;;;;;;;;;;;2;10000
H594;ROTZO;VI;38;22/12/2025;07/01/2026;MODIFICA;NO;0,8;Aliquota unica;;;;;;;;;;;;;;;;;;;;;;;1;0
H555;ROURE;TO;;;;;NO;0*;;;;;;;;;;;;;;;;;;;;;;;;;0
H364;ROVASENDA;VC;;;;;NO;0*;;;;;;;;;;;;;;;;;;;;;;;;;0
H598;ROVATO;BS;;;;;NO;0*;;;;;;;;;;;;;;;;;;;;;;;;;0
H599;ROVEGNO;GE;;;;;NO;0*;;;;;;;;;;;;;;;;;;;;;;;;;0
H601;ROVELLASCA;CO;31;23/12/2025;29/01/2026;CONFERMA;SI;0;Esenzione per redditi imponibili fino a euro 10.000,00;,5;Aliquota unica;;;;;;;;;;;;;;;;;;;;;2;10000
H602;ROVELLO PORRO;CO;;;;;NO;0*;;;;;;;;;;;;;;;;;;;;;;;;;0
H604;ROVERBELLA;MN;55;16/12/2025;13/02/2026;CONFERMA;NO;0,8;Aliquota unica;;;;;;;;;;;;;;;;;;;;;;;1;0
H606;ROVERCHIARA;VR;37;30/12/2025;19/01/2026;CONFERMA;NO;0,8;Aliquota unica;;;;;;;;;;;;;;;;;;;;;;;1;0
H607;ROVERE' DELLA LUNA;TN;;;;;NO;0*;;;;;;;;;;;;;;;;;;;;;;;;;0
H608;ROVERE' VERONESE;VR;;;;;NO;0*;;;;;;;;;;;;;;;;;;;;;;;;;0
H610;ROVEREDO DI GUA';VR;2;27/01/2026;23/02/2026;CONFERMA;NO;0,8;Aliquota unica;;;;;;;;;;;;;;;;;;;;;;;1;0
H609;ROVEREDO IN PIANO;PN;;;;;NO;0*;;;;;;;;;;;;;;;;;;;;;;;;;0
H612;ROVERETO;TN;;;;;NO;0*;;;;;;;;;;;;;;;;;;;;;;;;;0
H614;ROVESCALA;PV;45;22/12/2025;12/01/2026;CONFERMA;SI;0;Esenzione per redditi imponibili fino a euro 8.000,00;,75;Aliquota unica;;;;;;;;;;;;;;;;;;;;;2;8000
H615;ROVETTA;BG;52;29/12/2025;19/01/2026;CONFERMA;NO;0,6;Aliquota unica;;;;;;;;;;;;;;;;;;;;;;;1;0
H618;ROVIANO;RM;22;19/12/2025;13/01/2026;CONFERMA;NO;0,8;Aliquota unica;;;;;;;;;;;;;;;;;;;;;;;1;0
H620;ROVIGO;RO;106;22/12/2025;23/01/2026;CONFERMA;SI;0;Esenzione per redditi imponibili fino a euro 10.000,00;,8;Aliquota unica;;;;;;;;;;;;;;;;;;;;;2;10000
H621;ROVITO;CS;;;;;NO;0*;;;;;;;;;;;;;;;;;;;;;;;;;0
H622;ROVOLON;PD;;;;;NO;0*;;;;;;;;;;;;;;;;;;;;;;;;;0
H623;ROZZANO;MI;;;;;NO;0*;;;;;;;;;;;;;;;;;;;;;;;;;0
H625;RUBANO;PD;;;;;NO;0*;;;;;;;;;;;;;;;;;;;;;;;;;0
H627;RUBIANA;TO;52;18/12/2025;28/01/2026;CONFERMA;NO;0,8;Aliquota unica;;;;;;;;;;;;;;;;;;;;;;;1;0
H628;RUBIERA;RE;55;20/12/2025;29/01/2026;MODIFICA;SI;0;Esenzione per redditi imponibili fino a euro 17.000,00;,72;Applicabile a scaglione di reddito fino a euro 28.000,00;,79;Applicabile a scaglione di reddito da euro 28.000,01 fino a euro 50.000,00;,8;Applicabile a scaglione di reddito oltre euro 50.000,00;;;;;;;;;;;;;;;;;4;17000
H629;RUDA;UD;;;;;NO;0*;;;;;;;;;;;;;;;;;;;;;;;;;0
H630;RUDIANO;BS;6;27/01/2026;11/03/2026;CONFERMA;SI;0;Esenzione per redditi imponibili fino a euro 12.500,00;,8;Aliquota unica;;;;;;;;;;;;;;;;;;;;;2;12500
H631;RUEGLIO;TO;36;30/12/2025;06/02/2026;MODIFICA;NO;0,8;Aliquota unica;;;;;;;;;;;;;;;;;;;;;;;1;0
H632;RUFFANO;LE;;;;;NO;0*;;;;;;;;;;;;;;;;;;;;;;;;;0
H633;RUFFIA;CN;23;18/12/2025;13/01/2026;CONFERMA;NO;0,5;Aliquota unica;;;;;;;;;;;;;;;;;;;;;;;1;0
H634;RUFFRE'-MENDOLA;TN;;;;;NO;0*;;;;;;;;;;;;;;;;;;;;;;;;;0
H635;RUFINA;FI;97;29/12/2025;13/05/2026;MODIFICA;SI;0;Esenzione per redditi imponibili fino a euro 15.000,00;,75;Applicabile a scaglione di reddito fino a euro 28.000,00;,79;Applicabile a scaglione di reddito da euro 28.000,01 fino a euro 50.000,00;,8;Applicabile a scaglione di reddito oltre euro 50.000,00;;;;;;;;;;;;;;;;;4;15000
F271;RUINAS;OR;;;;;NO;0*;;;;;;;;;;;;;;;;;;;;;;;;;0
H639;RUMO;TN;;;;;NO;0*;;;;;;;;;;;;;;;;;;;;;;;;;0
H641;RUOTI;PZ;51;30/12/2025;12/01/2026;CONFERMA;NO;0,49;Aliquota unica;;;;;;;;;;;;;;;;;;;;;;;1;0
H642;RUSSI;RA;;;;;NO;0*;;;;;;;;;;;;;;;;;;;;;;;;;0
H643;RUTIGLIANO;BA;;;;;NO;0*;;;;;;;;;;;;;;;;;;;;;;;;;0
H644;RUTINO;SA;5;11/02/2026;31/03/2026;CONFERMA;NO;0,8;Aliquota unica;;;;;;;;;;;;;;;;;;;;;;;1;0
H165;RUVIANO;CE;33;27/11/2025;27/02/2026;CONFERMA;SI;0,6;Applicabile a scaglione di reddito fino a euro 28.000,00;,7;Applicabile a scaglione di reddito da euro 28.000,01 fino a euro 50.000,00;,8;Applicabile a scaglione di reddito oltre euro 50.000,00;;;;;;;;;;;;;;;;;;;3;0
H646;RUVO DEL MONTE;PZ;;;;;NO;0*;;;;;;;;;;;;;;;;;;;;;;;;;0
H645;RUVO DI PUGLIA;BA;64;29/12/2025;30/03/2026;CONFERMA;NO;0,8;Aliquota unica;;;;;;;;;;;;;;;;;;;;;;;1;0
H647;SABAUDIA;LT;;;;;NO;0*;;;;;;;;;;;;;;;;;;;;;;;;;0
H650;SABBIO CHIESE;BS;30;29/12/2025;28/01/2026;CONFERMA;NO;0,7;Aliquota unica;;;;;;;;;;;;;;;;;;;;;;;1;0
H652;SABBIONETA;MN;40;23/12/2025;02/01/2026;CONFERMA;SI;0;Esenzione per redditi imponibili fino a euro 12.000,00;,8;Aliquota unica;;;;;;;;;;;;;;;;;;;;;2;12000
H654;SACCO;SA;;;;;NO;0*;;;;;;;;;;;;;;;;;;;;;;;;;0
H655;SACCOLONGO;PD;28;23/12/2025;19/01/2026;CONFERMA;SI;0;Esenzione per redditi imponibili fino a euro 10.000,00;,5;Applicabile a scaglione di reddito fino a euro 28.000,00;,7;Applicabile a scaglione di reddito da euro 28.000,01 fino a euro 50.000,00;,8;Applicabile a scaglione di reddito oltre euro 50.000,00;;;;;;;;;;;;;;;;;4;10000
H657;SACILE;PN;;;;;NO;0*;;;;;;;;;;;;;;;;;;;;;;;;;0
H658;SACROFANO;RM;33;29/12/2025;14/01/2026;CONFERMA;NO;0,8;Aliquota unica;;;;;;;;;;;;;;;;;;;;;;;1;0
H659;SADALI;SU;;;;;NO;0*;;;;;;;;;;;;;;;;;;;;;;;;;0
H661;SAGAMA;OR;;;;;NO;0*;;;;;;;;;;;;;;;;;;;;;;;;;0
H662;SAGLIANO MICCA;BI;;;;;NO;0*;;;;;;;;;;;;;;;;;;;;;;;;;0
H665;SAGRADO;GO;34;17/12/2025;05/02/2026;CONFERMA;SI;0;Esenzione per redditi imponibili fino a euro 12.000,00;,8;Aliquota unica;;;;;;;;;;;;;;;;;;;;;2;12000
H666;SAGRON MIS;TN;;;;;NO;0*;;;;;;;;;;;;;;;;;;;;;;;;;0
H669;SAINT-CHRISTOPHE;AO;;;;;NO;0*;;;;;;;;;;;;;;;;;;;;;;;;;0
H670;SAINT-DENIS;AO;;;;;NO;0*;;;;;;;;;;;;;;;;;;;;;;;;;0
H671;SAINT-MARCEL;AO;;;;;NO;0*;;;;;;;;;;;;;;;;;;;;;;;;;0
H672;SAINT-NICOLAS;AO;;;;;NO;0*;;;;;;;;;;;;;;;;;;;;;;;;;0
H673;SAINT-OYEN;AO;;;;;NO;0*;;;;;;;;;;;;;;;;;;;;;;;;;0
H674;SAINT-PIERRE;AO;41;22/12/2025;20/01/2026;CONFERMA;SI;0;Esenzione per redditi imponibili fino a euro 10.000,00;,4;Aliquota unica;;;;;;;;;;;;;;;;;;;;;2;10000
H675;SAINT-RHEMY-EN-BOSSES;AO;;;;;NO;0*;;;;;;;;;;;;;;;;;;;;;;;;;0
H676;SAINT-VINCENT;AO;58;25/11/2025;19/05/2026;MODIFICA;SI;0;Esenzione per redditi imponibili fino a euro 22.500,00;,35;Applicabile a scaglione di reddito fino a euro 28.000,00;,45;Applicabile a scaglione di reddito da euro 28.000,01 fino a euro 50.000,00;,6;Applicabile a scaglione di reddito oltre euro 50.000,00;;;;;;;;;;;;;;;;;4;22500
H682;SALA BAGANZA;PR;24;15/12/2025;13/01/2026;CONFERMA;SI;0;Esenzione per redditi imponibili fino a euro 10.000,00;,8;Aliquota unica;;;;;;;;;;;;;;;;;;;;;2;10000
H681;SALA BIELLESE;BI;40;15/12/2025;23/03/2026;CONFERMA;NO;0,8;Aliquota unica;;;;;;;;;;;;;;;;;;;;;;;1;0
H678;SALA BOLOGNESE;BO;;;;;NO;0*;;;;;;;;;;;;;;;;;;;;;;;;;0
H679;SALA COMACINA;CO;30;11/12/2025;30/01/2026;CONFERMA;NO;0,6;Aliquota unica;;;;;;;;;;;;;;;;;;;;;;;1;0
H683;SALA CONSILINA;SA;;;;;NO;0*;;;;;;;;;;;;;;;;;;;;;;;;;0
H677;SALA MONFERRATO;AL;;;;;NO;0*;;;;;;;;;;;;;;;;;;;;;;;;;0
H687;SALANDRA;MT;3;23/02/2026;10/06/2026;DELIBERA ADOTTATA EX ART. 1, COMMA 751, L. 207/2024;SI;0,4;Applicabile a scaglione di reddito fino a euro 15.000,00;,5;Applicabile a scaglione di reddito da euro 15.000,01 fino a euro 28.000,00;,6;Applicabile a scaglione di reddito da euro 28.000,01 fino a euro 50.000,00;,7;Applicabile a scaglione di reddito oltre euro 50.000,00;;;;;;;;;;;;;;;;;0;0
H688;SALAPARUTA;TP;48;11/12/2025;07/01/2026;CONFERMA;SI;0;Esenzione per redditi imponibili fino a euro 9.000,00;,7;Aliquota unica;;;;;;;;;;;;;;;;;;;;;2;9000
H689;SALARA;RO;28;20/12/2025;11/02/2026;CONFERMA;NO;0,8;Aliquota unica;;;;;;;;;;;;;;;;;;;;;;;1;0
H690;SALASCO;VC;16;19/12/2025;15/01/2026;MODIFICA;NO;0,8;Aliquota unica;;;;;;;;;;;;;;;;;;;;;;;1;0
H691;SALASSA;TO;24;18/12/2025;20/01/2026;MODIFICA;SI;0;Esenzione per redditi imponibili fino a euro 15.000,00;,4;Applicabile a scaglione di reddito fino a euro 28.000,00;,65;Applicabile a scaglione di reddito da euro 28.000,01 fino a euro 50.000,00;,8;Applicabile a scaglione di reddito oltre euro 50.000,00;;;;;;;;;;;;;;;;;4;15000
H684;SALBERTRAND;TO;;;;;NO;0*;;;;;;;;;;;;;;;;;;;;;;;;;0
F810;SALCEDO;VI;;;;;NO;0*;;;;;;;;;;;;;;;;;;;;;;;;;0
H693;SALCITO;CB;26;15/12/2025;05/03/2026;CONFERMA;NO;0,4;Aliquota unica;;;;;;;;;;;;;;;;;;;;;;;1;0
H694;SALE;AL;;;;;NO;0*;;;;;;;;;;;;;;;;;;;;;;;;;0
H695;SALE DELLE LANGHE;CN;;;;;NO;0*;;;;;;;;;;;;;;;;;;;;;;;;;0
H699;SALE MARASINO;BS;;;;;NO;0*;;;;;;;;;;;;;;;;;;;;;;;;;0
H704;SALE SAN GIOVANNI;CN;;;;;NO;0*;;;;;;;;;;;;;;;;;;;;;;;;;0
H700;SALEMI;TP;;;;;NO;0*;;;;;;;;;;;;;;;;;;;;;;;;;0
H686;SALENTO;SA;;;;;NO;0*;;;;;;;;;;;;;;;;;;;;;;;;;0
H702;SALERANO CANAVESE;TO;16;22/12/2025;21/05/2026;DELIBERA ADOTTATA EX ART. 1, COMMA 751, L. 207/2024;SI;0,55;Applicabile a scaglione di reddito fino a euro 15.000,00;,55;Applicabile a scaglione di reddito da euro 15.000,01 fino a euro 28.000,00;,6;Applicabile a scaglione di reddito da euro 28.000,01 fino a euro 50.000,00;,65;Applicabile a scaglione di reddito oltre euro 50.000,00;;;;;;;;;;;;;;;;;0;0
H701;SALERANO SUL LAMBRO;LO;36;18/12/2025;24/07/2026;CONFERMA;NO;0,7;Aliquota unica;;;;;;;;;;;;;;;;;;;;;;;1;0
H703;SALERNO;SA;54;22/12/2025;14/01/2026;CONFERMA;SI;0;Esenzione per redditi imponibili fino a euro 10.000,00;1,1;Aliquota unica;;;;;;;;;;;;;;;;;;;;;2;10000
H706;SALGAREDA;TV;33;22/12/2025;02/02/2026;CONFERMA;SI;0;Esenzione per redditi imponibili fino a euro 12.000,00;,8;Aliquota unica;;;;;;;;;;;;;;;;;;;;;2;12000
H707;SALI VERCELLESE;VC;;;;;NO;0*;;;;;;;;;;;;;;;;;;;;;;;;;0
H708;SALICE SALENTINO;LE;;;;;NO;0*;;;;;;;;;;;;;;;;;;;;;;;;;0
H710;SALICETO;CN;25;18/12/2025;19/02/2026;CONFERMA;NO;0,8;Aliquota unica;;;;;;;;;;;;;;;;;;;;;;;1;0
H713;SALISANO;RI;;;;;NO;0*;;;;;;;;;;;;;;;;;;;;;;;;;0
H714;SALIZZOLE;VR;60;30/12/2025;29/01/2026;CONFERMA;NO;0,8;Aliquota unica;;;;;;;;;;;;;;;;;;;;;;;1;0
H715;SALLE;PE;;;;;NO;0*;;;;;;;;;;;;;;;;;;;;;;;;;0
H716;SALMOUR;CN;26;17/12/2025;21/04/2026;MODIFICA;SI;0,4;Applicabile a scaglione di reddito fino a euro 28.000,00;,5;Applicabile a scaglione di reddito da euro 28.000,01 fino a euro 50.000,00;,6;Applicabile a scaglione di reddito oltre euro 50.000,00;;;;;;;;;;;;;;;;;;;3;0
H717;SALO';BS;;;;;NO;0*;;;;;;;;;;;;;;;;;;;;;;;;;0
H719;SALORNO SULLA STRADA DEL VINO .SALURN AN DER;BZ;;;;;NO;0*;;;;;;;;;;;;;;;;;;;;;;;;;0
H720;SALSOMAGGIORE TERME;PR;61;18/12/2025;04/08/2026;CONFERMA;SI;0;Esenzione per redditi imponibili fino a euro 11.999,99;,8;Aliquota unica;;;;;;;;;;;;;;;;;;;;;2;11999,99
H723;SALTRIO;VA;;;;;NO;0*;;;;;;;;;;;;;;;;;;;;;;;;;0
H724;SALUDECIO;RN;65;30/12/2025;10/03/2026;CONFERMA;NO;0,8;Aliquota unica;;;;;;;;;;;;;;;;;;;;;;;1;0
H725;SALUGGIA;VC;28;29/12/2025;09/01/2026;ISTITUISCE;SI;0;Esenzione per redditi imponibili fino a euro 15.000,00;,5;Applicabile a scaglione di reddito fino a euro 28.000,00;,6;Applicabile a scaglione di reddito da euro 28.000,01 fino a euro 50.000,00;,7;Applicabile a scaglione di reddito oltre euro 50.000,00;;;;;;;;;;;;;;;;;4;15000
H726;SALUSSOLA;BI;;;;;NO;0*;;;;;;;;;;;;;;;;;;;;;;;;;0
H727;SALUZZO;CN;;;;;NO;0*;;;;;;;;;;;;;;;;;;;;;;;;;0
H729;SALVE;LE;;;;;NO;0*;;;;;;;;;;;;;;;;;;;;;;;;;0
H731;SALVIROLA;CR;25;19/12/2025;17/06/2026;CONFERMA;SI;0;Esenzione per redditi imponibili fino a euro 10.000,00;,6;Aliquota unica;;;;;;;;;;;;;;;;;;;;;2;10000
H732;SALVITELLE;SA;;;;;NO;0*;;;;;;;;;;;;;;;;;;;;;;;;;0
H734;SALZA DI PINEROLO;TO;27;18/11/2025;03/02/2026;CONFERMA;NO;0,3;Aliquota unica;;;;;;;;;;;;;;;;;;;;;;;1;0
H733;SALZA IRPINA;AV;;;;;NO;0*;;;;;;;;;;;;;;;;;;;;;;;;;0
H735;SALZANO;VE;57;23/12/2025;12/02/2026;CONFERMA;SI;0;Esenzione per redditi imponibili fino a euro 10.000,00;,8;Aliquota unica;;;;;;;;;;;;;;;;;;;;;2;10000
H736;SAMARATE;VA;43;26/11/2025;06/02/2026;CONFERMA;SI;0;Esenzione per redditi imponibili fino a euro 13.000,00;,78;Aliquota unica;;;;;;;;;;;;;;;;;;;;;2;13000
H738;SAMASSI;SU;;;;;NO;0*;;;;;;;;;;;;;;;;;;;;;;;;;0
H739;SAMATZAI;SU;;;;;NO;0*;;;;;;;;;;;;;;;;;;;;;;;;;0
H743;SAMBUCA DI SICILIA;AG;;;;;NO;0*;;;;;;;;;;;;;;;;;;;;;;;;;0
H744;SAMBUCA PISTOIESE;PT;;;;;NO;0*;;;;;;;;;;;;;;;;;;;;;;;;;0
H745;SAMBUCI;RM;5;26/02/2026;17/03/2026;CONFERMA;NO;0,5;Aliquota unica;;;;;;;;;;;;;;;;;;;;;;;1;0
H746;SAMBUCO;CN;20;17/12/2025;09/01/2026;CONFERMA;NO;0,2;Aliquota unica;;;;;;;;;;;;;;;;;;;;;;;1;0
H749;SAMMICHELE DI BARI;BA;;;;;NO;0*;;;;;;;;;;;;;;;;;;;;;;;;;0
H013;SAMO;RC;31;25/11/2025;05/05/2026;CONFERMA;NO;0,8;Aliquota unica;;;;;;;;;;;;;;;;;;;;;;;1;0
H752;SAMOLACO;SO;;;;;NO;0*;;;;;;;;;;;;;;;;;;;;;;;;;0
H753;SAMONE;TO;30;18/12/2025;31/03/2026;MODIFICA;SI;0,65;Applicabile a scaglione di reddito fino a euro 28.000,00;,75;Applicabile a scaglione di reddito da euro 28.000,01 fino a euro 50.000,00;,8;Applicabile a scaglione di reddito oltre euro 50.000,00;;;;;;;;;;;;;;;;;;;3;0
H754;SAMONE;TN;;;;;NO;0*;;;;;;;;;;;;;;;;;;;;;;;;;0
H755;SAMPEYRE;CN;24;19/12/2025;07/01/2026;CONFERMA;SI;0;Esenzione per redditi imponibili fino a euro 9.999,99;,6;Aliquota unica;;;;;;;;;;;;;;;;;;;;;2;9999,99
H756;SAMUGHEO;OR;;;;;NO;0*;;;;;;;;;;;;;;;;;;;;;;;;;0
H763;SAN BARTOLOMEO AL MARE;IM;7;19/02/2026;10/03/2026;CONFERMA;NO;0,6;Aliquota unica;;;;;;;;;;;;;;;;;;;;;;;1;0
H764;SAN BARTOLOMEO IN GALDO;BN;24;29/12/2025;10/06/2026;CONFERMA;NO;0,8;Aliquota unica;;;;;;;;;;;;;;;;;;;;;;;1;0
H760;SAN BARTOLOMEO VAL CAVARGNA;CO;49;30/10/2025;16/07/2026;CONFERMA;NO;0,2;Aliquota unica;;;;;;;;;;;;;;;;;;;;;;;1;0
H765;SAN BASILE;CS;;;;;NO;0*;;;;;;;;;;;;;;;;;;;;;;;;;0
H766;SAN BASILIO;SU;;;;;NO;0*;;;;;;;;;;;;;;;;;;;;;;;;;0
H767;SAN BASSANO;CR;;;;;NO;0*;;;;;;;;;;;;;;;;;;;;;;;;;0
H768;SAN BELLINO;RO;38;18/12/2025;19/01/2026;CONFERMA;SI;0;Esenzione per redditi imponibili fino a euro 10.000,00;,7;Aliquota unica;;;;;;;;;;;;;;;;;;;;;2;10000
H770;SAN BENEDETTO BELBO;CN;;;;;NO;0*;;;;;;;;;;;;;;;;;;;;;;;;;0
H772;SAN BENEDETTO DEI MARSI;AQ;;;;;NO;0*;;;;;;;;;;;;;;;;;;;;;;;;;0
H769;SAN BENEDETTO DEL TRONTO;AP;;;;;NO;0*;;;;;;;;;;;;;;;;;;;;;;;;;0
H773;SAN BENEDETTO IN PERILLIS;AQ;;;;;NO;0*;;;;;;;;;;;;;;;;;;;;;;;;;0
H771;SAN BENEDETTO PO;MN;49;22/12/2025;12/01/2026;CONFERMA;SI;0;Esenzione per redditi imponibili fino a euro 11.999,99;,78;Aliquota unica;;;;;;;;;;;;;;;;;;;;;2;11999,99
H774;SAN BENEDETTO ULLANO;CS;;;;;NO;0*;;;;;;;;;;;;;;;;;;;;;;;;;0
G566;SAN BENEDETTO VAL DI SAMBRO;BO;;;;;NO;0*;;;;;;;;;;;;;;;;;;;;;;;;;0
H775;SAN BENIGNO CANAVESE;TO;38;22/12/2025;10/02/2026;CONFERMA;SI;0;Esenzione per redditi imponibili fino a euro 10.000,00;,75;Aliquota unica;;;;;;;;;;;;;;;;;;;;;2;10000
H777;SAN BERNARDINO VERBANO;VB;25;18/12/2025;03/02/2026;CONFERMA;SI;0;Esenzione per redditi imponibili fino a euro 10.000,00;,8;Aliquota unica;;;;;;;;;;;;;;;;;;;;;2;10000
H780;SAN BIAGIO DELLA CIMA;IM;3;12/02/2026;25/02/2026;CONFERMA;NO;0,8;Aliquota unica;;;;;;;;;;;;;;;;;;;;;;;1;0
H781;SAN BIAGIO DI CALLALTA;TV;;;;;NO;0*;;;;;;;;;;;;;;;;;;;;;;;;;0
H778;SAN BIAGIO PLATANI;AG;;;;;NO;0*;;;;;;;;;;;;;;;;;;;;;;;;;0
H779;SAN BIAGIO SARACINISCO;FR;27;23/12/2025;04/05/2026;CONFERMA;NO;0,4;Aliquota unica;;;;;;;;;;;;;;;;;;;;;;;1;0
H782;SAN BIASE;CB;3;09/03/2026;17/03/2026;CONFERMA;NO;0,2;Aliquota unica;;;;;;;;;;;;;;;;;;;;;;;1;0
H783;SAN BONIFACIO;VR;5;26/01/2026;03/02/2026;CONFERMA;SI;0;Esenzione per redditi imponibili fino a euro 9.999,99;,8;Aliquota unica;;;;;;;;;;;;;;;;;;;;;2;9999,99
H784;SAN BUONO;CH;25;22/12/2025;22/01/2026;CONFERMA;NO;0,5;Aliquota unica;;;;;;;;;;;;;;;;;;;;;;;1;0
H785;SAN CALOGERO;VV;;;;;NO;0*;;;;;;;;;;;;;;;;;;;;;;;;;0
H786;SAN CANDIDO;BZ;;;;;NO;0*;;;;;;;;;;;;;;;;;;;;;;;;;0
H787;SAN CANZIAN D'ISONZO;GO;;;;;NO;0*;;;;;;;;;;;;;;;;;;;;;;;;;0
H789;SAN CARLO CANAVESE;TO;;;;;NO;0*;;;;;;;;;;;;;;;;;;;;;;;;;0
H790;SAN CASCIANO DEI BAGNI;SI;71;16/12/2025;26/02/2026;CONFERMA;SI;0;Esenzione per redditi imponibili fino a euro 9.999,99;,8;Aliquota unica;;;;;;;;;;;;;;;;;;;;;2;9999,99
H791;SAN CASCIANO IN VAL DI PESA;FI;;;;;NO;0*;;;;;;;;;;;;;;;;;;;;;;;;;0
M264;SAN CASSIANO;LE;;;;;NO;0*;;;;;;;;;;;;;;;;;;;;;;;;;0
H792;SAN CATALDO;CL;;;;;NO;0*;;;;;;;;;;;;;;;;;;;;;;;;;0
M295;SAN CESAREO;RM;;;;;NO;0*;;;;;;;;;;;;;;;;;;;;;;;;;0
H793;SAN CESARIO DI LECCE;LE;;;;;NO;0*;;;;;;;;;;;;;;;;;;;;;;;;;0
H794;SAN CESARIO SUL PANARO;MO;83;26/11/2025;05/03/2026;CONFERMA;SI;0;Esenzione per redditi imponibili fino a euro 15.000,00;,8;Aliquota unica;;;;;;;;;;;;;;;;;;;;;2;15000
H795;SAN CHIRICO NUOVO;PZ;15;19/12/2025;16/01/2026;CONFERMA;NO;0,6;Aliquota unica;;;;;;;;;;;;;;;;;;;;;;;1;0
H796;SAN CHIRICO RAPARO;PZ;3;27/02/2026;27/04/2026;CONFERMA;NO;0,4;Aliquota unica;;;;;;;;;;;;;;;;;;;;;;;1;0
H797;SAN CIPIRELLO;PA;;;;;NO;0*;;;;;;;;;;;;;;;;;;;;;;;;;0
H798;SAN CIPRIANO D'AVERSA;CE;;;;;NO;0*;;;;;;;;;;;;;;;;;;;;;;;;;0
H800;SAN CIPRIANO PICENTINO;SA;;;;;NO;0*;;;;;;;;;;;;;;;;;;;;;;;;;0
H799;SAN CIPRIANO PO;PV;18;12/12/2025;12/01/2026;CONFERMA;NO;0,5;Aliquota unica;;;;;;;;;;;;;;;;;;;;;;;1;0
H801;SAN CLEMENTE;RN;;;;;NO;0*;;;;;;;;;;;;;;;;;;;;;;;;;0
H803;SAN COLOMBANO AL LAMBRO;MI;39;29/11/2025;13/01/2026;MODIFICA;NO;0,75;Aliquota unica;;;;;;;;;;;;;;;;;;;;;;;1;0
H804;SAN COLOMBANO BELMONTE;TO;;;;;NO;0*;;;;;;;;;;;;;;;;;;;;;;;;;0
H802;SAN COLOMBANO CERTENOLI;GE;48;25/11/2025;09/01/2026;CONFERMA;NO;0,8;Aliquota unica;;;;;;;;;;;;;;;;;;;;;;;1;0
H805;SAN CONO;CT;;;;;NO;0*;;;;;;;;;;;;;;;;;;;;;;;;;0
H806;SAN COSMO ALBANESE;CS;;;;;NO;0*;;;;;;;;;;;;;;;;;;;;;;;;;0
H808;SAN COSTANTINO ALBANESE;PZ;;;;;NO;0*;;;;;;;;;;;;;;;;;;;;;;;;;0
H807;SAN COSTANTINO CALABRO;VV;2;31/03/2026;14/05/2026;CONFERMA;NO;0,8;Aliquota unica;;;;;;;;;;;;;;;;;;;;;;;1;0
H809;SAN COSTANZO;PU;53;23/12/2025;19/03/2026;MODIFICA;SI;0;Esenzione per redditi imponibili fino a euro 10.000,00;,8;Aliquota unica;;;;;;;;;;;;;;;;;;;;;2;10000
H810;SAN CRISTOFORO;AL;;;;;NO;0*;;;;;;;;;;;;;;;;;;;;;;;;;0
H814;SAN DAMIANO AL COLLE;PV;;;;;NO;0*;;;;;;;;;;;;;;;;;;;;;;;;;0
H811;SAN DAMIANO D'ASTI;AT;51;23/12/2025;16/01/2026;CONFERMA;SI;0;Esenzione per redditi imponibili fino a euro 6.500,00;,8;Aliquota unica;;;;;;;;;;;;;;;;;;;;;2;6500
H812;SAN DAMIANO MACRA;CN;;;;;NO;0*;;;;;;;;;;;;;;;;;;;;;;;;;0
H816;SAN DANIELE DEL FRIULI;UD;76;22/12/2025;14/01/2026;MODIFICA;NO;0,7;Aliquota unica;;;;;;;;;;;;;;;;;;;;;;;1;0
H815;SAN DANIELE PO;CR;33;16/12/2025;14/01/2026;CONFERMA;NO;0,8;Aliquota unica;;;;;;;;;;;;;;;;;;;;;;;1;0
H818;SAN DEMETRIO CORONE;CS;;;;;NO;0*;;;;;;;;;;;;;;;;;;;;;;;;;0
H819;SAN DEMETRIO NE' VESTINI;AQ;;;;;NO;0*;;;;;;;;;;;;;;;;;;;;;;;;;0
H820;SAN DIDERO;TO;;;;;NO;0*;;;;;;;;;;;;;;;;;;;;;;;;;0
H823;SAN DONA' DI PIAVE;VE;;;;;NO;0*;;;;;;;;;;;;;;;;;;;;;;;;;0
H822;SAN DONACI;BR;;;;;NO;0*;;;;;;;;;;;;;;;;;;;;;;;;;0
H826;SAN DONATO DI LECCE;LE;1;16/01/2026;04/06/2026;CONFERMA;NO;0,8;Aliquota unica;;;;;;;;;;;;;;;;;;;;;;;1;0
H825;SAN DONATO DI NINEA;CS;;;;;NO;0*;;;;;;;;;;;;;;;;;;;;;;;;;0
H827;SAN DONATO MILANESE;MI;54;27/11/2025;26/03/2026;MODIFICA;SI;0;Esenzione per redditi imponibili fino a euro 23.000,00;,8;Aliquota unica;;;;;;;;;;;;;;;;;;;;;2;23000
H824;SAN DONATO VAL DI COMINO;FR;;;;;NO;0*;;;;;;;;;;;;;;;;;;;;;;;;;0
D324;SAN DORLIGO DELLA VALLE-DOLINA;TS;54;17/12/2025;07/01/2026;MODIFICA;SI;0;Esenzione per redditi imponibili fino a euro 17.000,00;,6;Applicabile a scaglione di reddito fino a euro 28.000,00;,65;Applicabile a scaglione di reddito da euro 28.000,01 fino a euro 50.000,00;,7;Applicabile a scaglione di reddito oltre euro 50.000,00;;;;;;;;;;;;;;;;;4;17000
H831;SAN FELE;PZ;;;;;NO;0*;;;;;;;;;;;;;;;;;;;;;;;;;0
H834;SAN FELICE A CANCELLO;CE;96;20/03/2026;30/03/2026;CONFERMA;NO;0,8;Aliquota unica;;;;;;;;;;;;;;;;;;;;;;;1;0
H836;SAN FELICE CIRCEO;LT;;;;;NO;0*;;;;;;;;;;;;;;;;;;;;;;;;;0
H838;SAN FELICE DEL BENACO;BS;;;;;NO;0*;;;;;;;;;;;;;;;;;;;;;;;;;0
H833;SAN FELICE DEL MOLISE;CB;30;26/11/2025;07/05/2026;CONFERMA;NO;0,5;Aliquota unica;;;;;;;;;;;;;;;;;;;;;;;1;0
H835;SAN FELICE SUL PANARO;MO;;;;;NO;0*;;;;;;;;;;;;;;;;;;;;;;;;;0
M277;SAN FERDINANDO;RC;;;;;NO;0*;;;;;;;;;;;;;;;;;;;;;;;;;0
H839;SAN FERDINANDO DI PUGLIA;BT;71;29/12/2025;19/01/2026;CONFERMA;SI;0,75;Applicabile a scaglione di reddito fino a euro 28.000,00;,78;Applicabile a scaglione di reddito da euro 28.000,01 fino a euro 50.000,00;,8;Applicabile a scaglione di reddito oltre euro 50.000,00;;;;;;;;;;;;;;;;;;;3;0
H840;SAN FERMO DELLA BATTAGLIA;CO;;;;;NO;0*;;;;;;;;;;;;;;;;;;;;;;;;;0
H841;SAN FILI;CS;;;;;NO;0*;;;;;;;;;;;;;;;;;;;;;;;;;0
H842;SAN FILIPPO DEL MELA;ME;42;18/12/2025;15/06/2026;CONFERMA;NO;0,5;Aliquota unica;;;;;;;;;;;;;;;;;;;;;;;1;0
H843;SAN FIOR;TV;52;23/12/2025;09/03/2026;MODIFICA;SI;0;Esenzione per redditi imponibili fino a euro 15.000,00;,7;Applicabile a scaglione di reddito fino a euro 28.000,00;,8;Applicabile a scaglione di reddito da euro 28.000,01 fino a euro 50.000,00;,8;Applicabile a scaglione di reddito oltre euro 50.000,00;;;;;;;;;;;;;;;;;4;15000
H844;SAN FIORANO;LO;36;20/12/2025;09/01/2026;MODIFICA;NO;0,55;Aliquota unica;;;;;;;;;;;;;;;;;;;;;;;1;0
H845;SAN FLORIANO DEL COLLIO;GO;35;09/12/2025;16/03/2026;DELIBERA ADOTTATA EX ART. 1, COMMA 751, L. 207/2024;SI;0,6;Applicabile a  scaglione di reddito fino a euro 15.000,00;,7;Applicabile a scaglione di reddito da euro 15.000,01 fino a euro 28.000,00;,75;Applicabile a scaglione di reddito da euro 28.000,01 fino a euro 50.000,00;,8;Applicabile a scaglione di reddito oltre euro 50.000,00;0;Esenzione per redditi imponibili fino a euro 8.500,00;;;;;;;;;;;;;;;0;0
H846;SAN FLORO;CZ;;;;;NO;0*;;;;;;;;;;;;;;;;;;;;;;;;;0
H847;SAN FRANCESCO AL CAMPO;TO;35;19/12/2025;21/01/2026;MODIFICA;NO;0,8;Aliquota unica;;;;;;;;;;;;;;;;;;;;;;;1;0
H850;SAN FRATELLO;ME;;;;;NO;0*;;;;;;;;;;;;;;;;;;;;;;;;;0
H856;SAN GAVINO MONREALE;SU;71;31/12/2025;09/01/2026;CONFERMA;NO;0,68;Aliquota unica;;;;;;;;;;;;;;;;;;;;;;;1;0
H857;SAN GEMINI;TR;11;25/02/2026;27/04/2026;CONFERMA;SI;0;Esenzione per redditi imponibili fino a euro 10.000,00;,8;Aliquota unica;;;;;;;;;;;;;;;;;;;;;2;10000
H858;SAN GENESIO ATESINO;BZ;61;26/11/2025;09/01/2026;ISTITUISCE;SI;0;Esenzione per redditi imponibili fino a euro 25.000,00;,1;Applicabile a scaglione di reddito fino a euro 28.000,00;,4;Applicabile a scaglione di reddito da euro 28.000,01 fino a euro 50.000,00;,6;Applicabile a scaglione di reddito oltre euro 50.000,00;;;;;;;;;;;;;;;;;4;25000
H859;SAN GENESIO ED UNITI;PV;21;27/11/2025;27/02/2026;CONFERMA;SI;0;Esenzione per redditi imponibili fino a euro 18.000,00;,8;Aliquota unica;;;;;;;;;;;;;;;;;;;;;2;18000
H860;SAN GENNARO VESUVIANO;NA;59;10/12/2025;10/03/2026;CONFERMA;NO;0,8;Aliquota unica;;;;;;;;;;;;;;;;;;;;;;;1;0
H862;SAN GERMANO CHISONE;TO;;;;;NO;0*;;;;;;;;;;;;;;;;;;;;;;;;;0
H861;SAN GERMANO VERCELLESE;VC;;;;;NO;0*;;;;;;;;;;;;;;;;;;;;;;;;;0
H865;SAN GERVASIO BRESCIANO;BS;35;29/12/2025;27/03/2026;CONFERMA;SI;0;Esenzione per redditi imponibili fino a euro 12.000,00;,8;Aliquota unica;;;;;;;;;;;;;;;;;;;;;2;12000
H867;SAN GIACOMO DEGLI SCHIAVONI;CB;;;;;NO;0*;;;;;;;;;;;;;;;;;;;;;;;;;0
H870;SAN GIACOMO DELLE SEGNATE;MN;7;13/03/2026;04/05/2026;CONFERMA;SI;0;Esenzione per redditi imponibili fino a euro 7.500,00;,8;Aliquota unica;;;;;;;;;;;;;;;;;;;;;2;7500
H868;SAN GIACOMO FILIPPO;SO;;;;;NO;0*;;;;;;;;;;;;;;;;;;;;;;;;;0
B952;SAN GIACOMO VERCELLESE;VC;17;18/12/2025;22/05/2026;CONFERMA;NO;0,6;Aliquota unica;;;;;;;;;;;;;;;;;;;;;;;1;0
H873;SAN GILLIO;TO;37;16/12/2025;12/02/2026;MODIFICA;SI;0;Esenzione per redditi imponibili fino a euro 10.000,00;,75;Applicabile a scaglione di reddito fino a euro 28.000,00;,78;Applicabile a scaglione di reddito da euro 28.000,01 fino a euro 50.000,00;,8;Applicabile a scaglione di reddito oltre euro 50.000,00;;;;;;;;;;;;;;;;;4;10000
H875;SAN GIMIGNANO;SI;;;;;NO;0*;;;;;;;;;;;;;;;;;;;;;;;;;0
H876;SAN GINESIO;MC;;;;;NO;0*;;;;;;;;;;;;;;;;;;;;;;;;;0
H892;SAN GIORGIO A CREMANO;NA;;;;;NO;0*;;;;;;;;;;;;;;;;;;;;;;;;;0
H880;SAN GIORGIO A LIRI;FR;;;;;NO;0*;;;;;;;;;;;;;;;;;;;;;;;;;0
H881;SAN GIORGIO ALBANESE;CS;43;29/12/2025;17/06/2026;CONFERMA;NO;0,8;Aliquota unica;;;;;;;;;;;;;;;;;;;;;;;1;0
H883;SAN GIORGIO BIGARELLO;MN;62;29/12/2025;29/01/2026;CONFERMA;SI;0;Esenzione per redditi imponibili fino a euro 14.999,99;,6;Aliquota unica;;;;;;;;;;;;;;;;;;;;;2;14999,99
H890;SAN GIORGIO CANAVESE;TO;33;18/12/2025;27/01/2026;CONFERMA;SI;0;Esenzione per redditi imponibili fino a euro 15.000,00;,65;Aliquota unica;;;;;;;;;;;;;;;;;;;;;2;15000
H894;SAN GIORGIO DEL SANNIO;BN;5;17/02/2026;26/03/2026;CONFERMA;NO;0,8;Aliquota unica;;;;;;;;;;;;;;;;;;;;;;;1;0
H891;SAN GIORGIO DELLA RICHINVELDA;PN;43;26/11/2025;22/01/2026;CONFERMA;SI;0;Esenzione per redditi imponibili fino a euro 15.000,00;,8;Aliquota unica;;;;;;;;;;;;;;;;;;;;;2;15000
H893;SAN GIORGIO DELLE PERTICHE;PD;;;;;NO;0*;;;;;;;;;;;;;;;;;;;;;;;;;0
H885;SAN GIORGIO DI LOMELLINA;PV;19;16/12/2025;18/02/2026;CONFERMA;SI;0;Esenzione per redditi imponibili fino a euro 5.000,00;,3;Aliquota unica;;;;;;;;;;;;;;;;;;;;;2;5000
H895;SAN GIORGIO DI NOGARO;UD;56;29/12/2025;28/07/2026;CONFERMA;SI;0,1;Applicabile a scaglione di reddito fino a € 15.000,00;,25;Applicabile a scaglione di reddito da euro 15.000,01 fino a euro 28.000,00;,5;Applicabile a scaglione di reddito da euro 28.000,01 fino a euro 50.000,00;,7;Applicabile a scaglione di reddito oltre euro 50.000,00;0;Esenzione per redditi imponibili fino a euro 20.000,00;;;;;;;;;;;;;;;0;0
H896;SAN GIORGIO DI PIANO;BO;;;;;NO;0*;;;;;;;;;;;;;;;;;;;;;;;;;0
H897;SAN GIORGIO IN BOSCO;PD;;;;;NO;0*;;;;;;;;;;;;;;;;;;;;;;;;;0
H882;SAN GIORGIO IONICO;TA;40;27/11/2025;14/01/2026;CONFERMA;SI;0;Esenzione per redditi imponibili fino a euro 7.500,00;,8;Aliquota unica;;;;;;;;;;;;;;;;;;;;;2;7500
H898;SAN GIORGIO LA MOLARA;BN;5;24/02/2026;10/03/2026;CONFERMA;NO;0,8;Aliquota unica;;;;;;;;;;;;;;;;;;;;;;;1;0
H888;SAN GIORGIO LUCANO;MT;;;;;NO;0*;;;;;;;;;;;;;;;;;;;;;;;;;0
H878;SAN GIORGIO MONFERRATO;AL;21;23/10/2025;02/02/2026;CONFERMA;SI;0;Esenzione per redditi imponibili fino a euro 10.000,00;,8;Aliquota unica;;;;;;;;;;;;;;;;;;;;;2;10000
H889;SAN GIORGIO MORGETO;RC;;;;;NO;0*;;;;;;;;;;;;;;;;;;;;;;;;;0
H887;SAN GIORGIO PIACENTINO;PC;;;;;NO;0*;;;;;;;;;;;;;;;;;;;;;;;;;0
H899;SAN GIORGIO SCARAMPI;AT;14;23/12/2025;08/01/2026;ISTITUISCE;NO;0,6;Aliquota unica;;;;;;;;;;;;;;;;;;;;;;;1;0
H884;SAN GIORGIO SU LEGNANO;MI;;;;;NO;0*;;;;;;;;;;;;;;;;;;;;;;;;;0
H900;SAN GIORIO DI SUSA;TO;;;;;NO;0*;;;;;;;;;;;;;;;;;;;;;;;;;0
H907;SAN GIOVANNI A PIRO;SA;38;29/12/2025;04/06/2026;CONFERMA;SI;0;Esenzione per redditi imponibili fino a euro 10.000,00;,5;Aliquota unica;;;;;;;;;;;;;;;;;;;;;2;10000
H906;SAN GIOVANNI AL NATISONE;UD;;;;;NO;0*;;;;;;;;;;;;;;;;;;;;;;;;;0
H910;SAN GIOVANNI BIANCO;BG;;;;;NO;0*;;;;;;;;;;;;;;;;;;;;;;;;;0
H912;SAN GIOVANNI DEL DOSSO;MN;45;22/12/2025;15/01/2026;CONFERMA;SI;0;Esenzione per redditi imponibili fino a euro 10.000,00;,8;Aliquota unica;;;;;;;;;;;;;;;;;;;;;2;10000
M390;SAN GIOVANNI DI FASSA;TN;;;;;NO;0*;;;;;;;;;;;;;;;;;;;;;;;;;0
H903;SAN GIOVANNI DI GERACE;RC;;;;;NO;0*;;;;;;;;;;;;;;;;;;;;;;;;;0
H914;SAN GIOVANNI GEMINI;AG;;;;;NO;0*;;;;;;;;;;;;;;;;;;;;;;;;;0
H916;SAN GIOVANNI ILARIONE;VR;34;18/12/2025;07/01/2026;CONFERMA;NO;0,8;Aliquota unica;;;;;;;;;;;;;;;;;;;;;;;1;0
H918;SAN GIOVANNI IN CROCE;CR;7;28/02/2026;10/03/2026;MODIFICA;NO;0,8;Aliquota unica;;;;;;;;;;;;;;;;;;;;;;;1;0
H919;SAN GIOVANNI IN FIORE;CS;;;;;NO;0*;;;;;;;;;;;;;;;;;;;;;;;;;0
H920;SAN GIOVANNI IN GALDO;CB;24;19/12/2025;13/01/2026;CONFERMA;SI;0;Esenzione per redditi imponibili fino a euro 6.000,00;,4;Aliquota unica;;;;;;;;;;;;;;;;;;;;;2;6000
H921;SAN GIOVANNI IN MARIGNANO;RN;;;;;NO;0*;;;;;;;;;;;;;;;;;;;;;;;;;0
G467;SAN GIOVANNI IN PERSICETO;BO;;;;;NO;0*;;;;;;;;;;;;;;;;;;;;;;;;;0
H917;SAN GIOVANNI INCARICO;FR;;;;;NO;0*;;;;;;;;;;;;;;;;;;;;;;;;;0
H922;SAN GIOVANNI LA PUNTA;CT;;;;;NO;0*;;;;;;;;;;;;;;;;;;;;;;;;;0
H923;SAN GIOVANNI LIPIONI;CH;;;;;NO;0*;;;;;;;;;;;;;;;;;;;;;;;;;0
H924;SAN GIOVANNI LUPATOTO;VR;59;18/12/2025;21/01/2026;DELIBERA ADOTTATA EX ART. 1, COMMA 751, L. 207/2024;SI;0,45;Applicabile a scaglione di reddito fino a euro 15.000,00;,64;Applicabile a scaglione di reddito da euro 15.000,01 fino a euro 28.000,00;,74;Applicabile a scaglione di reddito da euro 28.000,01 fino a euro 50.000,00;,77;Applicabile a scaglione di reddito oltre euro 50.000,00;0;Esenzione per redditi imponibili fino a euro 15.000,00;;;;;;;;;;;;;;;0;0
H926;SAN GIOVANNI ROTONDO;FG;;;;;NO;0*;;;;;;;;;;;;;;;;;;;;;;;;;0
G287;SAN GIOVANNI SUERGIU;SU;;;;;NO;0*;;;;;;;;;;;;;;;;;;;;;;;;;0
D690;SAN GIOVANNI TEATINO;CH;61;22/12/2025;13/02/2026;CONFERMA;SI;0;Esenzione per redditi imponibili fino a euro 9.999,99;,8;Aliquota unica;;;;;;;;;;;;;;;;;;;;;2;9999,99
H901;SAN GIOVANNI VALDARNO;AR;;;;;NO;0*;;;;;;;;;;;;;;;;;;;;;;;;;0
H928;SAN GIULIANO DEL SANNIO;CB;21;16/12/2025;13/01/2026;CONFERMA;NO;0,8;Aliquota unica;;;;;;;;;;;;;;;;;;;;;;;1;0
H929;SAN GIULIANO DI PUGLIA;CB;;;;;NO;0*;;;;;;;;;;;;;;;;;;;;;;;;;0
H930;SAN GIULIANO MILANESE;MI;37;27/10/2025;18/02/2026;CONFERMA;SI;0;Esenzione per redditi imponibili fino a euro 17.000,00;,8;Aliquota unica;;;;;;;;;;;;;;;;;;;;;2;17000
A562;SAN GIULIANO TERME;PI;;;;;NO;0*;;;;;;;;;;;;;;;;;;;;;;;;;0
H933;SAN GIUSEPPE JATO;PA;;;;;NO;0*;;;;;;;;;;;;;;;;;;;;;;;;;0
H931;SAN GIUSEPPE VESUVIANO;NA;;;;;NO;0*;;;;;;;;;;;;;;;;;;;;;;;;;0
H935;SAN GIUSTINO;PG;;;;;NO;0*;;;;;;;;;;;;;;;;;;;;;;;;;0
H936;SAN GIUSTO CANAVESE;TO;;;;;NO;0*;;;;;;;;;;;;;;;;;;;;;;;;;0
H937;SAN GODENZO;FI;;;;;NO;0*;;;;;;;;;;;;;;;;;;;;;;;;;0
H942;SAN GREGORIO DA SASSOLA;RM;2;26/02/2026;08/05/2026;MODIFICA;NO;0,8;Aliquota unica;;;;;;;;;;;;;;;;;;;;;;;1;0
H940;SAN GREGORIO DI CATANIA;CT;;;;;NO;0*;;;;;;;;;;;;;;;;;;;;;;;;;0
H941;SAN GREGORIO D'IPPONA;VV;;;;;NO;0*;;;;;;;;;;;;;;;;;;;;;;;;;0
H943;SAN GREGORIO MAGNO;SA;;;;;NO;0*;;;;;;;;;;;;;;;;;;;;;;;;;0
H939;SAN GREGORIO MATESE;CE;7;21/02/2026;18/03/2026;CONFERMA;NO;0,6;Aliquota unica;;;;;;;;;;;;;;;;;;;;;;;1;0
H938;SAN GREGORIO NELLE ALPI;BL;;;;;NO;0*;;;;;;;;;;;;;;;;;;;;;;;;;0
H945;SAN LAZZARO DI SAVENA;BO;52;15/12/2025;09/01/2026;CONFERMA;SI;0;Esenzione per redditi imponibili fino a euro 10.000,00;,8;Aliquota unica;;;;;;;;;;;;;;;;;;;;;2;10000
H949;SAN LEO;RN;;;;;NO;0*;;;;;;;;;;;;;;;;;;;;;;;;;0
H951;SAN LEONARDO;UD;;;;;NO;0*;;;;;;;;;;;;;;;;;;;;;;;;;0
H952;SAN LEONARDO IN PASSIRIA;BZ;;;;;NO;0*;;;;;;;;;;;;;;;;;;;;;;;;;0
H953;SAN LEUCIO DEL SANNIO;BN;;;;;NO;0*;;;;;;;;;;;;;;;;;;;;;;;;;0
H955;SAN LORENZELLO;BN;;;;;NO;0*;;;;;;;;;;;;;;;;;;;;;;;;;0
H959;SAN LORENZO;RC;;;;;NO;0*;;;;;;;;;;;;;;;;;;;;;;;;;0
H957;SAN LORENZO AL MARE;IM;;;;;NO;0*;;;;;;;;;;;;;;;;;;;;;;;;;0
H961;SAN LORENZO BELLIZZI;CS;7;22/04/2026;14/05/2026;ATTO OLTRE TERMINE - ALIQUOTE APPLICABILI PER IL 2026 IN QUANTO CONFERMATE;NO;0,8;Aliquota unica;;;;;;;;;;;;;;;;;;;;;;;1;0
H962;SAN LORENZO DEL VALLO;CS;;;;;NO;0*;;;;;;;;;;;;;;;;;;;;;;;;;0
H956;SAN LORENZO DI SEBATO;BZ;;;;;NO;0*;;;;;;;;;;;;;;;;;;;;;;;;;0
M345;SAN LORENZO DORSINO;TN;;;;;NO;0*;;;;;;;;;;;;;;;;;;;;;;;;;0
H958;SAN LORENZO IN CAMPO;PU;4;02/03/2026;19/03/2026;CONFERMA;SI;0;Esenzione per redditi imponibili fino a euro 9.999,99;,8;Aliquota unica;;;;;;;;;;;;;;;;;;;;;2;9999,99
H964;SAN LORENZO ISONTINO;GO;;;;;NO;0*;;;;;;;;;;;;;;;;;;;;;;;;;0
H967;SAN LORENZO MAGGIORE;BN;;;;;NO;0*;;;;;;;;;;;;;;;;;;;;;;;;;0
H969;SAN LORENZO NUOVO;VT;;;;;NO;0*;;;;;;;;;;;;;;;;;;;;;;;;;0
H970;SAN LUCA;RC;27;31/12/2025;14/01/2026;CONFERMA;NO;0,8;Aliquota unica;;;;;;;;;;;;;;;;;;;;;;;1;0
H971;SAN LUCIDO;CS;;;;;NO;0*;;;;;;;;;;;;;;;;;;;;;;;;;0
H973;SAN LUPO;BN;;;;;NO;0*;;;;;;;;;;;;;;;;;;;;;;;;;0
H976;SAN MANGO D'AQUINO;CZ;;;;;NO;0*;;;;;;;;;;;;;;;;;;;;;;;;;0
H977;SAN MANGO PIEMONTE;SA;92;22/10/2025;04/08/2026;CONFERMA;NO;0,8;Aliquota unica;;;;;;;;;;;;;;;;;;;;;;;1;0
H975;SAN MANGO SUL CALORE;AV;22;30/12/2025;19/01/2026;CONFERMA;NO;0,8;Aliquota unica;;;;;;;;;;;;;;;;;;;;;;;1;0
H978;SAN MARCELLINO;CE;;;;;NO;0*;;;;;;;;;;;;;;;;;;;;;;;;;0
H979;SAN MARCELLO;AN;66;23/12/2025;04/02/2026;MODIFICA;SI;0;Esenzione per redditi imponibili fino a euro 10.000,00;,8;Aliquota unica;;;;;;;;;;;;;;;;;;;;;2;10000
M377;SAN MARCELLO PITEGLIO;PT;97;23/12/2025;22/01/2026;CONFERMA;SI;0;Esenzione per redditi imponibili fino a euro 11.000,00;,8;Aliquota unica;;;;;;;;;;;;;;;;;;;;;2;11000
H981;SAN MARCO ARGENTANO;CS;;;;;NO;0*;;;;;;;;;;;;;;;;;;;;;;;;;0
H982;SAN MARCO D'ALUNZIO;ME;222;28/10/2025;08/01/2026;MODIFICA;NO;0,8;Aliquota unica;;;;;;;;;;;;;;;;;;;;;;;1;0
H984;SAN MARCO DEI CAVOTI;BN;;;;;NO;0*;;;;;;;;;;;;;;;;;;;;;;;;;0
F043;SAN MARCO EVANGELISTA;CE;16;23/12/2025;28/01/2026;CONFERMA;SI;0;Esenzione per redditi imponibili fino a euro 13.999,99;,8;Aliquota unica;;;;;;;;;;;;;;;;;;;;;2;13999,99
H985;SAN MARCO IN LAMIS;FG;;;;;NO;0*;;;;;;;;;;;;;;;;;;;;;;;;;0
H986;SAN MARCO LA CATOLA;FG;24;23/12/2025;13/01/2026;CONFERMA;NO;0,8;Aliquota unica;;;;;;;;;;;;;;;;;;;;;;;1;0
H999;SAN MARTINO AL TAGLIAMENTO;PN;23;22/12/2025;08/01/2026;CONFERMA;SI;0;Esenzione per redditi imponibili fino a euro 15.000,00;,45;Applicabile a scaglione di reddito fino a euro 28.000,00;,5;Applicabile a scaglione di reddito da euro 28.000,01 fino a euro 50.000,00;,53;Applicabile a scaglione di reddito oltre euro 50.000,00;;;;;;;;;;;;;;;;;4;15000
H987;SAN MARTINO ALFIERI;AT;41;15/12/2025;07/01/2026;CONFERMA;SI;0;Esenzione per redditi imponibili fino a euro 7.500,00;,75;Aliquota unica;;;;;;;;;;;;;;;;;;;;;2;7500
H988;SAN MARTINO BADIA;BZ;;;;;NO;0*;;;;;;;;;;;;;;;;;;;;;;;;;0
I003;SAN MARTINO BUON ALBERGO;VR;71;30/12/2025;29/04/2026;CONFERMA;SI;0;Esenzione per redditi imponibili fino a euro 10.000,00;,8;Aliquota unica;;;;;;;;;;;;;;;;;;;;;2;10000
H997;SAN MARTINO CANAVESE;TO;;;;;NO;0*;;;;;;;;;;;;;;;;;;;;;;;;;0
H994;SAN MARTINO D'AGRI;PZ;;;;;NO;0*;;;;;;;;;;;;;;;;;;;;;;;;;0
I005;SAN MARTINO DALL'ARGINE;MN;39;15/12/2025;13/01/2026;CONFERMA;SI;0;Esenzione per redditi imponibili fino a euro 10.000,00;,8;Aliquota unica;;;;;;;;;;;;;;;;;;;;;2;10000
I007;SAN MARTINO DEL LAGO;CR;;;;;NO;0*;;;;;;;;;;;;;;;;;;;;;;;;;0
H992;SAN MARTINO DI FINITA;CS;;;;;NO;0*;;;;;;;;;;;;;;;;;;;;;;;;;0
I008;SAN MARTINO DI LUPARI;PD;;;;;NO;0*;;;;;;;;;;;;;;;;;;;;;;;;;0
H996;SAN MARTINO DI VENEZZE;RO;35;17/12/2025;27/01/2026;CONFERMA;SI;0,8;Aliquota unica;0;Esenzione per reddito complessivo IRPEF, derivante per almeno il 90 % da pensione, inferiore a Euro 12.000,00;0;Esenzione per reddito complessivo IRPEF, derivante per almeno il 90% da lavoro dipendente, inferiore a Euro 8.000,00;0;Esenzione per reddito complessivo IRPEF, derivante per almeno il 90% da pensione e da lavoro dipendente, inferiore a Euro 12.000,00;;;;;;;;;;;;;;;;;5;0
H989;SAN MARTINO IN PASSIRIA;BZ;;;;;NO;0*;;;;;;;;;;;;;;;;;;;;;;;;;0
H990;SAN MARTINO IN PENSILIS;CB;;;;;NO;0*;;;;;;;;;;;;;;;;;;;;;;;;;0
I011;SAN MARTINO IN RIO;RE;70;23/12/2025;25/05/2026;CONFERMA;SI;0,58;Applicabile a scaglione di reddito fino a euro 15.000,00;,68;Applicabile a scaglione di reddito da euro 15.000,01 fino a euro 28.000;,78;Applicabile a scaglione di reddito da euro 28.000,01 fino a euro 50.000,00;,8;Applicabile a scaglione di reddito oltre euro 50.000,00;0;Esenzione per redditi imponibili fino a euro 11.000,00;;;;;;;;;;;;;;;0;0
I012;SAN MARTINO IN STRADA;LO;38;26/11/2025;13/01/2026;CONFERMA;SI;0;Esenzione per redditi imponibili fino a euro 12.000,00;,8;Aliquota unica;;;;;;;;;;;;;;;;;;;;;2;12000
I002;SAN MARTINO SANNITA;BN;;;;;NO;0*;;;;;;;;;;;;;;;;;;;;;;;;;0
I014;SAN MARTINO SICCOMARIO;PV;47;18/12/2025;12/01/2026;CONFERMA;SI;0;Esenzione per redditi imponibili fino a euro 18.000,00;,6;Aliquota unica;;;;;;;;;;;;;;;;;;;;;2;18000
H991;SAN MARTINO SULLA MARRUCINA;CH;3;11/02/2026;25/02/2026;DELIBERA ADOTTATA EX ART. 1, COMMA 751, L. 207/2024;SI;0,6;Applicabile a scaglione di reddito fino a euro 15.000,00;,65;Applicabile a scaglione di reddito da euro 15.000,01 fino a euro 28.000,00;,7;Applicabile a scaglione di reddito da euro 28.000,01 fino a euro 50.000,00;,8;Applicabile a scaglione di reddito oltre euro 50.000,00;;;;;;;;;;;;;;;;;0;0
I016;SAN MARTINO VALLE CAUDINA;AV;;;;;NO;0*;;;;;;;;;;;;;;;;;;;;;;;;;0
I018;SAN MARZANO DI SAN GIUSEPPE;TA;;;;;NO;0*;;;;;;;;;;;;;;;;;;;;;;;;;0
I017;SAN MARZANO OLIVETO;AT;;;;;NO;0*;;;;;;;;;;;;;;;;;;;;;;;;;0
I019;SAN MARZANO SUL SARNO;SA;;;;;NO;0*;;;;;;;;;;;;;;;;;;;;;;;;;0
I023;SAN MASSIMO;CB;;;;;NO;0*;;;;;;;;;;;;;;;;;;;;;;;;;0
I024;SAN MAURIZIO CANAVESE;TO;;;;;NO;0*;;;;;;;;;;;;;;;;;;;;;;;;;0
I025;SAN MAURIZIO D'OPAGLIO;NO;29;10/12/2025;08/01/2026;DELIBERA ADOTTATA EX ART. 1, COMMA 751, L. 207/2024;SI;0,4;Applicabile a scaglione di reddito fino a euro 15.000,00;,5;Applicabile a scaglione di reddito da euro 15.000,01 fino a euro 28.000,00;,6;Applicabile a scaglione di reddito da euro 28.000,01 fino a euro 50.000,00;,8;Applicabile a scaglione di reddito oltre euro 50.000,00;0;Esenzione per redditi imponibili fino a euro 12.000,00;;;;;;;;;;;;;;;0;0
I028;SAN MAURO CASTELVERDE;PA;;;;;NO;0*;;;;;;;;;;;;;;;;;;;;;;;;;0
I031;SAN MAURO CILENTO;SA;;;;;NO;0*;;;;;;;;;;;;;;;;;;;;;;;;;0
H712;SAN MAURO DI SALINE;VR;35;30/12/2025;01/04/2026;CONFERMA;NO;0,8;Aliquota unica;;;;;;;;;;;;;;;;;;;;;;;1;0
I029;SAN MAURO FORTE;MT;29;23/12/2025;08/01/2026;CONFERMA;NO;0,7;Aliquota unica;;;;;;;;;;;;;;;;;;;;;;;1;0
I032;SAN MAURO LA BRUCA;SA;;;;;NO;0*;;;;;;;;;;;;;;;;;;;;;;;;;0
I026;SAN MAURO MARCHESATO;KR;3;20/02/2026;19/03/2026;CONFERMA;NO;0,7;Aliquota unica;;;;;;;;;;;;;;;;;;;;;;;1;0
I027;SAN MAURO PASCOLI;FC;;;;;NO;0*;;;;;;;;;;;;;;;;;;;;;;;;;0
I030;SAN MAURO TORINESE;TO;;;;;NO;0*;;;;;;;;;;;;;;;;;;;;;;;;;0
I040;SAN MICHELE AL TAGLIAMENTO;VE;;;;;NO;0*;;;;;;;;;;;;;;;;;;;;;;;;;0
I042;SAN MICHELE ALL'ADIGE;TN;;;;;NO;0*;;;;;;;;;;;;;;;;;;;;;;;;;0
I035;SAN MICHELE DI GANZARIA;CT;;;;;NO;0*;;;;;;;;;;;;;;;;;;;;;;;;;0
I034;SAN MICHELE DI SERINO;AV;;;;;NO;0*;;;;;;;;;;;;;;;;;;;;;;;;;0
I037;SAN MICHELE MONDOVI';CN;;;;;NO;0*;;;;;;;;;;;;;;;;;;;;;;;;;0
I045;SAN MICHELE SALENTINO;BR;67;29/12/2025;23/01/2026;CONFERMA;NO;0,8;Aliquota unica;;;;;;;;;;;;;;;;;;;;;;;1;0
I046;SAN MINIATO;PI;107;29/12/2025;31/03/2026;MODIFICA;SI;0,7;Applicabile a scaglione di reddito fino a euro 28.000,00;,76;Applicabile a scaglione di reddito da euro 28.000,01 fino a euro 50.000,00;,8;Applicabile a scaglione di reddito oltre euro 50.000,00;0;Esenzione per altri redditi soglia esenzione €. 12.000,00;0;Esenzione per redditi da lavoro dipendente e da pensione soglia di esenzione €. 15.000,00;;;;;;;;;;;;;;;6;0
I049;SAN NAZZARO;BN;;;;;NO;0*;;;;;;;;;;;;;;;;;;;;;;;;;0
I052;SAN NAZZARO SESIA;NO;32;10/11/2025;07/01/2026;CONFERMA;NO;0,6;Aliquota unica;;;;;;;;;;;;;;;;;;;;;;;1;0
I051;SAN NAZZARO VAL CAVARGNA;CO;;;;;NO;0*;;;;;;;;;;;;;;;;;;;;;;;;;0
I054;SAN NICANDRO GARGANICO;FG;;;;;NO;0*;;;;;;;;;;;;;;;;;;;;;;;;;0
I060;SAN NICOLA ARCELLA;CS;50;29/12/2025;21/04/2026;MODIFICA;SI;0;Esenzione per redditi imponibili fino a euro 9.500,00;,65;Applicabile a scaglione di reddito fino a euro 28.000,00;,75;Applicabile a scaglione di reddito da euro 28.000,01 fino a euro 50.000,00;,8;Applicabile a scaglione di reddito oltre euro 50.000,00;;;;;;;;;;;;;;;;;4;9500
I061;SAN NICOLA BARONIA;AV;23;27/11/2025;12/01/2026;CONFERMA;NO;0,7;Aliquota unica;;;;;;;;;;;;;;;;;;;;;;;1;0
I058;SAN NICOLA DA CRISSA;VV;;;;;NO;0*;;;;;;;;;;;;;;;;;;;;;;;;;0
I057;SAN NICOLA DELL'ALTO;KR;;;;;NO;0*;;;;;;;;;;;;;;;;;;;;;;;;;0
I056;SAN NICOLA LA STRADA;CE;;;;;NO;0*;;;;;;;;;;;;;;;;;;;;;;;;;0
I062;SAN NICOLA MANFREDI;BN;;;;;NO;0*;;;;;;;;;;;;;;;;;;;;;;;;;0
A368;SAN NICOLO' D'ARCIDANO;OR;2;27/02/2026;24/08/2026;CONFERMA;SI;0;Esenzione per redditi imponibili fino a euro 10.000,00;,3;Aliquota unica;;;;;;;;;;;;;;;;;;;;;2;10000
I063;SAN NICOLO' DI COMELICO;BL;39;30/12/2025;27/01/2026;CONFERMA;NO;0,8;Aliquota unica;;;;;;;;;;;;;;;;;;;;;;;1;0
G383;SAN NICOLO' GERREI;SU;;;;;NO;0*;;;;;;;;;;;;;;;;;;;;;;;;;0
I065;SAN PANCRAZIO;BZ;;;;;NO;0*;;;;;;;;;;;;;;;;;;;;;;;;;0
I066;SAN PANCRAZIO SALENTINO;BR;45;29/12/2025;12/02/2026;CONFERMA;NO;0,7;Aliquota unica;;;;;;;;;;;;;;;;;;;;;;;1;0
G407;SAN PAOLO;BS;;;;;NO;0*;;;;;;;;;;;;;;;;;;;;;;;;;0
B906;SAN PAOLO ALBANESE;PZ;;;;;NO;0*;;;;;;;;;;;;;;;;;;;;;;;;;0
I073;SAN PAOLO BEL SITO;NA;4;26/02/2026;12/03/2026;CONFERMA;NO;0,6;Aliquota unica;;;;;;;;;;;;;;;;;;;;;;;1;0
B310;SAN PAOLO D'ARGON;BG;;;;;NO;0*;;;;;;;;;;;;;;;;;;;;;;;;;0
I072;SAN PAOLO DI CIVITATE;FG;;;;;NO;0*;;;;;;;;;;;;;;;;;;;;;;;;;0
I071;SAN PAOLO DI JESI;AN;;;;;NO;0*;;;;;;;;;;;;;;;;;;;;;;;;;0
I076;SAN PAOLO SOLBRITO;AT;17;22/12/2025;20/05/2026;CONFERMA;SI;0;Esenzione per redditi imponibili fino a euro 5.000,00;,8;Aliquota unica;;;;;;;;;;;;;;;;;;;;;2;5000
I079;SAN PELLEGRINO TERME;BG;25;18/12/2025;17/02/2026;CONFERMA;SI;0,75;Applicabile a scaglione di reddito fino a euro 28.000,00;,78;Applicabile a scaglione di reddito da euro 28.000,01 fino a euro 50.000,00;,8;Applicabile a scaglione di reddito oltre euro 50.000,00;;;;;;;;;;;;;;;;;;;3;0
I082;SAN PIER D'ISONZO;GO;;;;;NO;0*;;;;;;;;;;;;;;;;;;;;;;;;;0
I084;SAN PIER NICETO;ME;;;;;NO;0*;;;;;;;;;;;;;;;;;;;;;;;;;0
I086;SAN PIERO PATTI;ME;316;12/12/2025;07/01/2026;CONFERMA;NO;0,5;Aliquota unica;;;;;;;;;;;;;;;;;;;;;;;1;0
I093;SAN PIETRO A MAIDA;CZ;;;;;NO;0*;;;;;;;;;;;;;;;;;;;;;;;;;0
I092;SAN PIETRO AL NATISONE;UD;7;12/02/2026;05/08/2026;MODIFICA;SI;0;Esenzione per redditi imponibili fino a euro 10.000,00;,4;Applicabile a scaglione di reddito fino a euro 28.000,00;,5;Applicabile a scaglione di reddito da euro 28.000,01 fino a euro 50.000,00;,6;Applicabile a scaglione di reddito oltre euro 50.000,00;;;;;;;;;;;;;;;;;4;10000
I089;SAN PIETRO AL TANAGRO;SA;42;29/12/2025;13/01/2026;CONFERMA;SI;0;Esenzione per redditi imponibili fino a euro 12.000,00;,8;Aliquota unica;;;;;;;;;;;;;;;;;;;;;2;12000
I095;SAN PIETRO APOSTOLO;CZ;;;;;NO;0*;;;;;;;;;;;;;;;;;;;;;;;;;0
I096;SAN PIETRO AVELLANA;IS;;;;;NO;0*;;;;;;;;;;;;;;;;;;;;;;;;;0
I098;SAN PIETRO CLARENZA;CT;;;;;NO;0*;;;;;;;;;;;;;;;;;;;;;;;;;0
I088;SAN PIETRO DI CADORE;BL;6;30/01/2026;09/02/2026;CONFERMA;SI;0;Esenzione per redditi imponibili fino a euro 10.000,00;,8;Aliquota unica;;;;;;;;;;;;;;;;;;;;;2;10000
I102;SAN PIETRO DI CARIDA';RC;;;;;NO;0*;;;;;;;;;;;;;;;;;;;;;;;;;0
I103;SAN PIETRO DI FELETTO;TV;;;;;NO;0*;;;;;;;;;;;;;;;;;;;;;;;;;0
I105;SAN PIETRO DI MORUBIO;VR;46;25/11/2025;07/01/2026;CONFERMA;NO;0,8;Aliquota unica;;;;;;;;;;;;;;;;;;;;;;;1;0
I108;SAN PIETRO IN AMANTEA;CS;;;;;NO;0*;;;;;;;;;;;;;;;;;;;;;;;;;0
I109;SAN PIETRO IN CARIANO;VR;;;;;NO;0*;;;;;;;;;;;;;;;;;;;;;;;;;0
I110;SAN PIETRO IN CASALE;BO;63;22/12/2025;05/02/2026;CONFERMA;NO;0,8;Aliquota unica;;;;;;;;;;;;;;;;;;;;;;;1;0
G788;SAN PIETRO IN CERRO;PC;;;;;NO;0*;;;;;;;;;;;;;;;;;;;;;;;;;0
I107;SAN PIETRO IN GU;PD;;;;;NO;0*;;;;;;;;;;;;;;;;;;;;;;;;;0
I114;SAN PIETRO IN GUARANO;CS;;;;;NO;0*;;;;;;;;;;;;;;;;;;;;;;;;;0
I115;SAN PIETRO IN LAMA;LE;;;;;NO;0*;;;;;;;;;;;;;;;;;;;;;;;;;0
I113;SAN PIETRO INFINE;CE;;;;;NO;0*;;;;;;;;;;;;;;;;;;;;;;;;;0
I116;SAN PIETRO MOSEZZO;NO;28;26/11/2025;08/01/2026;CONFERMA;SI;0;Esenzione per redditi imponibili fino a euro 25.000,00;,6;Applicabile a scaglione di reddito fino a euro 28.000,00;,75;Applicabile a scaglione di reddito da euro 28.000,01 fino a euro 50.000,00;,78;Applicabile a scaglione di reddito oltre euro 50.000,00;;;;;;;;;;;;;;;;;4;25000
I117;SAN PIETRO MUSSOLINO;VI;40;29/12/2025;13/03/2026;CONFERMA;NO;0,8;Aliquota unica;;;;;;;;;;;;;;;;;;;;;;;1;0
I090;SAN PIETRO VAL LEMINA;TO;34;23/12/2025;18/06/2026;CONFERMA;NO;0,6;Aliquota unica;;;;;;;;;;;;;;;;;;;;;;;1;0
I119;SAN PIETRO VERNOTICO;BR;;;;;NO;0*;;;;;;;;;;;;;;;;;;;;;;;;;0
I120;SAN PIETRO VIMINARIO;PD;38;23/12/2025;16/07/2026;CONFERMA;NO;0,8;Aliquota unica;;;;;;;;;;;;;;;;;;;;;;;1;0
I121;SAN PIO DELLE CAMERE;AQ;;;;;NO;0*;;;;;;;;;;;;;;;;;;;;;;;;;0
I125;SAN POLO DEI CAVALIERI;RM;37;29/12/2025;10/03/2026;CONFERMA;NO;0,8;Aliquota unica;;;;;;;;;;;;;;;;;;;;;;;1;0
I123;SAN POLO D'ENZA;RE;;;;;NO;0*;;;;;;;;;;;;;;;;;;;;;;;;;0
I124;SAN POLO DI PIAVE;TV;43;30/12/2025;12/05/2026;CONFERMA;SI;0;Esenzione per redditi imponibili fino a euro 10.000,00;,75;Aliquota unica;;;;;;;;;;;;;;;;;;;;;2;10000
I122;SAN POLO MATESE;CB;;;;;NO;0*;;;;;;;;;;;;;;;;;;;;;;;;;0
I126;SAN PONSO;TO;;;;;NO;0*;;;;;;;;;;;;;;;;;;;;;;;;;0
I128;SAN POSSIDONIO;MO;60;29/12/2025;05/02/2026;MODIFICA;SI;0;Esenzione per redditi imponibili fino a euro 10.000,00;,8;Aliquota unica;;;;;;;;;;;;;;;;;;;;;2;10000
I130;SAN POTITO SANNITICO;CE;;;;;NO;0*;;;;;;;;;;;;;;;;;;;;;;;;;0
I129;SAN POTITO ULTRA;AV;;;;;NO;0*;;;;;;;;;;;;;;;;;;;;;;;;;0
I131;SAN PRISCO;CE;;;;;NO;0*;;;;;;;;;;;;;;;;;;;;;;;;;0
I132;SAN PROCOPIO;RC;;;;;NO;0*;;;;;;;;;;;;;;;;;;;;;;;;;0
I133;SAN PROSPERO;MO;;;;;NO;0*;;;;;;;;;;;;;;;;;;;;;;;;;0
I135;SAN QUIRICO D'ORCIA;SI;;;;;NO;0*;;;;;;;;;;;;;;;;;;;;;;;;;0
I136;SAN QUIRINO;PN;49;29/12/2025;08/01/2026;CONFERMA;SI;0;Esenzione per redditi imponibili fino a euro 18.000,00;,2;Applicabile a scaglione di reddito fino a euro 28.000,00;,5;Applicabile a scaglione di reddito da euro 28.000,01 fino a euro 50.000,00;,8;Applicabile a scaglione di reddito oltre euro 50.000,00;;;;;;;;;;;;;;;;;4;18000
I137;SAN RAFFAELE CIMENA;TO;38;22/12/2025;24/08/2026;CONFERMA;NO;0,8;Aliquota unica;;;;;;;;;;;;;;;;;;;;;;;1;0
I139;SAN ROBERTO;RC;;;;;NO;0*;;;;;;;;;;;;;;;;;;;;;;;;;0
I140;SAN ROCCO AL PORTO;LO;;;;;NO;0*;;;;;;;;;;;;;;;;;;;;;;;;;0
I142;SAN ROMANO IN GARFAGNANA;LU;40;29/12/2025;31/03/2026;MODIFICA;NO;0,8;Aliquota unica;;;;;;;;;;;;;;;;;;;;;;;1;0
I143;SAN RUFO;SA;;;;;NO;0*;;;;;;;;;;;;;;;;;;;;;;;;;0
I147;SAN SALVATORE DI FITALIA;ME;;;;;NO;0*;;;;;;;;;;;;;;;;;;;;;;;;;0
I144;SAN SALVATORE MONFERRATO;AL;35;13/12/2025;03/03/2026;CONFERMA;SI;0;Esenzione per redditi imponibili fino a euro 7.000,00;,8;Aliquota unica;;;;;;;;;;;;;;;;;;;;;2;7000
I145;SAN SALVATORE TELESINO;BN;;;;;NO;0*;;;;;;;;;;;;;;;;;;;;;;;;;0
I148;SAN SALVO;CH;;;;;NO;0*;;;;;;;;;;;;;;;;;;;;;;;;;0
I151;SAN SEBASTIANO AL VESUVIO;NA;;;;;NO;0*;;;;;;;;;;;;;;;;;;;;;;;;;0
I150;SAN SEBASTIANO CURONE;AL;;;;;NO;0*;;;;;;;;;;;;;;;;;;;;;;;;;0
I152;SAN SEBASTIANO DA PO;TO;;;;;NO;0*;;;;;;;;;;;;;;;;;;;;;;;;;0
I154;SAN SECONDO DI PINEROLO;TO;43;23/12/2025;30/06/2026;CONFERMA;SI;0;Esenzione per redditi imponibili fino a euro 12.000,00;,5;Aliquota unica;;;;;;;;;;;;;;;;;;;;;2;12000
I153;SAN SECONDO PARMENSE;PR;;;;;NO;0*;;;;;;;;;;;;;;;;;;;;;;;;;0
I157;SAN SEVERINO LUCANO;PZ;2;25/02/2026;14/04/2026;MODIFICA;NO;0,7;Aliquota unica;;;;;;;;;;;;;;;;;;;;;;;1;0
I156;SAN SEVERINO MARCHE;MC;60;29/12/2025;19/05/2026;DELIBERA ADOTTATA EX ART. 1, COMMA 751, L. 207/2024;SI;0,6;Applicabile a scaglione di reddito fino a euro 15.000,00;,75;Applicabile a scaglione di reddito da euro 15.000,01 fino a euro 28.000,00;,78;Applicabile a scaglione di reddito da euro 28.000,01 fino a euro 50.000,00;,79;Applicabile a scaglione di reddito oltre euro 50.000,00;;;;;;;;;;;;;;;;;0;0
I158;SAN SEVERO;FG;95;27/11/2025;14/01/2026;CONFERMA;SI;0,6;Applicabile a scaglione di reddito fino a euro 15.000,00;,7;Applicabile a scaglione di reddito da euro 15.000,01 fino a euro 28.000,00;,75;Applicabile a scaglione di reddito da euro 28.000,01 fino a euro 50.000,00;,8;Applicabile a scaglione di reddito oltre euro 50.000,00;;;;;;;;;;;;;;;;;0;0
I162;SAN SIRO;CO;;;;;NO;0*;;;;;;;;;;;;;;;;;;;;;;;;;0
I163;SAN SOSSIO BARONIA;AV;;;;;NO;0*;;;;;;;;;;;;;;;;;;;;;;;;;0
I164;SAN SOSTENE;CZ;;;;;NO;0*;;;;;;;;;;;;;;;;;;;;;;;;;0
I165;SAN SOSTI;CS;;;;;NO;0*;;;;;;;;;;;;;;;;;;;;;;;;;0
I166;SAN SPERATE;SU;64;22/12/2025;20/08/2026;CONFERMA;NO;0,7;Aliquota unica;;;;;;;;;;;;;;;;;;;;;;;1;0
I373;SAN STINO DI LIVENZA;VE;45;30/12/2025;24/04/2026;CONFERMA;SI;0;Esenzione per redditi imponibili fino a euro 5.000,00;,8;Aliquota unica;;;;;;;;;;;;;;;;;;;;;2;5000
I261;SAN TAMMARO;CE;;;;;NO;0*;;;;;;;;;;;;;;;;;;;;;;;;;0
I329;SAN TEODORO;SS;;;;;NO;0*;;;;;;;;;;;;;;;;;;;;;;;;;0
I328;SAN TEODORO;ME;;;;;NO;0*;;;;;;;;;;;;;;;;;;;;;;;;;0
I347;SAN TOMASO AGORDINO;BL;;;;;NO;0*;;;;;;;;;;;;;;;;;;;;;;;;;0
I376;SAN VALENTINO IN ABRUZZO CITERIORE;PE;16;30/12/2025;26/01/2026;CONFERMA;NO;0,8;Aliquota unica;;;;;;;;;;;;;;;;;;;;;;;1;0
I377;SAN VALENTINO TORIO;SA;;;;;NO;0*;;;;;;;;;;;;;;;;;;;;;;;;;0
I381;SAN VENANZO;TR;36;17/12/2025;08/01/2026;CONFERMA;NO;0,7;Aliquota unica;;;;;;;;;;;;;;;;;;;;;;;1;0
I382;SAN VENDEMIANO;TV;;;;;NO;0*;;;;;;;;;;;;;;;;;;;;;;;;;0
I384;SAN VERO MILIS;OR;;;;;NO;0*;;;;;;;;;;;;;;;;;;;;;;;;;0
I390;SAN VINCENZO;LI;;;;;NO;0*;;;;;;;;;;;;;;;;;;;;;;;;;0
I388;SAN VINCENZO LA COSTA;CS;;;;;NO;0*;;;;;;;;;;;;;;;;;;;;;;;;;0
I389;SAN VINCENZO VALLE ROVETO;AQ;;;;;NO;0*;;;;;;;;;;;;;;;;;;;;;;;;;0
I391;SAN VITALIANO;NA;22;04/12/2025;14/01/2026;CONFERMA;NO;0,8;Aliquota unica;;;;;;;;;;;;;;;;;;;;;;;1;0
I402;SAN VITO;SU;;;;;NO;0*;;;;;;;;;;;;;;;;;;;;;;;;;0
I403;SAN VITO AL TAGLIAMENTO;PN;60;18/12/2025;12/08/2026;CONFERMA;SI;0;Esenzione per redditi imponibili fino a euro 10.000,00;,4;Aliquota unica;;;;;;;;;;;;;;;;;;;;;2;10000
I404;SAN VITO AL TORRE;UD;;;;;NO;0*;;;;;;;;;;;;;;;;;;;;;;;;;0
I394;SAN VITO CHIETINO;CH;126;12/11/2025;25/05/2026;CONFERMA;NO;0,8;Aliquota unica;;;;;;;;;;;;;;;;;;;;;;;1;0
I396;SAN VITO DEI NORMANNI;BR;67;27/11/2025;19/05/2026;CONFERMA;SI;0;Esenzione per redditi imponibili fino a euro 7.500,00;,8;Aliquota unica;;;;;;;;;;;;;;;;;;;;;2;7500
I392;SAN VITO DI CADORE;BL;;;;;NO;0*;;;;;;;;;;;;;;;;;;;;;;;;;0
I405;SAN VITO DI FAGAGNA;UD;33;26/11/2025;07/01/2026;MODIFICA;SI;0;Esenzione per redditi imponibili fino a euro 10.000,00;,6;Applicabile a scaglione di reddito fino a euro 28.000,00;,7;Applicabile a scaglione di reddito da euro 28.000,01 fino a euro 50.000,00;,8;Applicabile a scaglione di reddito oltre euro 50.000,00;;;;;;;;;;;;;;;;;4;10000
I401;SAN VITO DI LEGUZZANO;VI;46;23/12/2025;08/01/2026;CONFERMA;SI;0;Esenzione per redditi imponibili fino a euro 8.500,00;,8;Aliquota unica;;;;;;;;;;;;;;;;;;;;;2;8500
I407;SAN VITO LO CAPO;TP;;;;;NO;0*;;;;;;;;;;;;;;;;;;;;;;;;;0
I400;SAN VITO ROMANO;RM;;;;;NO;0*;;;;;;;;;;;;;;;;;;;;;;;;;0
I393;SAN VITO SULLO IONIO;CZ;23;29/12/2025;14/01/2026;CONFERMA;NO;0,4;Aliquota unica;;;;;;;;;;;;;;;;;;;;;;;1;0
I408;SAN VITTORE DEL LAZIO;FR;;;;;NO;0*;;;;;;;;;;;;;;;;;;;;;;;;;0
I409;SAN VITTORE OLONA;MI;;;;;NO;0*;;;;;;;;;;;;;;;;;;;;;;;;;0
I414;SAN ZENO DI MONTAGNA;VR;;;;;NO;0*;;;;;;;;;;;;;;;;;;;;;;;;;0
I412;SAN ZENO NAVIGLIO;BS;31;23/12/2025;10/03/2026;CONFERMA;NO;0,5;Aliquota unica;;;;;;;;;;;;;;;;;;;;;;;1;0
I415;SAN ZENONE AL LAMBRO;MI;3;29/01/2026;17/06/2026;CONFERMA;NO;0,8;Aliquota unica;;;;;;;;;;;;;;;;;;;;;;;1;0
I416;SAN ZENONE AL PO;PV;24;29/12/2025;21/08/2026;CONFERMA;SI;0,4;Applicabile a scaglione di reddito fino a euro 15.000,00 ;,55;Applicabile a Scaglione di reddito da euro 15.000,01 fino a euro 28.000,00 ;,65;Applicabile a scaglione di reddito da euro 28.000,01 fino a euro 50.000,00 ;,8;Applicabile a scaglione di reddito oltre euro 50.000,00 ;;;;;;;;;;;;;;;;;0;0
I417;SAN ZENONE DEGLI EZZELINI;TV;37;30/12/2025;27/01/2026;CONFERMA;SI;0;Esenzione per redditi imponibili fino a euro 16.000,00;,8;Aliquota unica;;;;;;;;;;;;;;;;;;;;;2;16000
H757;SANARICA;LE;;;;;NO;0*;;;;;;;;;;;;;;;;;;;;;;;;;0
H821;SANDIGLIANO;BI;26;22/12/2025;09/01/2026;MODIFICA;NO;0,65;Aliquota unica;;;;;;;;;;;;;;;;;;;;;;;1;0
H829;SANDRIGO;VI;;;;;NO;0*;;;;;;;;;;;;;;;;;;;;;;;;;0
H851;SANFRE';CN;32;18/12/2025;19/01/2026;MODIFICA;NO;0,75;Aliquota unica;;;;;;;;;;;;;;;;;;;;;;;1;0
H852;SANFRONT;CN;32;22/12/2025;27/01/2026;CONFERMA;NO;0,35;Aliquota unica;;;;;;;;;;;;;;;;;;;;;;;1;0
H855;SANGANO;TO;;;;;NO;0*;;;;;;;;;;;;;;;;;;;;;;;;;0
H872;SANGIANO;VA;;;;;NO;0*;;;;;;;;;;;;;;;;;;;;;;;;;0
H877;SANGINETO;CS;;;;;NO;0*;;;;;;;;;;;;;;;;;;;;;;;;;0
H944;SANGUINETTO;VR;36;23/12/2025;06/03/2026;CONFERMA;SI;0;Esenzione per redditi imponibili fino a euro 15.000,00;,8;Aliquota unica;;;;;;;;;;;;;;;;;;;;;2;15000
H974;SANLURI;SU;60;18/12/2025;05/02/2026;CONFERMA;SI;0;Esenzione per redditi imponibili fino a euro 12.000,00;,6;Applicabile a scaglione di reddito fino a euro 28.000,00;,65;Applicabile a scaglione di reddito da euro 28.000,01 fino a euro 50.000,00;,7;Applicabile a scaglione di reddito oltre euro 50.000,00;;;;;;;;;;;;;;;;;4;12000
I048;SANNAZZARO DE' BURGONDI;PV;;;;;NO;0*;;;;;;;;;;;;;;;;;;;;;;;;;0
I053;SANNICANDRO DI BARI;BA;;;;;NO;0*;;;;;;;;;;;;;;;;;;;;;;;;;0
I059;SANNICOLA;LE;;;;;NO;0*;;;;;;;;;;;;;;;;;;;;;;;;;0
I138;SANREMO;IM;;;;;NO;0*;;;;;;;;;;;;;;;;;;;;;;;;;0
I155;SANSEPOLCRO;AR;93;29/12/2025;31/07/2026;CONFERMA;SI;0;Esenzione per redditi imponibili fino a euro 10.000,00;,8;Aliquota unica;;;;;;;;;;;;;;;;;;;;;2;10000
I168;SANTA BRIGIDA;BG;22;16/12/2025;10/06/2026;CONFERMA;NO;0,4;Aliquota unica;;;;;;;;;;;;;;;;;;;;;;;1;0
I171;SANTA CATERINA ALBANESE;CS;;;;;NO;0*;;;;;;;;;;;;;;;;;;;;;;;;;0
I170;SANTA CATERINA DELLO IONIO;CZ;;;;;NO;0*;;;;;;;;;;;;;;;;;;;;;;;;;0
M438;SANTA CATERINA D'ESTE;PD;40;30/12/2025;29/01/2026;CONFERMA;SI;0;Esenzione per redditi imponibili fino a euro 8.500,00;,45;Aliquota unica;;;;;;;;;;;;;;;;;;;;;2;8500
I169;SANTA CATERINA VILLARMOSA;CL;;;;;NO;0*;;;;;;;;;;;;;;;;;;;;;;;;;0
I172;SANTA CESAREA TERME;LE;;;;;NO;0*;;;;;;;;;;;;;;;;;;;;;;;;;0
I176;SANTA CRISTINA D'ASPROMONTE;RC;;;;;NO;0*;;;;;;;;;;;;;;;;;;;;;;;;;0
I175;SANTA CRISTINA E BISSONE;PV;38;13/12/2025;12/01/2026;MODIFICA;SI;0;Esenzione per redditi imponibili fino a euro 13.000,00;,75;Applicabile a scaglione di reddito fino a euro 28.000,00;,78;Applicabile a scaglione di reddito da euro 28.000,01 fino a euro 50.000,00;,8;Applicabile a scaglione di reddito oltre euro 50.000,00;;;;;;;;;;;;;;;;;4;13000
I174;SANTA CRISTINA GELA;PA;;;;;NO;0*;;;;;;;;;;;;;;;;;;;;;;;;;0
I173;SANTA CRISTINA VALGARDENA;BZ;;;;;NO;0*;;;;;;;;;;;;;;;;;;;;;;;;;0
I178;SANTA CROCE CAMERINA;RG;;;;;NO;0*;;;;;;;;;;;;;;;;;;;;;;;;;0
I179;SANTA CROCE DEL SANNIO;BN;2;02/03/2026;05/03/2026;MODIFICA;NO;0,7;Aliquota unica;;;;;;;;;;;;;;;;;;;;;;;1;0
I181;SANTA CROCE DI MAGLIANO;CB;35;23/12/2025;19/01/2026;CONFERMA;SI;0;Esenzione per redditi imponibili fino a euro 8.500,00;,48;Applicabile a scaglione di reddito fino a euro 28.000,00;,7;Applicabile a scaglione di reddito da euro 28.000,01 fino a euro 50.000,00;,8;Applicabile a scaglione di reddito oltre euro 50.000,00;;;;;;;;;;;;;;;;;4;8500
I177;SANTA CROCE SULL'ARNO;PI;;;;;NO;0*;;;;;;;;;;;;;;;;;;;;;;;;;0
I183;SANTA DOMENICA TALAO;CS;;;;;NO;0*;;;;;;;;;;;;;;;;;;;;;;;;;0
I184;SANTA DOMENICA VITTORIA;ME;;;;;NO;0*;;;;;;;;;;;;;;;;;;;;;;;;;0
I185;SANTA ELISABETTA;AG;;;;;NO;0*;;;;;;;;;;;;;;;;;;;;;;;;;0
I187;SANTA FIORA;GR;;;;;NO;0*;;;;;;;;;;;;;;;;;;;;;;;;;0
I188;SANTA FLAVIA;PA;;;;;NO;0*;;;;;;;;;;;;;;;;;;;;;;;;;0
I203;SANTA GIULETTA;PV;;;;;NO;0*;;;;;;;;;;;;;;;;;;;;;;;;;0
I205;SANTA GIUSTA;OR;;;;;NO;0*;;;;;;;;;;;;;;;;;;;;;;;;;0
I206;SANTA GIUSTINA;BL;54;23/12/2025;07/01/2026;CONFERMA;NO;0,8;Aliquota unica;;;;;;;;;;;;;;;;;;;;;;;1;0
I207;SANTA GIUSTINA IN COLLE;PD;;;;;NO;0*;;;;;;;;;;;;;;;;;;;;;;;;;0
I217;SANTA LUCE;PI;;;;;NO;0*;;;;;;;;;;;;;;;;;;;;;;;;;0
I220;SANTA LUCIA DEL MELA;ME;;;;;NO;0*;;;;;;;;;;;;;;;;;;;;;;;;;0
I221;SANTA LUCIA DI PIAVE;TV;;;;;NO;0*;;;;;;;;;;;;;;;;;;;;;;;;;0
I219;SANTA LUCIA DI SERINO;AV;3;23/02/2026;05/03/2026;MODIFICA;NO;0,8;Aliquota unica;;;;;;;;;;;;;;;;;;;;;;;1;0
I224;SANTA MARGHERITA DI BELICE;AG;13;09/03/2026;18/03/2026;CONFERMA;NO;0,8;Aliquota unica;;;;;;;;;;;;;;;;;;;;;;;1;0
I230;SANTA MARGHERITA DI STAFFORA;PV;;;;;NO;0*;;;;;;;;;;;;;;;;;;;;;;;;;0
I225;SANTA MARGHERITA LIGURE;GE;;;;;NO;0*;;;;;;;;;;;;;;;;;;;;;;;;;0
I232;SANTA MARIA A MONTE;PI;56;29/12/2025;13/04/2026;CONFERMA;SI;0,8;Aliquota unica;0;Esenzione per redditi da lavoro dipendente e da pensione sino a euro 11.000,00;0;Esenzione per altre tipologie di reddito sino a euro 10.000,00;;;;;;;;;;;;;;;;;;;5;0
I233;SANTA MARIA A VICO;CE;78;30/12/2025;09/02/2026;CONFERMA;NO;0,8;Aliquota unica;;;;;;;;;;;;;;;;;;;;;;;1;0
I234;SANTA MARIA CAPUA VETERE;CE;;;;;NO;0*;;;;;;;;;;;;;;;;;;;;;;;;;0
M284;SANTA MARIA COGHINAS;SS;;;;;NO;0*;;;;;;;;;;;;;;;;;;;;;;;;;0
C717;SANTA MARIA DEL CEDRO;CS;;;;;NO;0*;;;;;;;;;;;;;;;;;;;;;;;;;0
I238;SANTA MARIA DEL MOLISE;IS;39;22/12/2025;10/02/2026;CONFERMA;NO;0,8;Aliquota unica;;;;;;;;;;;;;;;;;;;;;;;1;0
I237;SANTA MARIA DELLA VERSA;PV;34;15/12/2025;14/01/2026;CONFERMA;SI;0;Esenzione per redditi imponibili fino a euro 10.000,00;,57;Applicabile a scaglione di reddito fino a euro 28.000,00;,62;Applicabile a scaglione di reddito da euro 28.000,01 fino a euro 50.000,00;,78;Applicabile a scaglione di reddito oltre euro 50.000,00;;;;;;;;;;;;;;;;;4;10000
I240;SANTA MARIA DI LICODIA;CT;;;;;NO;0*;;;;;;;;;;;;;;;;;;;;;;;;;0
I242;SANTA MARIA DI SALA;VE;59;23/12/2025;03/02/2026;CONFERMA;SI;0;Esenzione per redditi imponibili fino a euro 10.000,00;,8;Aliquota unica;;;;;;;;;;;;;;;;;;;;;2;10000
I243;SANTA MARIA HOE';LC;35;29/12/2025;20/04/2026;CONFERMA;NO;0,8;Aliquota unica;;;;;;;;;;;;;;;;;;;;;;;1;0
I244;SANTA MARIA IMBARO;CH;;;;;NO;0*;;;;;;;;;;;;;;;;;;;;;;;;;0
M273;SANTA MARIA LA CARITA';NA;173;02/12/2025;09/01/2026;CONFERMA;NO;0,8;Aliquota unica;;;;;;;;;;;;;;;;;;;;;;;1;0
I247;SANTA MARIA LA FOSSA;CE;21;27/11/2025;09/01/2026;CONFERMA;SI;0;Esenzione per redditi imponibili fino a euro 7.500,00;,78;Applicabile a scaglione di reddito fino a euro 28.000,00;,79;Applicabile a scaglione di reddito da euro 28.000,01 fino a euro 50.000,00;,8;Applicabile a scaglione di reddito oltre euro 50.000,00;;;;;;;;;;;;;;;;;4;7500
I248;SANTA MARIA LA LONGA;UD;42;11/11/2025;07/01/2026;CONFERMA;SI;0;Esenzione per redditi imponibili fino a euro 12.000,00;,5;Aliquota unica;;;;;;;;;;;;;;;;;;;;;2;12000
I249;SANTA MARIA MAGGIORE;VB;;;;;NO;0*;;;;;;;;;;;;;;;;;;;;;;;;;0
I251;SANTA MARIA NUOVA;AN;35;30/12/2025;03/02/2026;CONFERMA;SI;0;Esenzione per redditi imponibili fino a euro 8.000,00;,8;Aliquota unica;;;;;;;;;;;;;;;;;;;;;2;8000
I253;SANTA MARINA;SA;;;;;NO;0*;;;;;;;;;;;;;;;;;;;;;;;;;0
I254;SANTA MARINA SALINA;ME;;;;;NO;0*;;;;;;;;;;;;;;;;;;;;;;;;;0
I255;SANTA MARINELLA;RM;;;;;NO;0*;;;;;;;;;;;;;;;;;;;;;;;;;0
I291;SANTA NINFA;TP;;;;;NO;0*;;;;;;;;;;;;;;;;;;;;;;;;;0
I301;SANTA PAOLINA;AV;;;;;NO;0*;;;;;;;;;;;;;;;;;;;;;;;;;0
I308;SANTA SEVERINA;KR;;;;;NO;0*;;;;;;;;;;;;;;;;;;;;;;;;;0
I310;SANTA SOFIA;FC;;;;;NO;0*;;;;;;;;;;;;;;;;;;;;;;;;;0
I309;SANTA SOFIA D'EPIRO;CS;;;;;NO;0*;;;;;;;;;;;;;;;;;;;;;;;;;0
I311;SANTA TERESA DI RIVA;ME;;;;;NO;0*;;;;;;;;;;;;;;;;;;;;;;;;;0
I312;SANTA TERESA GALLURA;SS;43;16/12/2025;07/01/2026;CONFERMA;SI;0;Esenzione per redditi imponibili fino a euro 10.000,00;,55;Aliquota unica;;;;;;;;;;;;;;;;;;;;;2;10000
I314;SANTA VENERINA;CT;;;;;NO;0*;;;;;;;;;;;;;;;;;;;;;;;;;0
I316;SANTA VITTORIA D'ALBA;CN;28;22/12/2025;15/01/2026;CONFERMA;NO;0,6;Aliquota unica;;;;;;;;;;;;;;;;;;;;;;;1;0
I315;SANTA VITTORIA IN MATENANO;FM;51;19/12/2025;07/01/2026;CONFERMA;SI;0;Esenzione per redditi imponibili fino a euro 6.999,99;,8;Aliquota unica;;;;;;;;;;;;;;;;;;;;;2;6999,99
I182;SANTADI;SU;2;27/02/2026;04/03/2026;CONFERMA;NO;0,4;Aliquota unica;;;;;;;;;;;;;;;;;;;;;;;1;0
I189;SANT'AGAPITO;IS;;;;;NO;0*;;;;;;;;;;;;;;;;;;;;;;;;;0
I191;SANT'AGATA BOLOGNESE;BO;;;;;NO;0*;;;;;;;;;;;;;;;;;;;;;;;;;0
I197;SANT'AGATA DE' GOTI;BN;;;;;NO;0*;;;;;;;;;;;;;;;;;;;;;;;;;0
I198;SANT'AGATA DEL BIANCO;RC;;;;;NO;0*;;;;;;;;;;;;;;;;;;;;;;;;;0
I192;SANT'AGATA DI ESARO;CS;;;;;NO;0*;;;;;;;;;;;;;;;;;;;;;;;;;0
I199;SANT'AGATA DI MILITELLO;ME;;;;;NO;0*;;;;;;;;;;;;;;;;;;;;;;;;;0
I193;SANT'AGATA DI PUGLIA;FG;;;;;NO;0*;;;;;;;;;;;;;;;;;;;;;;;;;0
I201;SANT'AGATA FELTRIA;RN;;;;;NO;0*;;;;;;;;;;;;;;;;;;;;;;;;;0
I190;SANT'AGATA FOSSILI;AL;;;;;NO;0*;;;;;;;;;;;;;;;;;;;;;;;;;0
I202;SANT'AGATA LI BATTIATI;CT;;;;;NO;0*;;;;;;;;;;;;;;;;;;;;;;;;;0
I196;SANT'AGATA SUL SANTERNO;RA;;;;;NO;0*;;;;;;;;;;;;;;;;;;;;;;;;;0
I208;SANT'AGNELLO;NA;45;23/12/2025;08/05/2026;CONFERMA;SI;0;Esenzione per redditi imponibili fino a euro 10.000,00;,7;Aliquota unica;;;;;;;;;;;;;;;;;;;;;2;10000
I210;SANT'ALBANO STURA;CN;33;27/11/2025;09/01/2026;CONFERMA;SI;0,7;Applicabile a scaglione di reddito fino a euro 28.000,00;,75;Applicabile a scaglione di reddito da euro 28.000,01 fino a euro 50.000,00;,8;Applicabile a scaglione di reddito oltre euro 50.000,00;;;;;;;;;;;;;;;;;;;3;0
I213;SANT'ALESSIO CON VIALONE;PV;27;19/12/2025;14/01/2026;CONFERMA;SI;0;Esenzione per redditi imponibili fino a euro 15.000,00;,8;Aliquota unica;;;;;;;;;;;;;;;;;;;;;2;15000
I214;SANT'ALESSIO IN ASPROMONTE;RC;;;;;NO;0*;;;;;;;;;;;;;;;;;;;;;;;;;0
I215;SANT'ALESSIO SICULO;ME;;;;;NO;0*;;;;;;;;;;;;;;;;;;;;;;;;;0
I216;SANT'ALFIO;CT;35;16/12/2025;13/01/2026;CONFERMA;NO;0,8;Aliquota unica;;;;;;;;;;;;;;;;;;;;;;;1;0
I258;SANT'AMBROGIO DI TORINO;TO;;;;;NO;0*;;;;;;;;;;;;;;;;;;;;;;;;;0
I259;SANT'AMBROGIO DI VALPOLICELLA;VR;;;;;NO;0*;;;;;;;;;;;;;;;;;;;;;;;;;0
I256;SANT'AMBROGIO SUL GARIGLIANO;FR;;;;;NO;0*;;;;;;;;;;;;;;;;;;;;;;;;;0
I262;SANT'ANASTASIA;NA;;;;;NO;0*;;;;;;;;;;;;;;;;;;;;;;;;;0
I263;SANT'ANATOLIA DI NARCO;PG;;;;;NO;0*;;;;;;;;;;;;;;;;;;;;;;;;;0
I266;SANT'ANDREA APOSTOLO DELLO IONIO;CZ;;;;;NO;0*;;;;;;;;;;;;;;;;;;;;;;;;;0
I265;SANT'ANDREA DEL GARIGLIANO;FR;;;;;NO;0*;;;;;;;;;;;;;;;;;;;;;;;;;0
I264;SANT'ANDREA DI CONZA;AV;26;10/12/2025;09/01/2026;CONFERMA;NO;0,2;Aliquota unica;;;;;;;;;;;;;;;;;;;;;;;1;0
I271;SANT'ANDREA FRIUS;SU;42;25/11/2025;28/07/2026;CONFERMA;NO;0,2;Aliquota unica;;;;;;;;;;;;;;;;;;;;;;;1;0
I277;SANT'ANGELO A CUPOLO;BN;;;;;NO;0*;;;;;;;;;;;;;;;;;;;;;;;;;0
I278;SANT'ANGELO A FASANELLA;SA;;;;;NO;0*;;;;;;;;;;;;;;;;;;;;;;;;;0
I280;SANT'ANGELO A SCALA;AV;27;29/12/2025;12/01/2026;CONFERMA;NO;0,8;Aliquota unica;;;;;;;;;;;;;;;;;;;;;;;1;0
I279;SANT'ANGELO ALL'ESCA;AV;;;;;NO;0*;;;;;;;;;;;;;;;;;;;;;;;;;0
I273;SANT'ANGELO D'ALIFE;CE;17;18/12/2025;29/01/2026;CONFERMA;NO;0,8;Aliquota unica;;;;;;;;;;;;;;;;;;;;;;;1;0
I281;SANT'ANGELO DEI LOMBARDI;AV;;;;;NO;0*;;;;;;;;;;;;;;;;;;;;;;;;;0
I282;SANT'ANGELO DEL PESCO;IS;7;27/02/2026;27/02/2026;CONFERMA;NO;0,4;Aliquota unica;;;;;;;;;;;;;;;;;;;;;;;1;0
I283;SANT'ANGELO DI BROLO;ME;;;;;NO;0*;;;;;;;;;;;;;;;;;;;;;;;;;0
I275;SANT'ANGELO DI PIOVE DI SACCO;PD;42;18/12/2025;21/01/2026;CONFERMA;SI;0;Esenzione per redditi imponibili fino a euro 12.500,00;,8;Aliquota unica;;;;;;;;;;;;;;;;;;;;;2;12500
I286;SANT'ANGELO IN PONTANO;MC;;;;;NO;0*;;;;;;;;;;;;;;;;;;;;;;;;;0
I287;SANT'ANGELO IN VADO;PU;;;;;NO;0*;;;;;;;;;;;;;;;;;;;;;;;;;0
I288;SANT'ANGELO LE FRATTE;PZ;;;;;NO;0*;;;;;;;;;;;;;;;;;;;;;;;;;0
I289;SANT'ANGELO LIMOSANO;CB;29;30/12/2025;16/01/2026;CONFERMA;NO;0,4;Aliquota unica;;;;;;;;;;;;;;;;;;;;;;;1;0
I274;SANT'ANGELO LODIGIANO;LO;48;22/12/2025;26/01/2026;CONFERMA;SI;0;Esenzione per redditi imponibili fino a euro 15.000,00;,8;Aliquota unica;;;;;;;;;;;;;;;;;;;;;2;15000
I276;SANT'ANGELO LOMELLINA;PV;2;24/02/2026;18/05/2026;CONFERMA;NO;0,8;Aliquota unica;;;;;;;;;;;;;;;;;;;;;;;1;0
I290;SANT'ANGELO MUXARO;AG;;;;;NO;0*;;;;;;;;;;;;;;;;;;;;;;;;;0
I284;SANT'ANGELO ROMANO;RM;;;;;NO;0*;;;;;;;;;;;;;;;;;;;;;;;;;0
M209;SANT'ANNA ARRESI;SU;130;06/11/2025;01/04/2026;CONFERMA;NO;0,4;Aliquota unica;;;;;;;;;;;;;;;;;;;;;;;1;0
I292;SANT'ANNA D'ALFAEDO;VR;;;;;NO;0*;;;;;;;;;;;;;;;;;;;;;;;;;0
I293;SANT'ANTIMO;NA;;;;;NO;0*;;;;;;;;;;;;;;;;;;;;;;;;;0
I294;SANT'ANTIOCO;SU;;;;;NO;0*;;;;;;;;;;;;;;;;;;;;;;;;;0
I296;SANT'ANTONINO DI SUSA;TO;;;;;NO;0*;;;;;;;;;;;;;;;;;;;;;;;;;0
I300;SANT'ANTONIO ABATE;NA;;;;;NO;0*;;;;;;;;;;;;;;;;;;;;;;;;;0
M276;SANT'ANTONIO DI GALLURA;SS;;;;;NO;0*;;;;;;;;;;;;;;;;;;;;;;;;;0
I302;SANT'APOLLINARE;FR;;;;;NO;0*;;;;;;;;;;;;;;;;;;;;;;;;;0
I305;SANT'ARCANGELO;PZ;;;;;NO;0*;;;;;;;;;;;;;;;;;;;;;;;;;0
I304;SANTARCANGELO DI ROMAGNA;RN;70;29/12/2025;13/01/2026;DELIBERA ADOTTATA EX ART. 1, COMMA 751, L. 207/2024;SI;0,53;Applicabile a scaglione di reddito fino a euro 15.000,00 ;,67;Applicabile a scaglione di reddito da euro 15.000,01 fino a euro 28.000,00 ;,78;Applicabile a scaglione di reddito da euro 28.000,01 fino a euro 50.000,00 ;,8;Applicabile a scaglione di reddito oltre euro 50.000,00 ;0;Esenzione per redditi imponibili fino a euro 15.000,00;;;;;;;;;;;;;;;0;0
F557;SANT'ARCANGELO TRIMONTE;BN;34;15/12/2025;14/01/2026;CONFERMA;NO;0,8;Aliquota unica;;;;;;;;;;;;;;;;;;;;;;;1;0
I306;SANT'ARPINO;CE;2;10/02/2026;26/03/2026;CONFERMA;NO;0,8;Aliquota unica;;;;;;;;;;;;;;;;;;;;;;;1;0
I307;SANT'ARSENIO;SA;5;10/03/2026;09/07/2026;CONFERMA;SI;0,6;Applicabile a scaglione di reddito fino a euro 15.000,00 ;,6;Applicabile a scaglione di reddito da euro 15.000,01 fino a euro 28.000,00 ;,6;Applicabile a scaglione di reddito da euro 28.000,01 fino a euro 50.000,00 ;,8;Applicabile a scaglione di reddito oltre euro 50.000,00;0;Esenzione per redditi imponibili fino a euro 8.174,00;;;;;;;;;;;;;;;0;0
I326;SANTE MARIE;AQ;;;;;NO;0*;;;;;;;;;;;;;;;;;;;;;;;;;0
I318;SANT'EGIDIO ALLA VIBRATA;TE;10;25/02/2026;11/03/2026;CONFERMA;NO;0,8;Aliquota unica;;;;;;;;;;;;;;;;;;;;;;;1;0
I317;SANT'EGIDIO DEL MONTE ALBINO;SA;45;23/12/2025;06/02/2026;CONFERMA;NO;0,8;Aliquota unica;;;;;;;;;;;;;;;;;;;;;;;1;0
I319;SANT'ELENA;PD;40;22/12/2025;27/01/2026;CONFERMA;NO;0,8;Aliquota unica;;;;;;;;;;;;;;;;;;;;;;;1;0
B466;SANT'ELENA SANNITA;IS;23;27/12/2025;23/02/2026;CONFERMA;SI;0;Esenzione per redditi imponibili fino a euro 7.999,99;,5;Aliquota unica;;;;;;;;;;;;;;;;;;;;;2;7999,99
I320;SANT'ELIA A PIANISI;CB;27;05/12/2025;27/05/2026;CONFERMA;NO;0,6;Aliquota unica;;;;;;;;;;;;;;;;;;;;;;;1;0
I321;SANT'ELIA FIUMERAPIDO;FR;25;26/11/2025;14/07/2026;CONFERMA;NO;0,8;Aliquota unica;;;;;;;;;;;;;;;;;;;;;;;1;0
I324;SANT'ELPIDIO A MARE;FM;47;30/12/2025;15/05/2026;CONFERMA;SI;0;Esenzione per redditi imponibili fino a euro 10.000,00;,8;Aliquota unica;;;;;;;;;;;;;;;;;;;;;2;10000
I327;SANTENA;TO;49;30/10/2025;09/01/2026;CONFERMA;SI;0;Esenzione per redditi imponibili fino a euro 12.000,00;,79;Aliquota unica;;;;;;;;;;;;;;;;;;;;;2;12000
I330;SANTERAMO IN COLLE;BA;;;;;NO;0*;;;;;;;;;;;;;;;;;;;;;;;;;0
I332;SANT'EUFEMIA A MAIELLA;PE;;;;;NO;0*;;;;;;;;;;;;;;;;;;;;;;;;;0
I333;SANT'EUFEMIA D'ASPROMONTE;RC;;;;;NO;0*;;;;;;;;;;;;;;;;;;;;;;;;;0
I335;SANT'EUSANIO DEL SANGRO;CH;6;19/03/2026;11/05/2026;CONFERMA;SI;0;Esenzione per redditi imponibili fino a euro 8.499,99;,6;Aliquota unica;;;;;;;;;;;;;;;;;;;;;2;8499,99
I336;SANT'EUSANIO FORCONESE;AQ;;;;;NO;0*;;;;;;;;;;;;;;;;;;;;;;;;;0
I337;SANTHIA';VC;;;;;NO;0*;;;;;;;;;;;;;;;;;;;;;;;;;0
I339;SANTI COSMA E DAMIANO;LT;;;;;NO;0*;;;;;;;;;;;;;;;;;;;;;;;;;0
I341;SANT'ILARIO DELLO IONIO;RC;;;;;NO;0*;;;;;;;;;;;;;;;;;;;;;;;;;0
I342;SANT'ILARIO D'ENZA;RE;62;23/12/2025;20/02/2026;CONFERMA;SI;0;Esenzione per redditi imponibili fino a euro 13.000,00;,74;Applicabile a scaglione di reddito fino a euro 28.000,00;,78;Applicabile a scaglione di reddito da euro 28.000,01 fino a euro 50.000,00;,8;Applicabile a scaglione di reddito oltre euro 50.000,00;;;;;;;;;;;;;;;;;4;13000
I344;SANT'IPPOLITO;PU;;;;;NO;0*;;;;;;;;;;;;;;;;;;;;;;;;;0
I365;SANTO STEFANO AL MARE;IM;;;;;NO;0*;;;;;;;;;;;;;;;;;;;;;;;;;0
I367;SANTO STEFANO BELBO;CN;33;29/12/2025;08/04/2026;CONFERMA;NO;0,8;Aliquota unica;;;;;;;;;;;;;;;;;;;;;;;1;0
I368;SANTO STEFANO D'AVETO;GE;30;27/12/2025;13/01/2026;CONFERMA;NO;0,8;Aliquota unica;;;;;;;;;;;;;;;;;;;;;;;1;0
I357;SANTO STEFANO DEL SOLE;AV;;;;;NO;0*;;;;;;;;;;;;;;;;;;;;;;;;;0
C919;SANTO STEFANO DI CADORE;BL;34;20/12/2024;13/02/2026;CONFERMA;NO;0,8;Aliquota unica;;;;;;;;;;;;;;;;;;;;;;;1;0
I370;SANTO STEFANO DI CAMASTRA;ME;;;;;NO;0*;;;;;;;;;;;;;;;;;;;;;;;;;0
I363;SANTO STEFANO DI MAGRA;SP;;;;;NO;0*;;;;;;;;;;;;;;;;;;;;;;;;;0
I359;SANTO STEFANO DI ROGLIANO;CS;19;30/12/2025;13/01/2026;MODIFICA;SI;0;Esenzione per redditi imponibili fino a euro 7.500,00;,6;Aliquota unica;;;;;;;;;;;;;;;;;;;;;2;7500
I360;SANTO STEFANO DI SESSANIO;AQ;37;19/12/2025;04/02/2026;CONFERMA;NO;0,4;Aliquota unica;;;;;;;;;;;;;;;;;;;;;;;1;0
I371;SANTO STEFANO IN ASPROMONTE;RC;;;;;NO;0*;;;;;;;;;;;;;;;;;;;;;;;;;0
I362;SANTO STEFANO LODIGIANO;LO;3;20/01/2026;13/04/2026;MODIFICA;SI;0;Esenzione per redditi imponibili fino a euro 10.000,00;,8;Aliquota unica;;;;;;;;;;;;;;;;;;;;;2;10000
I356;SANTO STEFANO QUISQUINA;AG;;;;;NO;0*;;;;;;;;;;;;;;;;;;;;;;;;;0
I372;SANTO STEFANO ROERO;CN;;;;;NO;0*;;;;;;;;;;;;;;;;;;;;;;;;;0
I361;SANTO STEFANO TICINO;MI;41;16/12/2025;22/01/2026;CONFERMA;SI;0;Esenzione per redditi imponibili fino a euro 15.000,00;,75;Applicabile a scaglione di reddito fino a euro 28.000,00;,78;Applicabile a scaglione di reddito da euro 28.000,01 fino a euro 50.000,00;,8;Applicabile a scaglione di reddito oltre euro 50.000,00;;;;;;;;;;;;;;;;;4;15000
I346;SANT'OLCESE;GE;28;22/12/2025;13/01/2026;CONFERMA;SI;0;Esenzione per redditi imponibili fino a euro 10.000,00;,8;Aliquota unica;;;;;;;;;;;;;;;;;;;;;2;10000
I260;SANTOMENNA;SA;;;;;NO;0*;;;;;;;;;;;;;;;;;;;;;;;;;0
I348;SANT'OMERO;TE;;;;;NO;0*;;;;;;;;;;;;;;;;;;;;;;;;;0
M333;SANT'OMOBONO TERME;BG;;;;;NO;0*;;;;;;;;;;;;;;;;;;;;;;;;;0
I350;SANT'ONOFRIO;VV;5;23/02/2026;26/02/2026;CONFERMA;NO;0,8;Aliquota unica;;;;;;;;;;;;;;;;;;;;;;;1;0
I351;SANTOPADRE;FR;;;;;NO;0*;;;;;;;;;;;;;;;;;;;;;;;;;0
I352;SANT'ORESTE;RM;36;29/12/2025;13/01/2026;DELIBERA ADOTTATA EX ART. 1, COMMA 751, L. 207/2024;SI;0,4;Applicabile a scaglione di reddito fino a euro 15.000,00 ;,5;Applicabile a scaglione di reddito da euro 15.000,01 fino a euro 28.000,00 ;,6;Applicabile a scaglione di reddito da euro 28.000,01 fino a euro 50.000,00 ;,8;Applicabile a scaglione di reddito oltre euro 50.000,00 ;0;Esenzione per redditi imponibili fino a euro 8.500,00;;;;;;;;;;;;;;;0;0
I353;SANTORSO;VI;47;23/12/2025;03/02/2026;CONFERMA;NO;0,8;Aliquota unica;;;;;;;;;;;;;;;;;;;;;;;1;0
I354;SANT'ORSOLA TERME;TN;;;;;NO;0*;;;;;;;;;;;;;;;;;;;;;;;;;0
I374;SANTU LUSSURGIU;OR;;;;;NO;0*;;;;;;;;;;;;;;;;;;;;;;;;;0
I375;SANT'URBANO;PD;;;;;NO;0*;;;;;;;;;;;;;;;;;;;;;;;;;0
I410;SANZA;SA;;;;;NO;0*;;;;;;;;;;;;;;;;;;;;;;;;;0
I411;SANZENO;TN;;;;;NO;0*;;;;;;;;;;;;;;;;;;;;;;;;;0
I418;SAONARA;PD;57;29/12/2025;17/03/2026;CONFERMA;SI;0;Esenzione per redditi imponibili fino a euro 11.000,00;,72;Applicabile a scaglione di reddito fino a euro 28.000,00;,75;Applicabile a scaglione di reddito da euro 28.000,01 fino a euro 50.000,00;,78;Applicabile a scaglione di reddito oltre euro 50.000,00;;;;;;;;;;;;;;;;;4;11000
I420;SAPONARA;ME;;;;;NO;0*;;;;;;;;;;;;;;;;;;;;;;;;;0
I421;SAPPADA;UD;5;27/02/2026;14/04/2026;CONFERMA;NO;0,5;Aliquota unica;;;;;;;;;;;;;;;;;;;;;;;1;0
I422;SAPRI;SA;49;30/12/2025;11/03/2026;CONFERMA;SI;0,8;Aliquota unica;0;Esenzione per redditi derivanti da lavoro dipendente, assimilato o da pensione fino a 15.000.00 euro ;0;Esenzione per pensionati con reddito fino a 15.000,00 euro titolari anche di redditi della sola casa di abitazione con pertinenza ;;;;;;;;;;;;;;;;;;;5;0
I423;SARACENA;CS;;;;;NO;0*;;;;;;;;;;;;;;;;;;;;;;;;;0
I424;SARACINESCO;RM;;;;;NO;0*;;;;;;;;;;;;;;;;;;;;;;;;;0
I425;SARCEDO;VI;39;18/12/2025;03/02/2026;CONFERMA;SI;0;Esenzione per redditi imponibili fino a euro 12.000,00;,8;Aliquota unica;;;;;;;;;;;;;;;;;;;;;2;12000
I426;SARCONI;PZ;;;;;NO;0*;;;;;;;;;;;;;;;;;;;;;;;;;0
I428;SARDARA;SU;41;24/11/2025;15/05/2026;CONFERMA;NO;0,3;Aliquota unica;;;;;;;;;;;;;;;;;;;;;;;1;0
I429;SARDIGLIANO;AL;31;10/12/2025;19/01/2026;CONFERMA;NO;0,8;Aliquota unica;;;;;;;;;;;;;;;;;;;;;;;1;0
I430;SAREGO;VI;43;18/12/2025;20/01/2026;CONFERMA;SI;0;Esenzione per redditi imponibili fino a euro 10.000,00;,5;Applicabile a scaglione di reddito fino a euro 28.000,00;,6;Applicabile a scaglione di reddito da euro 28.000,01 fino a euro 50.000,00;,7;Applicabile a scaglione di reddito oltre euro 50.000,00;;;;;;;;;;;;;;;;;4;10000
I431;SARENTINO;BZ;87;26/11/2025;12/01/2026;CONFERMA;SI;0;Esenzione per redditi imponibili fino a euro 15.000,00;,3;Aliquota unica;;;;;;;;;;;;;;;;;;;;;2;15000
I432;SAREZZANO;AL;25;15/12/2025;08/01/2026;MODIFICA;NO;0,8;Aliquota unica;;;;;;;;;;;;;;;;;;;;;;;1;0
I433;SAREZZO;BS;;;;;NO;0*;;;;;;;;;;;;;;;;;;;;;;;;;0
I434;SARMATO;PC;35;22/12/2025;12/01/2026;CONFERMA;SI;0,45;Applicabile a scaglione di reddito fino a euro 28.000,00;,65;Applicabile a scaglione di reddito da euro 28.000,01 fino a euro 50.000,00;,8;Applicabile a scaglione di reddito oltre euro 50.000,00;;;;;;;;;;;;;;;;;;;3;0
I435;SARMEDE;TV;;;;;NO;0*;;;;;;;;;;;;;;;;;;;;;;;;;0
I436;SARNANO;MC;64;30/12/2025;26/01/2026;CONFERMA;NO;0,7;Aliquota unica;;;;;;;;;;;;;;;;;;;;;;;1;0
I437;SARNICO;BG;46;22/12/2025;09/01/2026;CONFERMA;SI;0;Esenzione per redditi imponibili fino a euro 10.000,00;,7;Applicabile a scaglione di reddito fino a euro 28.000,00;,75;Applicabile a scaglione di reddito da euro 28.000,01 fino a euro 50.000,00;,8;Applicabile a scaglione di reddito oltre euro 50.000,00;;;;;;;;;;;;;;;;;4;10000
I438;SARNO;SA;;;;;NO;0*;;;;;;;;;;;;;;;;;;;;;;;;;0
I439;SARNONICO;TN;;;;;NO;0*;;;;;;;;;;;;;;;;;;;;;;;;;0
I441;SARONNO;VA;;;;;NO;0*;;;;;;;;;;;;;;;;;;;;;;;;;0
I442;SARRE;AO;59;18/12/2025;07/01/2026;CONFERMA;SI;0;Esenzione per redditi imponibili fino a euro 10.000,00;,2;Aliquota unica;;;;;;;;;;;;;;;;;;;;;2;10000
I443;SARROCH;CA;;;;;NO;0*;;;;;;;;;;;;;;;;;;;;;;;;;0
I444;SARSINA;FC;44;22/12/2025;30/01/2026;MODIFICA;NO;0,8;Aliquota unica;;;;;;;;;;;;;;;;;;;;;;;1;0
I445;SARTEANO;SI;63;19/12/2025;12/01/2026;CONFERMA;SI;0,8;Aliquota unica;0;Esenzione per reddito annuo imponibile inferiore ad euro 12.000,00 derivante da: lavoro dipendente (art. 49 comma 1 del D.P.R. 22/12/1986, n. 917) e assimilato (art. 50 comma 1 lett. A), b), c), c-bis), d), h-bis), l) del D.P.R. 22/12/1986, n. 917) o da pensione (art. 49 comma 2 del D.P.R. 22/12/1986, n. 917), e terreni e fabbricati;0;Esenzione per reddito annuo imponibile inferiore ad euro 10.000,00 derivante da: redditi assimilati a lavoro dipendente (art. 50 comma 1 lett. e), f), g), h), i) del D.P.R. 22/12/1986, n. 917), di lavoro autonomo (art. 53 del D.P.R. 22/12/1986, n. 917), di impresa minore (art. 66 del D.P.R. 22/12/1986, n. 917), redditi diversi (art. 67 lett. i) ed l) del D.P.R. 22/12/1986, n. 917), e terreni e fabbricati;;;;;;;;;;;;;;;;;;;5;0
I447;SARTIRANA LOMELLINA;PV;;;;;NO;0*;;;;;;;;;;;;;;;;;;;;;;;;;0
I448;SARULE;NU;36;29/12/2025;09/01/2026;CONFERMA;NO;0,1;Aliquota unica;;;;;;;;;;;;;;;;;;;;;;;1;0
I449;SARZANA;SP;;;;;NO;0*;;;;;;;;;;;;;;;;;;;;;;;;;0
I451;SASSANO;SA;;;;;NO;0*;;;;;;;;;;;;;;;;;;;;;;;;;0
I452;SASSARI;SS;;;;;NO;0*;;;;;;;;;;;;;;;;;;;;;;;;;0
I453;SASSELLO;SV;;;;;NO;0*;;;;;;;;;;;;;;;;;;;;;;;;;0
I454;SASSETTA;LI;;;;;NO;0*;;;;;;;;;;;;;;;;;;;;;;;;;0
I455;SASSINORO;BN;5;14/01/2026;11/02/2026;MODIFICA;NO;0,7;Aliquota unica;;;;;;;;;;;;;;;;;;;;;;;1;0
I457;SASSO DI CASTALDA;PZ;50;28/11/2025;24/08/2026;CONFERMA;NO;0,2;Aliquota unica;;;;;;;;;;;;;;;;;;;;;;;1;0
G972;SASSO MARCONI;BO;72;23/12/2025;06/03/2026;DELIBERA ADOTTATA EX ART. 1, COMMA 751, L. 207/2024;SI;0,67;Applicabile a scaglione di reddito fino a euro 15.000,00 ;,75;Applicabile a scaglione di reddito da euro 15.000,01 fino a euro 28.000,00 ;,79;Applicabile a scaglione di reddito da euro 28.000,01 fino a euro 50.000,00 ;,8;Applicabile a scaglione di reddito oltre euro 50.000,00 ;0;Esenzione per redditi imponibili fino a euro 12.000,00;;;;;;;;;;;;;;;0;0
M413;SASSOCORVARO AUDITORE;PU;;;;;NO;0*;;;;;;;;;;;;;;;;;;;;;;;;;0
I460;SASSOFELTRIO;RN;2;27/02/2026;25/05/2026;CONFERMA;SI;0;Esenzione per redditi imponibili fino a euro 8.000,00;,8;Aliquota unica;;;;;;;;;;;;;;;;;;;;;2;8000
I461;SASSOFERRATO;AN;5;26/02/2026;03/03/2026;CONFERMA;SI;0;Esenzione per redditi imponibili fino a euro 10.000,00;,8;Aliquota unica;;;;;;;;;;;;;;;;;;;;;2;10000
I462;SASSUOLO;MO;53;22/12/2025;22/01/2026;CONFERMA;SI;0;Esenzione per redditi imponibili fino a euro 15.000,00;,8;Aliquota unica;;;;;;;;;;;;;;;;;;;;;2;15000
I463;SATRIANO;CZ;;;;;NO;0*;;;;;;;;;;;;;;;;;;;;;;;;;0
G614;SATRIANO DI LUCANIA;PZ;;;;;NO;0*;;;;;;;;;;;;;;;;;;;;;;;;;0
I464;SAURIS;UD;;;;;NO;0*;;;;;;;;;;;;;;;;;;;;;;;;;0
I465;SAUZE DI CESANA;TO;;;;;NO;0*;;;;;;;;;;;;;;;;;;;;;;;;;0
I466;SAUZE D'OULX;TO;;;;;NO;0*;;;;;;;;;;;;;;;;;;;;;;;;;0
I467;SAVA;TA;52;28/11/2025;07/05/2026;CONFERMA;NO;0,8;Aliquota unica;;;;;;;;;;;;;;;;;;;;;;;1;0
I468;SAVELLI;KR;;;;;NO;0*;;;;;;;;;;;;;;;;;;;;;;;;;0
I469;SAVIANO;NA;11;22/12/2025;26/02/2026;CONFERMA;NO;0,65;Aliquota unica;;;;;;;;;;;;;;;;;;;;;;;1;0
I470;SAVIGLIANO;CN;;;;;NO;0*;;;;;;;;;;;;;;;;;;;;;;;;;0
I471;SAVIGNANO IRPINO;AV;38;05/12/2025;14/01/2026;CONFERMA;NO;0,2;Aliquota unica;;;;;;;;;;;;;;;;;;;;;;;1;0
I473;SAVIGNANO SUL PANARO;MO;42;29/12/2025;06/02/2026;CONFERMA;SI;0;Esenzione per redditi imponibili fino a euro 10.000,00;,8;Aliquota unica;;;;;;;;;;;;;;;;;;;;;2;10000
I472;SAVIGNANO SUL RUBICONE;FC;;;;;NO;0*;;;;;;;;;;;;;;;;;;;;;;;;;0
I475;SAVIGNONE;GE;36;02/12/2025;13/01/2026;MODIFICA;SI;0;Esenzione per redditi imponibili fino a euro 15.000,00;,6;Applicabile a scaglione di reddito fino a euro 28.000,00;,75;Applicabile a scaglione di reddito da euro 28.000,01 fino a euro 50.000,00;,8;Applicabile a scaglione di reddito oltre euro 50.000,00;;;;;;;;;;;;;;;;;4;15000
I476;SAVIORE DELL'ADAMELLO;BS;;;;;NO;0*;;;;;;;;;;;;;;;;;;;;;;;;;0
I477;SAVOCA;ME;;;;;NO;0*;;;;;;;;;;;;;;;;;;;;;;;;;0
I478;SAVOGNA;UD;;;;;NO;0*;;;;;;;;;;;;;;;;;;;;;;;;;0
I479;SAVOGNA D'ISONZO;GO;26;15/12/2025;09/01/2026;CONFERMA;NO;0,5;Aliquota unica;;;;;;;;;;;;;;;;;;;;;;;1;0
H730;SAVOIA DI LUCANIA;PZ;;;;;NO;0*;;;;;;;;;;;;;;;;;;;;;;;;;0
I480;SAVONA;SV;;;;;NO;0*;;;;;;;;;;;;;;;;;;;;;;;;;0
I482;SCAFA;PE;;;;;NO;0*;;;;;;;;;;;;;;;;;;;;;;;;;0
I483;SCAFATI;SA;;;;;NO;0*;;;;;;;;;;;;;;;;;;;;;;;;;0
I484;SCAGNELLO;CN;12;29/12/2025;11/05/2026;CONFERMA;NO;0,5;Aliquota unica;;;;;;;;;;;;;;;;;;;;;;;1;0
I486;SCALA;SA;32;27/11/2025;13/04/2026;CONFERMA;NO;0,7;Aliquota unica;;;;;;;;;;;;;;;;;;;;;;;1;0
I485;SCALA COELI;CS;;;;;NO;0*;;;;;;;;;;;;;;;;;;;;;;;;;0
I487;SCALDASOLE;PV;;;;;NO;0*;;;;;;;;;;;;;;;;;;;;;;;;;0
I489;SCALEA;CS;5;12/03/2026;03/04/2026;CONFERMA;NO;0,8;Aliquota unica;;;;;;;;;;;;;;;;;;;;;;;1;0
I490;SCALENGHE;TO;;;;;NO;0*;;;;;;;;;;;;;;;;;;;;;;;;;0
I492;SCALETTA ZANCLEA;ME;;;;;NO;0*;;;;;;;;;;;;;;;;;;;;;;;;;0
I493;SCAMPITELLA;AV;4;30/03/2026;01/07/2026;MODIFICA;SI;0,23;Applicabile a scaglione di reddito fino a euro 28.000,00;,33;Applicabile a scaglione di reddito da euro 28.000,01 fino a euro 50.000,00;,43;Applicabile a scaglione di reddito oltre euro 50.000,00;;;;;;;;;;;;;;;;;;;3;0
I494;SCANDALE;KR;;;;;NO;0*;;;;;;;;;;;;;;;;;;;;;;;;;0
I496;SCANDIANO;RE;109;23/12/2025;09/04/2026;CONFERMA;SI;0;Esenzione per redditi imponibili fino a euro 14.000,00;,77;Applicabile a scaglione di reddito fino a euro 28.000,00;,79;Applicabile a scaglione di reddito da euro 28.000,01 fino a euro 50.000,00;,8;Applicabile a scaglione di reddito oltre euro 50.000,00;;;;;;;;;;;;;;;;;4;14000
B962;SCANDICCI;FI;127;29/12/2025;13/01/2026;MODIFICA;SI;0;Esenzione per redditi imponibili fino a euro 13.000,00;,8;Aliquota unica;;;;;;;;;;;;;;;;;;;;;2;13000
I497;SCANDOLARA RAVARA;CR;5;27/02/2026;26/03/2026;CONFERMA;NO;0,7;Aliquota unica;;;;;;;;;;;;;;;;;;;;;;;1;0
I498;SCANDOLARA RIPA D'OGLIO;CR;22;22/12/2025;06/02/2026;MODIFICA;SI;0;Esenzione per redditi imponibili fino a euro 10.000,00;,6;Aliquota unica;;;;;;;;;;;;;;;;;;;;;2;10000
I499;SCANDRIGLIA;RI;29;20/12/2025;21/08/2026;CONFERMA;SI;0;Esenzione per redditi imponibili fino a euro 8.000,00;,6;Aliquota unica;;;;;;;;;;;;;;;;;;;;;2;8000
I501;SCANNO;AQ;4;27/02/2026;15/04/2026;MODIFICA;SI;0,55;Applicabile a  SCAGLIONE DI REDDITO da €0 a €15.000,00;,6;Applicabile a SCAGLIONE DI REdDITO Da € 15.001 a 28.000,00;,65;Applicabile a SCAGLIONE DI REDDITO oltre € 28.001 e fino a € 50.000;,8;Applicabile a SCAGLIONE DI REDDITO oltre € 50.000;0;Esenzione per redditi imponibili fino a euro 10.000,00;;;;;;;;;;;;;;;0;0
I503;SCANO DI MONTIFERRO;OR;;;;;NO;0*;;;;;;;;;;;;;;;;;;;;;;;;;0
I504;SCANSANO;GR;;;;;NO;0*;;;;;;;;;;;;;;;;;;;;;;;;;0
M256;SCANZANO JONICO;MT;;;;;NO;0*;;;;;;;;;;;;;;;;;;;;;;;;;0
I506;SCANZOROSCIATE;BG;39;16/12/2025;20/01/2026;DELIBERA ADOTTATA EX ART. 1, COMMA 751, L. 207/2024;SI;0,74;Applicabile a scaglione di reddito fino a euro 15.000,00 ;,76;Applicabile a scaglione di reddito da euro 15.000,01 fino a euro 28.000,00 ;,78;Applicabile a scaglione di reddito da euro 28.000,01 fino a euro 50.000,00 ;,8;Applicabile a scaglione di reddito oltre euro 50.000,00 ;0;Esenzione per redditi imponibili fino a euro 8.200,00;;;;;;;;;;;;;;;0;0
I507;SCAPOLI;IS;45;23/12/2025;26/03/2026;CONFERMA;SI;0;Esenzione per redditi imponibili fino a euro 6.000,00;,75;Applicabile a scaglione di reddito fino a euro 28.000,00;,78;Applicabile a scaglione di reddito da euro 28.000,01 fino a euro 50.000,00;,8;Applicabile a scaglione di reddito oltre euro 50.000,00;;;;;;;;;;;;;;;;;4;6000
I510;SCARLINO;GR;;;;;NO;0*;;;;;;;;;;;;;;;;;;;;;;;;;0
I511;SCARMAGNO;TO;27;22/12/2025;12/05/2026;ISTITUISCE;NO;0,6;Aliquota unica;;;;;;;;;;;;;;;;;;;;;;;1;0
I512;SCARNAFIGI;CN;32;09/12/2025;22/01/2026;CONFERMA;NO;0,5;Aliquota unica;;;;;;;;;;;;;;;;;;;;;;;1;0
M326;SCARPERIA E SAN PIERO;FI;;;;;NO;0*;;;;;;;;;;;;;;;;;;;;;;;;;0
I519;SCENA;BZ;;;;;NO;0*;;;;;;;;;;;;;;;;;;;;;;;;;0
I520;SCERNI;CH;;;;;NO;0*;;;;;;;;;;;;;;;;;;;;;;;;;0
I522;SCHEGGIA E PASCELUPO;PG;;;;;NO;0*;;;;;;;;;;;;;;;;;;;;;;;;;0
I523;SCHEGGINO;PG;;;;;NO;0*;;;;;;;;;;;;;;;;;;;;;;;;;0
I526;SCHIAVI DI ABRUZZO;CH;;;;;NO;0*;;;;;;;;;;;;;;;;;;;;;;;;;0
I527;SCHIAVON;VI;;;;;NO;0*;;;;;;;;;;;;;;;;;;;;;;;;;0
I529;SCHIGNANO;CO;23;12/12/2025;04/05/2026;CONFERMA;NO;0,6;Aliquota unica;;;;;;;;;;;;;;;;;;;;;;;1;0
I530;SCHILPARIO;BG;46;30/12/2025;10/03/2026;CONFERMA;NO;0,7;Aliquota unica;;;;;;;;;;;;;;;;;;;;;;;1;0
I531;SCHIO;VI;135;17/12/2025;27/03/2026;CONFERMA;NO;0,8;Aliquota unica;;;;;;;;;;;;;;;;;;;;;;;1;0
I532;SCHIVENOGLIA;MN;;;;;NO;0*;;;;;;;;;;;;;;;;;;;;;;;;;0
I533;SCIACCA;AG;;;;;NO;0*;;;;;;;;;;;;;;;;;;;;;;;;;0
I534;SCIARA;PA;;;;;NO;0*;;;;;;;;;;;;;;;;;;;;;;;;;0
I535;SCICLI;RG;;;;;NO;0*;;;;;;;;;;;;;;;;;;;;;;;;;0
I536;SCIDO;RC;;;;;NO;0*;;;;;;;;;;;;;;;;;;;;;;;;;0
D290;SCIGLIANO;CS;;;;;NO;0*;;;;;;;;;;;;;;;;;;;;;;;;;0
I537;SCILLA;RC;;;;;NO;0*;;;;;;;;;;;;;;;;;;;;;;;;;0
I538;SCILLATO;PA;;;;;NO;0*;;;;;;;;;;;;;;;;;;;;;;;;;0
I539;SCIOLZE;TO;23;16/12/2025;13/01/2026;CONFERMA;NO;0,8;Aliquota unica;;;;;;;;;;;;;;;;;;;;;;;1;0
I540;SCISCIANO;NA;;;;;NO;0*;;;;;;;;;;;;;;;;;;;;;;;;;0
I541;SCLAFANI BAGNI;PA;;;;;NO;0*;;;;;;;;;;;;;;;;;;;;;;;;;0
I543;SCONTRONE;AQ;;;;;NO;0*;;;;;;;;;;;;;;;;;;;;;;;;;0
I544;SCOPA;VC;;;;;NO;0*;;;;;;;;;;;;;;;;;;;;;;;;;0
I545;SCOPELLO;VC;24;30/12/2025;17/06/2026;DELIBERA ADOTTATA EX ART. 1, COMMA 751, L. 207/2024;SI;0,39;Applicabile a scaglione di reddito fino a euro 15.000,00;,4;Applicabile a scaglione di reddito da euro 15.000,01 fino a euro 28.000,00;,6;Applicabile a scaglione di reddito da euro 28.000,01 fino a euro 50.000,00;,8;Applicabile a scaglione di reddito oltre euro 50.000,00;0;Esenzione per redditi imponibili fino a euro 15.000,00;;;;;;;;;;;;;;;0;0
I546;SCOPPITO;AQ;;;;;NO;0*;;;;;;;;;;;;;;;;;;;;;;;;;0
I548;SCORDIA;CT;;;;;NO;0*;;;;;;;;;;;;;;;;;;;;;;;;;0
I549;SCORRANO;LE;;;;;NO;0*;;;;;;;;;;;;;;;;;;;;;;;;;0
I551;SCORZE';VE;;;;;NO;0*;;;;;;;;;;;;;;;;;;;;;;;;;0
I553;SCURCOLA MARSICANA;AQ;;;;;NO;0*;;;;;;;;;;;;;;;;;;;;;;;;;0
I554;SCURELLE;TN;;;;;NO;0*;;;;;;;;;;;;;;;;;;;;;;;;;0
I555;SCURZOLENGO;AT;23;27/11/2025;07/01/2026;CONFERMA;SI;0;Esenzione per redditi imponibili fino a euro 5.000,00;,8;Aliquota unica;;;;;;;;;;;;;;;;;;;;;2;5000
I556;SEBORGA;IM;;;;;NO;0*;;;;;;;;;;;;;;;;;;;;;;;;;0
I558;SECINARO;AQ;;;;;NO;0*;;;;;;;;;;;;;;;;;;;;;;;;;0
I559;SECLI';LE;41;29/11/2025;07/01/2026;CONFERMA;NO;0,55;Aliquota unica;;;;;;;;;;;;;;;;;;;;;;;1;0
I561;SECUGNAGO;LO;2;29/01/2026;16/03/2026;CONFERMA;SI;0;Esenzione per redditi imponibili fino a euro 10.000,00;,8;Aliquota unica;;;;;;;;;;;;;;;;;;;;;2;10000
I562;SEDEGLIANO;UD;3;27/02/2026;06/03/2026;CONFERMA;SI;0;Esenzione per redditi imponibili fino a euro 15.000,00;,7;Applicabile a scaglione di reddito fino a euro 28.000,00;,75;Applicabile a scaglione di reddito da euro 28.000,01 fino a euro 50.000,00;,8;Applicabile a scaglione di reddito oltre euro 50.000,00;;;;;;;;;;;;;;;;;4;15000
I563;SEDICO;BL;48;30/12/2025;17/03/2026;CONFERMA;NO;0,8;Aliquota unica;;;;;;;;;;;;;;;;;;;;;;;1;0
I564;SEDILO;OR;;;;;NO;0*;;;;;;;;;;;;;;;;;;;;;;;;;0
I565;SEDINI;SS;;;;;NO;0*;;;;;;;;;;;;;;;;;;;;;;;;;0
I566;SEDRIANO;MI;;;;;NO;0*;;;;;;;;;;;;;;;;;;;;;;;;;0
I567;SEDRINA;BG;46;29/12/2025;28/01/2026;CONFERMA;SI;0;Esenzione per redditi imponibili fino a euro 8.000,00;,8;Aliquota unica;;;;;;;;;;;;;;;;;;;;;2;8000
I569;SEFRO;MC;174;14/11/2025;07/01/2026;CONFERMA;SI;0;Esenzione per redditi imponibili fino a euro 7.499,99;,8;Aliquota unica;;;;;;;;;;;;;;;;;;;;;2;7499,99
I570;SEGARIU;SU;30;27/11/2025;15/01/2026;NON APPLICA;NO;0;Aliquota unica;;;;;;;;;;;;;;;;;;;;;;;1;0
I571;SEGGIANO;GR;35;30/12/2025;06/03/2026;CONFERMA;NO;0,7;Aliquota unica;;;;;;;;;;;;;;;;;;;;;;;1;0
I573;SEGNI;RM;2;12/01/2026;26/01/2026;CONFERMA;NO;0,8;Aliquota unica;;;;;;;;;;;;;;;;;;;;;;;1;0
I576;SEGONZANO;TN;;;;;NO;0*;;;;;;;;;;;;;;;;;;;;;;;;;0
I577;SEGRATE;MI;54;25/11/2025;14/04/2026;CONFERMA;SI;0;Esenzione per redditi imponibili fino a euro 15.000,00;,8;Aliquota unica;;;;;;;;;;;;;;;;;;;;;2;15000
I578;SEGUSINO;TV;;;;;NO;0*;;;;;;;;;;;;;;;;;;;;;;;;;0
I580;SELARGIUS;CA;;;;;NO;0*;;;;;;;;;;;;;;;;;;;;;;;;;0
I581;SELCI;RI;;;;;NO;0*;;;;;;;;;;;;;;;;;;;;;;;;;0
I582;SELEGAS;SU;;;;;NO;0*;;;;;;;;;;;;;;;;;;;;;;;;;0
M360;SELLA GIUDICARIE;TN;;;;;NO;0*;;;;;;;;;;;;;;;;;;;;;;;;;0
I585;SELLANO;PG;;;;;NO;0*;;;;;;;;;;;;;;;;;;;;;;;;;0
I588;SELLERO;BS;40;29/12/2025;05/03/2026;MODIFICA;SI;0,2;Applicabile a scaglione di reddito fino a euro 15.000,00;,5;Applicabile a scaglione di reddito da euro 15.000,01 fino a euro 28.000,00;,7;Applicabile a scaglione di reddito da euro 28.000,01 fino a euro 50.000,00;,8;Applicabile a scaglione di reddito oltre ad euro 50.000,00;0;Esenzione per redditi fino ad euro 10.000,00;;;;;;;;;;;;;;;0;0
I589;SELLIA;CZ;;;;;NO;0*;;;;;;;;;;;;;;;;;;;;;;;;;0
I590;SELLIA MARINA;CZ;51;30/12/2025;15/05/2026;CONFERMA;NO;0,8;Aliquota unica;;;;;;;;;;;;;;;;;;;;;;;1;0
I593;SELVA DEI MOLINI;BZ;;;;;NO;0*;;;;;;;;;;;;;;;;;;;;;;;;;0
I592;SELVA DI CADORE;BL;;;;;NO;0*;;;;;;;;;;;;;;;;;;;;;;;;;0
I594;SELVA DI PROGNO;VR;;;;;NO;0*;;;;;;;;;;;;;;;;;;;;;;;;;0
I591;SELVA DI VAL GARDENA;BZ;;;;;NO;0*;;;;;;;;;;;;;;;;;;;;;;;;;0
I595;SELVAZZANO DENTRO;PD;89;22/12/2025;04/03/2026;CONFERMA;SI;0;Esenzione per redditi imponibili fino a euro 15.000,00;,8;Aliquota unica;;;;;;;;;;;;;;;;;;;;;2;15000
I597;SELVINO;BG;;;;;NO;0*;;;;;;;;;;;;;;;;;;;;;;;;;0
I598;SEMESTENE;SS;;;;;NO;0*;;;;;;;;;;;;;;;;;;;;;;;;;0
I599;SEMIANA;PV;14;22/12/2025;08/01/2026;CONFERMA;NO;0,8;Aliquota unica;;;;;;;;;;;;;;;;;;;;;;;1;0
I600;SEMINARA;RC;;;;;NO;0*;;;;;;;;;;;;;;;;;;;;;;;;;0
I601;SEMPRONIANO;GR;;;;;NO;0*;;;;;;;;;;;;;;;;;;;;;;;;;0
I602;SENAGO;MI;46;24/11/2025;09/02/2026;CONFERMA;SI;0;Esenzione per redditi imponibili fino a euro 10.000,00;,8;Aliquota unica;;;;;;;;;;;;;;;;;;;;;2;10000
I604;SENALES;BZ;;;;;NO;0*;;;;;;;;;;;;;;;;;;;;;;;;;0
I603;SENALE-SAN FELICE;BZ;;;;;NO;0*;;;;;;;;;;;;;;;;;;;;;;;;;0
I605;SENEGHE;OR;;;;;NO;0*;;;;;;;;;;;;;;;;;;;;;;;;;0
I606;SENERCHIA;AV;;;;;NO;0*;;;;;;;;;;;;;;;;;;;;;;;;;0
I607;SENIGA;BS;30;22/12/2025;21/01/2026;CONFERMA;SI;0;Esenzione per redditi imponibili fino a euro 9.250,00;,5;Applicabile a scaglione di reddito fino a euro 28.000,00;,7;Applicabile a scaglione di reddito da euro 28.000,01 fino a euro 50.000,00;,8;Applicabile a scaglione di reddito oltre euro 50.000,00;;;;;;;;;;;;;;;;;4;9250
I608;SENIGALLIA;AN;97;30/12/2025;11/02/2026;MODIFICA;SI;0;Esenzione per redditi imponibili fino a euro 15.000,00;,78;Aliquota unica;;;;;;;;;;;;;;;;;;;;;2;15000
I609;SENIS;OR;;;;;NO;0*;;;;;;;;;;;;;;;;;;;;;;;;;0
I610;SENISE;PZ;;;;;NO;0*;;;;;;;;;;;;;;;;;;;;;;;;;0
I611;SENNA COMASCO;CO;;;;;NO;0*;;;;;;;;;;;;;;;;;;;;;;;;;0
I612;SENNA LODIGIANA;LO;44;27/11/2025;02/01/2026;MODIFICA;SI;0;Esenzione per redditi imponibili fino a euro 15.000,00;,7;Applicabile a scaglione di reddito fino a euro 28.000,00;,78;Applicabile a scaglione di reddito da euro 28.000,01 fino a euro 50.000,00;,8;Applicabile a scaglione di reddito oltre euro 50.000,00;;;;;;;;;;;;;;;;;4;15000
I613;SENNARIOLO;OR;;;;;NO;0*;;;;;;;;;;;;;;;;;;;;;;;;;0
I614;SENNORI;SS;57;23/12/2025;17/02/2026;DELIBERA ADOTTATA EX ART. 1, COMMA 751, L. 207/2024;SI;0,4;Applicabile a  scaglione di reddito fino a euro 15.000,00;,65;Applicabile a scaglione di reddito da euro 15.000,01 fino a euro 28.000,00;,7;Applicabile a scaglione di reddito da euro 28.000,01 fino a euro 50.000,00;,8;Applicabile a scaglione di reddito oltre euro 50.000,00;0;Esenzione per redditi imponibili fino a euro 8.000,00;;;;;;;;;;;;;;;0;0
I615;SENORBI';SU;2;01/04/2026;30/04/2026;MODIFICA;SI;0;Esenzione per redditi imponibili fino a euro 12.000,00;,4;Aliquota unica;;;;;;;;;;;;;;;;;;;;;2;12000
I618;SEPINO;CB;;;;;NO;0*;;;;;;;;;;;;;;;;;;;;;;;;;0
I621;SEQUALS;PN;;;;;NO;0*;;;;;;;;;;;;;;;;;;;;;;;;;0
I622;SERAVEZZA;LU;;;;;NO;0*;;;;;;;;;;;;;;;;;;;;;;;;;0
I624;SERDIANA;SU;34;28/11/2025;26/05/2026;CONFERMA;NO;0,2;Aliquota unica;;;;;;;;;;;;;;;;;;;;;;;1;0
I625;SEREGNO;MB;62;18/12/2025;20/02/2026;CONFERMA;SI;0;Esenzione per redditi imponibili fino a euro 16.000,00;,8;Aliquota unica;;;;;;;;;;;;;;;;;;;;;2;16000
I626;SEREN DEL GRAPPA;BL;;;;;NO;0*;;;;;;;;;;;;;;;;;;;;;;;;;0
I627;SERGNANO;CR;56;23/12/2025;19/01/2026;CONFERMA;NO;0,8;Aliquota unica;;;;;;;;;;;;;;;;;;;;;;;1;0
I628;SERIATE;BG;;;;;NO;0*;;;;;;;;;;;;;;;;;;;;;;;;;0
I629;SERINA;BG;40;29/12/2025;13/01/2026;CONFERMA;SI;0;Esenzione per redditi imponibili fino a euro 10.269,00;,8;Aliquota unica;;;;;;;;;;;;;;;;;;;;;2;10269
I630;SERINO;AV;48;02/12/2025;11/05/2026;CONFERMA;NO;0,8;Aliquota unica;;;;;;;;;;;;;;;;;;;;;;;1;0
I631;SERLE;BS;35;22/12/2025;28/01/2026;DELIBERA ADOTTATA EX ART. 1, COMMA 751, L. 207/2024;SI;0,45;Applicabile a scaglione di reddito fino a euro 15.000,00;,55;Applicabile a scaglione di reddito da euro 15.000,01 fino a euro 28.000,00;,65;Applicabile a scaglione di reddito da euro 28.000,01 fino a euro 50.000,00;,75;Applicabile a scaglione di reddito oltre euro 50.000,00;;;;;;;;;;;;;;;;;0;0
I632;SERMIDE E FELONICA;MN;;;;;NO;0*;;;;;;;;;;;;;;;;;;;;;;;;;0
I634;SERMONETA;LT;;;;;NO;0*;;;;;;;;;;;;;;;;;;;;;;;;;0
I635;SERNAGLIA DELLA BATTAGLIA;TV;38;30/12/2025;02/02/2026;MODIFICA;SI;0;Esenzione per redditi imponibili fino a euro 10.000,00;,8;Aliquota unica;;;;;;;;;;;;;;;;;;;;;2;10000
I636;SERNIO;SO;;;;;NO;0*;;;;;;;;;;;;;;;;;;;;;;;;;0
I637;SEROLE;AT;;;;;NO;0*;;;;;;;;;;;;;;;;;;;;;;;;;0
I642;SERRA D'AIELLO;CS;;;;;NO;0*;;;;;;;;;;;;;;;;;;;;;;;;;0
I643;SERRA DE' CONTI;AN;;;;;NO;0*;;;;;;;;;;;;;;;;;;;;;;;;;0
I640;SERRA RICCO';GE;;;;;NO;0*;;;;;;;;;;;;;;;;;;;;;;;;;0
I639;SERRA SAN BRUNO;VV;;;;;NO;0*;;;;;;;;;;;;;;;;;;;;;;;;;0
I653;SERRA SAN QUIRICO;AN;5;26/02/2026;25/06/2026;CONFERMA;SI;0;Esenzione per redditi imponibili fino a euro 12.500,00;,8;Aliquota unica;;;;;;;;;;;;;;;;;;;;;2;12500
I654;SERRA SANT'ABBONDIO;PU;6;24/02/2026;04/03/2026;CONFERMA;NO;0,8;Aliquota unica;;;;;;;;;;;;;;;;;;;;;;;1;0
I641;SERRACAPRIOLA;FG;22;21/11/2025;02/01/2026;CONFERMA;NO;0,8;Aliquota unica;;;;;;;;;;;;;;;;;;;;;;;1;0
I644;SERRADIFALCO;CL;;;;;NO;0*;;;;;;;;;;;;;;;;;;;;;;;;;0
I646;SERRALUNGA D'ALBA;CN;31;29/12/2025;04/02/2026;CONFERMA;NO;0,4;Aliquota unica;;;;;;;;;;;;;;;;;;;;;;;1;0
I645;SERRALUNGA DI CREA;AL;;;;;NO;0*;;;;;;;;;;;;;;;;;;;;;;;;;0
I647;SERRAMANNA;SU;;;;;NO;0*;;;;;;;;;;;;;;;;;;;;;;;;;0
F357;SERRAMAZZONI;MO;;;;;NO;0*;;;;;;;;;;;;;;;;;;;;;;;;;0
I648;SERRAMEZZANA;SA;;;;;NO;0*;;;;;;;;;;;;;;;;;;;;;;;;;0
I649;SERRAMONACESCA;PE;;;;;NO;0*;;;;;;;;;;;;;;;;;;;;;;;;;0
I651;SERRAPETRONA;MC;45;18/12/2025;08/01/2026;CONFERMA;NO;0,8;Aliquota unica;;;;;;;;;;;;;;;;;;;;;;;1;0
I652;SERRARA FONTANA;NA;;;;;NO;0*;;;;;;;;;;;;;;;;;;;;;;;;;0
I655;SERRASTRETTA;CZ;13;26/11/2025;16/02/2026;CONFERMA;NO;0,8;Aliquota unica;;;;;;;;;;;;;;;;;;;;;;;1;0
I656;SERRATA;RC;;;;;NO;0*;;;;;;;;;;;;;;;;;;;;;;;;;0
I662;SERRAVALLE A PO;MN;;;;;NO;0*;;;;;;;;;;;;;;;;;;;;;;;;;0
I661;SERRAVALLE DI CHIENTI;MC;47;19/12/2025;06/08/2026;MODIFICA;SI;0;Esenzione per redditi imponibili fino a euro 12.000,00;,65;Applicabile a scaglione di reddito fino a euro 28.000,00;,75;Applicabile a scaglione di reddito da euro 28.000,01 fino a euro 50.000,00;,8;Applicabile a scaglione di reddito oltre euro 50.000,00;;;;;;;;;;;;;;;;;4;12000
I659;SERRAVALLE LANGHE;CN;13;30/12/2025;28/01/2026;CONFERMA;NO;0,7;Aliquota unica;;;;;;;;;;;;;;;;;;;;;;;1;0
I660;SERRAVALLE PISTOIESE;PT;;;;;NO;0*;;;;;;;;;;;;;;;;;;;;;;;;;0
I657;SERRAVALLE SCRIVIA;AL;34;15/12/2025;27/03/2026;CONFERMA;SI;0;Esenzione per redditi imponibili fino a euro 8.000,00;,8;Aliquota unica;;;;;;;;;;;;;;;;;;;;;2;8000
I663;SERRAVALLE SESIA;VC;20;18/12/2025;27/01/2026;CONFERMA;SI;0;Esenzione per redditi imponibili fino a euro 10.000,00;,8;Aliquota unica;;;;;;;;;;;;;;;;;;;;;2;10000
I666;SERRE;SA;3;22/01/2026;02/03/2026;MODIFICA;NO;0,8;Aliquota unica;;;;;;;;;;;;;;;;;;;;;;;1;0
I667;SERRENTI;SU;;;;;NO;0*;;;;;;;;;;;;;;;;;;;;;;;;;0
I668;SERRI;SU;;;;;NO;0*;;;;;;;;;;;;;;;;;;;;;;;;;0
I669;SERRONE;FR;;;;;NO;0*;;;;;;;;;;;;;;;;;;;;;;;;;0
I671;SERSALE;CZ;;;;;NO;0*;;;;;;;;;;;;;;;;;;;;;;;;;0
C070;SERVIGLIANO;FM;;;;;NO;0*;;;;;;;;;;;;;;;;;;;;;;;;;0
I676;SESSA AURUNCA;CE;;;;;NO;0*;;;;;;;;;;;;;;;;;;;;;;;;;0
I677;SESSA CILENTO;SA;;;;;NO;0*;;;;;;;;;;;;;;;;;;;;;;;;;0
I678;SESSAME;AT;24;14/12/2025;13/02/2026;MODIFICA;NO;0,8;Aliquota unica;;;;;;;;;;;;;;;;;;;;;;;1;0
I679;SESSANO DEL MOLISE;IS;;;;;NO;0*;;;;;;;;;;;;;;;;;;;;;;;;;0
E070;SESTA GODANO;SP;41;28/11/2025;07/01/2026;CONFERMA;SI;0;Esenzione per redditi imponibili fino a euro 7.500,00;,6;Aliquota unica;;;;;;;;;;;;;;;;;;;;;2;7500
I681;SESTINO;AR;24;22/12/2025;27/01/2026;MODIFICA;NO;0,75;Aliquota unica;;;;;;;;;;;;;;;;;;;;;;;1;0
I687;SESTO;BZ;;;;;NO;0*;;;;;;;;;;;;;;;;;;;;;;;;;0
I686;SESTO AL REGHENA;PN;;;;;NO;0*;;;;;;;;;;;;;;;;;;;;;;;;;0
I688;SESTO CALENDE;VA;;;;;NO;0*;;;;;;;;;;;;;;;;;;;;;;;;;0
I682;SESTO CAMPANO;IS;;;;;NO;0*;;;;;;;;;;;;;;;;;;;;;;;;;0
I683;SESTO ED UNITI;CR;44;30/12/2025;21/01/2026;CONFERMA;SI;0;Esenzione per redditi imponibili fino a euro 10.000,00;,7;Applicabile a scaglione di reddito fino a euro 28.000,00;,8;Applicabile a scaglione di reddito da euro 28.000,01 fino a euro 50.000,00;,8;Applicabile a scaglione di reddito oltre euro 50.000,00;;;;;;;;;;;;;;;;;4;10000
I684;SESTO FIORENTINO;FI;;;;;NO;0*;;;;;;;;;;;;;;;;;;;;;;;;;0
I690;SESTO SAN GIOVANNI;MI;51;18/12/2025;04/08/2026;CONFERMA;SI;0;Esenzione per redditi imponibili fino a euro 12.000,00;,75;Aliquota unica;;;;;;;;;;;;;;;;;;;;;2;12000
I689;SESTOLA;MO;;;;;NO;0*;;;;;;;;;;;;;;;;;;;;;;;;;0
I693;SESTRI LEVANTE;GE;;;;;NO;0*;;;;;;;;;;;;;;;;;;;;;;;;;0
I692;SESTRIERE;TO;;;;;NO;0*;;;;;;;;;;;;;;;;;;;;;;;;;0
I695;SESTU;CA;;;;;NO;0*;;;;;;;;;;;;;;;;;;;;;;;;;0
I696;SETTALA;MI;;;;;NO;0*;;;;;;;;;;;;;;;;;;;;;;;;;0
I697;SETTEFRATI;FR;34;31/12/2025;15/01/2026;CONFERMA;NO;0,2;Aliquota unica;;;;;;;;;;;;;;;;;;;;;;;1;0
M437;SETTEVILLE;BL;;;;;NO;0*;;;;;;;;;;;;;;;;;;;;;;;;;0
I698;SETTIME;AT;;;;;NO;0*;;;;;;;;;;;;;;;;;;;;;;;;;0
I700;SETTIMO MILANESE;MI;;;;;NO;0*;;;;;;;;;;;;;;;;;;;;;;;;;0
I701;SETTIMO ROTTARO;TO;;;;;NO;0*;;;;;;;;;;;;;;;;;;;;;;;;;0
I699;SETTIMO SAN PIETRO;CA;;;;;NO;0*;;;;;;;;;;;;;;;;;;;;;;;;;0
I703;SETTIMO TORINESE;TO;;;;;NO;0*;;;;;;;;;;;;;;;;;;;;;;;;;0
I702;SETTIMO VITTONE;TO;;;;;NO;0*;;;;;;;;;;;;;;;;;;;;;;;;;0
I704;SETTINGIANO;CZ;30;18/12/2025;08/01/2026;CONFERMA;NO;0,8;Aliquota unica;;;;;;;;;;;;;;;;;;;;;;;1;0
I705;SETZU;SU;;;;;NO;0*;;;;;;;;;;;;;;;;;;;;;;;;;0
I706;SEUI;SU;;;;;NO;0*;;;;;;;;;;;;;;;;;;;;;;;;;0
I707;SEULO;SU;;;;;NO;0*;;;;;;;;;;;;;;;;;;;;;;;;;0
I709;SEVESO;MB;44;25/11/2025;21/01/2026;CONFERMA;SI;0;Esenzione per redditi imponibili fino a euro 13.500,00;,8;Aliquota unica;;;;;;;;;;;;;;;;;;;;;2;13500
I711;SEZZADIO;AL;28;24/11/2025;08/01/2026;CONFERMA;NO;0,8;Aliquota unica;;;;;;;;;;;;;;;;;;;;;;;1;0
I712;SEZZE;LT;;;;;NO;0*;;;;;;;;;;;;;;;;;;;;;;;;;0
I714;SFRUZ;TN;;;;;NO;0*;;;;;;;;;;;;;;;;;;;;;;;;;0
I715;SGONICO;TS;31;23/12/2025;20/01/2026;CONFERMA;SI;0;Esenzione per redditi imponibili fino a euro 15.000,00;,5;Aliquota unica;;;;;;;;;;;;;;;;;;;;;2;15000
I716;SGURGOLA;FR;;;;;NO;0*;;;;;;;;;;;;;;;;;;;;;;;;;0
I717;SIAMAGGIORE;OR;;;;;NO;0*;;;;;;;;;;;;;;;;;;;;;;;;;0
I718;SIAMANNA;OR;;;;;NO;0*;;;;;;;;;;;;;;;;;;;;;;;;;0
I720;SIANO;SA;;;;;NO;0*;;;;;;;;;;;;;;;;;;;;;;;;;0
I721;SIAPICCIA;OR;;;;;NO;0*;;;;;;;;;;;;;;;;;;;;;;;;;0
M253;SICIGNANO DEGLI ALBURNI;SA;43;29/12/2025;12/01/2026;CONFERMA;SI;0;Esenzione per redditi imponibili fino a euro 5.000,00;,5;Applicabile a scaglione di reddito fino a euro 28.000,00;,6;Applicabile a scaglione di reddito da euro 28.000,01 fino a euro 50.000,00;,65;Applicabile a scaglione di reddito oltre euro 50.000,00;;;;;;;;;;;;;;;;;4;5000
I723;SICULIANA;AG;;;;;NO;0*;;;;;;;;;;;;;;;;;;;;;;;;;0
I724;SIDDI;SU;;;;;NO;0*;;;;;;;;;;;;;;;;;;;;;;;;;0
I725;SIDERNO;RC;;;;;NO;0*;;;;;;;;;;;;;;;;;;;;;;;;;0
I726;SIENA;SI;;;;;NO;0*;;;;;;;;;;;;;;;;;;;;;;;;;0
I727;SIGILLO;PG;;;;;NO;0*;;;;;;;;;;;;;;;;;;;;;;;;;0
I728;SIGNA;FI;105;29/12/2025;24/04/2026;CONFERMA;NO;0,8;Aliquota unica;;;;;;;;;;;;;;;;;;;;;;;1;0
I729;SILANDRO;BZ;;;;;NO;0*;;;;;;;;;;;;;;;;;;;;;;;;;0
I730;SILANUS;NU;;;;;NO;0*;;;;;;;;;;;;;;;;;;;;;;;;;0
F116;SILEA;TV;;;;;NO;0*;;;;;;;;;;;;;;;;;;;;;;;;;0
I732;SILIGO;SS;;;;;NO;0*;;;;;;;;;;;;;;;;;;;;;;;;;0
I734;SILIQUA;SU;;;;;NO;0*;;;;;;;;;;;;;;;;;;;;;;;;;0
I735;SILIUS;SU;10;09/02/2026;09/03/2026;NON APPLICA;NO;0;Aliquota unica;;;;;;;;;;;;;;;;;;;;;;;1;0
M347;SILLANO GIUNCUGNANO;LU;;;;;NO;0*;;;;;;;;;;;;;;;;;;;;;;;;;0
I736;SILLAVENGO;NO;;;;;NO;0*;;;;;;;;;;;;;;;;;;;;;;;;;0
I738;SILVANO D'ORBA;AL;42;30/12/2025;07/04/2026;MODIFICA;NO;0,7;Aliquota unica;;;;;;;;;;;;;;;;;;;;;;;1;0
I739;SILVANO PIETRA;PV;;;;;NO;0*;;;;;;;;;;;;;;;;;;;;;;;;;0
I741;SILVI;TE;245;18/11/2025;10/02/2026;CONFERMA;SI;0;Esenzione per redditi imponibili fino a euro 9.999,99;,8;Aliquota unica;;;;;;;;;;;;;;;;;;;;;2;9999,99
I742;SIMALA;OR;;;;;NO;0*;;;;;;;;;;;;;;;;;;;;;;;;;0
I743;SIMAXIS;OR;;;;;NO;0*;;;;;;;;;;;;;;;;;;;;;;;;;0
I744;SIMBARIO;VV;1;27/02/2026;24/08/2026;CONFERMA;NO;0,8;Aliquota unica;;;;;;;;;;;;;;;;;;;;;;;1;0
I745;SIMERI CRICHI;CZ;;;;;NO;0*;;;;;;;;;;;;;;;;;;;;;;;;;0
I747;SINAGRA;ME;;;;;NO;0*;;;;;;;;;;;;;;;;;;;;;;;;;0
A468;SINALUNGA;SI;85;18/12/2025;20/01/2026;DELIBERA ADOTTATA EX ART. 1, COMMA 751, L. 207/2024;SI;0,75;Applicabile a scaglione di reddito fino a euro 15.000,00;,79;Applicabile a scaglione di reddito da euro 15.000,01 fino a euro 28.000,00;,8;Applicabile a scaglione di reddito da euro 28.000,01 fino a euro 50.000,00;,8;Applicabile a scaglione di reddito oltre euro 50.000,00;0;Esenzione per contribuenti che hanno un reddito IRPEF annuo non superiore a euro 13.000,00 derivante da redditi da lavoro dipendente (art. 49, comma 1 del D.P.R. 22/12/1986 n. 917) e assimilato (art. 50 comma 1 lett. a), c), d) e l) del D.P.R. 22/12/1986 n. 917) o pensione (art. 49 comma 2 del D.P.R. 22.12.1986, n. 917) e da abitazione principale e relative pertinenze. Nella determinazione del reddito complessivo è escluso il reddito derivante da abitazione principale e relative pertinenze;;;;;;;;;;;;;;;0;0
I748;SINDIA;NU;;;;;NO;0*;;;;;;;;;;;;;;;;;;;;;;;;;0
I749;SINI;OR;;;;;NO;0*;;;;;;;;;;;;;;;;;;;;;;;;;0
I750;SINIO;CN;28;22/12/2025;03/06/2026;CONFERMA;NO;0,7;Aliquota unica;;;;;;;;;;;;;;;;;;;;;;;1;0
I751;SINISCOLA;NU;;;;;NO;0*;;;;;;;;;;;;;;;;;;;;;;;;;0
I752;SINNAI;CA;47;23/12/2025;12/01/2026;MODIFICA;SI;0,55;Applicabile a scaglione di reddito fino a euro 28.000,00;,75;Applicabile a scaglione di reddito da euro 28.000,01 fino a euro 50.000,00;,8;Applicabile a scaglione di reddito oltre euro 50.000,00;;;;;;;;;;;;;;;;;;;3;0
I753;SINOPOLI;RC;3;31/03/2026;07/04/2026;CONFERMA;NO;0,8;Aliquota unica;;;;;;;;;;;;;;;;;;;;;;;1;0
I754;SIRACUSA;SR;;;;;NO;0*;;;;;;;;;;;;;;;;;;;;;;;;;0
I756;SIRIGNANO;AV;31;29/12/2025;05/01/2026;CONFERMA;NO;0,8;Aliquota unica;;;;;;;;;;;;;;;;;;;;;;;1;0
I757;SIRIS;OR;;;;;NO;0*;;;;;;;;;;;;;;;;;;;;;;;;;0
I633;SIRMIONE;BS;;;;;NO;0*;;;;;;;;;;;;;;;;;;;;;;;;;0
I758;SIROLO;AN;36;23/12/2025;25/03/2026;CONFERMA;SI;0;Esenzione per redditi imponibili fino a euro 10.000,00;,6;Aliquota unica;;;;;;;;;;;;;;;;;;;;;2;10000
I759;SIRONE;LC;41;22/12/2025;08/01/2026;DELIBERA ADOTTATA EX ART. 1, COMMA 751, L. 207/2024;SI;0,2;Applicabile a scaglione di reddito fino a euro 15.000,00;,4;Applicabile a scaglione di reddito da euro 15.000,01 fino a euro 28.000,00;,5;Applicabile a scaglione di reddito da euro 28.000,01 fino a euro 50.000,00;,8;Applicabile a a scaglione di reddito oltre euro 50.000,00;0;Esenzione per redditi imponibili fino a euro 15.000,00;;;;;;;;;;;;;;;0;0
I761;SIRTORI;LC;4;17/02/2026;14/08/2026;CONFERMA;SI;0,6;Applicabile a scaglione di reddito fino a euro 28.000,00;,75;Applicabile a scaglione di reddito da euro 28.000,01 fino a euro 50.000,00;,8;Applicabile a scaglione di reddito oltre euro 50.000,00;;;;;;;;;;;;;;;;;;;3;0
M325;SISSA TRECASALI;PR;27;19/11/2025;11/02/2026;CONFERMA;SI;0;Esenzione per redditi imponibili fino a euro 13.000,00;,7;Aliquota unica;;;;;;;;;;;;;;;;;;;;;2;13000
I765;SIURGUS DONIGALA;SU;2;26/01/2026;10/03/2026;CONFERMA;NO;0,2;Aliquota unica;;;;;;;;;;;;;;;;;;;;;;;1;0
E265;SIZIANO;PV;;;;;NO;0*;;;;;;;;;;;;;;;;;;;;;;;;;0
I767;SIZZANO;NO;20;29/12/2025;05/02/2026;CONFERMA;SI;0;Esenzione per redditi imponibili fino a euro 8.000,00;,75;Aliquota unica;;;;;;;;;;;;;;;;;;;;;2;8000
I771;SLUDERNO;BZ;;;;;NO;0*;;;;;;;;;;;;;;;;;;;;;;;;;0
I774;SMERILLO;FM;31;22/12/2025;02/02/2026;CONFERMA;NO;0,8;Aliquota unica;;;;;;;;;;;;;;;;;;;;;;;1;0
I775;SOAVE;VR;23;18/12/2025;24/08/2026;DELIBERA ADOTTATA EX ART. 1, COMMA 751, L. 207/2024;SI;0,3;Applicabile a scaglione di reddito fino a euro 15.000,00;,4;Applicabile a scaglione di reddito da euro 15.000,01 fino a euro 28.000,00;,6;Applicabile a scaglione di reddito da euro 28.000,01 fino a euro 50.000,00;,7;Applicabile a scaglione di reddito oltre euro 50.000,00;0;Esenzione per redditi imponibili fino a euro 7.500,00;;;;;;;;;;;;;;;0;0
I777;SOCCHIEVE;UD;;;;;NO;0*;;;;;;;;;;;;;;;;;;;;;;;;;0
I778;SODDI';OR;;;;;NO;0*;;;;;;;;;;;;;;;;;;;;;;;;;0
I779;SOGLIANO AL RUBICONE;FC;;;;;NO;0*;;;;;;;;;;;;;;;;;;;;;;;;;0
I780;SOGLIANO CAVOUR;LE;;;;;NO;0*;;;;;;;;;;;;;;;;;;;;;;;;;0
I781;SOGLIO;AT;;;;;NO;0*;;;;;;;;;;;;;;;;;;;;;;;;;0
I782;SOIANO DEL LAGO;BS;;;;;NO;0*;;;;;;;;;;;;;;;;;;;;;;;;;0
I783;SOLAGNA;VI;;;;;NO;0*;;;;;;;;;;;;;;;;;;;;;;;;;0
I785;SOLARINO;SR;;;;;NO;0*;;;;;;;;;;;;;;;;;;;;;;;;;0
I786;SOLARO;MI;;;;;NO;0*;;;;;;;;;;;;;;;;;;;;;;;;;0
I787;SOLAROLO;RA;;;;;NO;0*;;;;;;;;;;;;;;;;;;;;;;;;;0
I790;SOLAROLO RAINERIO;CR;;;;;NO;0*;;;;;;;;;;;;;;;;;;;;;;;;;0
I791;SOLARUSSA;OR;;;;;NO;0*;;;;;;;;;;;;;;;;;;;;;;;;;0
I793;SOLBIATE ARNO;VA;22;18/12/2025;13/01/2026;CONFERMA;SI;0;Esenzione per redditi imponibili fino a euro 15.000,00;,6;Applicabile a scaglione di reddito fino a euro 28.000,00;,7;Applicabile a scaglione di reddito da euro 28.000,01 fino a euro 50.000,00;,8;Applicabile a scaglione di reddito oltre euro 50.000,00;;;;;;;;;;;;;;;;;4;15000
M412;SOLBIATE CON CAGNO;CO;28;16/12/2025;16/01/2026;DELIBERA ADOTTATA EX ART. 1, COMMA 751, L. 207/2024;SI;0,2;Applicabile a scaglione di reddito fino a euro 15.000,00;,23;Applicabile a scaglione di reddito da euro 15.000,01 fino a euro 28.000,00 ;,27;Applicabile a scaglione di reddito da euro 28.000,01 fino a euro 50.000,00 ;,4;Applicabile a scaglione di reddito oltre euro 50.000,00;0;Esenzione per redditi imponibili fino a euro 15.000,00;;;;;;;;;;;;;;;0;0
I794;SOLBIATE OLONA;VA;34;27/12/2025;19/01/2026;CONFERMA;SI;0;Esenzione per redditi imponibili fino a euro 17.999,99;,8;Aliquota unica;;;;;;;;;;;;;;;;;;;;;2;17999,99
I796;SOLDANO;IM;;;;;NO;0*;;;;;;;;;;;;;;;;;;;;;;;;;0
I797;SOLEMINIS;SU;;;;;NO;0*;;;;;;;;;;;;;;;;;;;;;;;;;0
I798;SOLERO;AL;;;;;NO;0*;;;;;;;;;;;;;;;;;;;;;;;;;0
I799;SOLESINO;PD;;;;;NO;0*;;;;;;;;;;;;;;;;;;;;;;;;;0
I800;SOLETO;LE;;;;;NO;0*;;;;;;;;;;;;;;;;;;;;;;;;;0
I801;SOLFERINO;MN;6;16/03/2026;15/04/2026;CONFERMA;SI;0;Esenzione per redditi imponibili fino a euro 15.000,00;,8;Aliquota unica;;;;;;;;;;;;;;;;;;;;;2;15000
I802;SOLIERA;MO;;;;;NO;0*;;;;;;;;;;;;;;;;;;;;;;;;;0
I803;SOLIGNANO;PR;;;;;NO;0*;;;;;;;;;;;;;;;;;;;;;;;;;0
I805;SOLOFRA;AV;;;;;NO;0*;;;;;;;;;;;;;;;;;;;;;;;;;0
I808;SOLONGHELLO;AL;26;30/12/2025;11/02/2026;CONFERMA;NO;0,8;Aliquota unica;;;;;;;;;;;;;;;;;;;;;;;1;0
I809;SOLOPACA;BN;;;;;NO;0*;;;;;;;;;;;;;;;;;;;;;;;;;0
I812;SOLTO COLLINA;BG;12;22/12/2025;08/06/2026;CONFERMA;SI;0;Esenzione per redditi imponibili fino a euro 10.000,00;,7;Aliquota unica;;;;;;;;;;;;;;;;;;;;;2;10000
I813;SOLZA;BG;28;23/12/2025;02/01/2026;CONFERMA;SI;0;Esenzione per redditi imponibili fino a euro 12.000,00;,8;Aliquota unica;;;;;;;;;;;;;;;;;;;;;2;12000
I815;SOMAGLIA;LO;;;;;NO;0*;;;;;;;;;;;;;;;;;;;;;;;;;0
I817;SOMANO;CN;;;;;NO;0*;;;;;;;;;;;;;;;;;;;;;;;;;0
I819;SOMMA LOMBARDO;VA;51;22/12/2025;17/02/2026;CONFERMA;SI;0;Esenzione per redditi imponibili fino a euro 10.000,00;,8;Aliquota unica;;;;;;;;;;;;;;;;;;;;;2;10000
I820;SOMMA VESUVIANA;NA;;;;;NO;0*;;;;;;;;;;;;;;;;;;;;;;;;;0
I821;SOMMACAMPAGNA;VR;;;;;NO;0*;;;;;;;;;;;;;;;;;;;;;;;;;0
I822;SOMMARIVA DEL BOSCO;CN;;;;;NO;0*;;;;;;;;;;;;;;;;;;;;;;;;;0
I823;SOMMARIVA PERNO;CN;24;18/12/2025;12/01/2026;MODIFICA;SI;0,6;Applicabile a scaglione di reddito fino a euro 28.000,00;,6;Applicabile a scaglione di reddito da euro 28.000,01 fino a euro 50.000,00;,65;Applicabile a scaglione di reddito oltre euro 50.000,00;;;;;;;;;;;;;;;;;;;3;0
I824;SOMMATINO;CL;;;;;NO;0*;;;;;;;;;;;;;;;;;;;;;;;;;0
I825;SOMMO;PV;3;12/01/2026;18/05/2026;CONFERMA;SI;0;Esenzione per redditi imponibili fino a euro 9.000,00;,64;Applicabile a scaglione di reddito fino a euro 28.000,00;,76;Applicabile a scaglione di reddito da euro 28.000,01 fino a euro 50.000,00;,8;Applicabile a scaglione di reddito oltre euro 50.000,00;;;;;;;;;;;;;;;;;4;9000
I826;SONA;VR;;;;;NO;0*;;;;;;;;;;;;;;;;;;;;;;;;;0
I827;SONCINO;CR;39;22/12/2025;22/01/2026;CONFERMA;NO;0,8;Aliquota unica;;;;;;;;;;;;;;;;;;;;;;;1;0
I828;SONDALO;SO;50;29/12/2025;02/02/2026;CONFERMA;NO;0,8;Aliquota unica;;;;;;;;;;;;;;;;;;;;;;;1;0
I829;SONDRIO;SO;78;22/12/2025;06/08/2026;CONFERMA;SI;0;Esenzione per redditi imponibili fino a euro 9.999,99;,8;Aliquota unica;;;;;;;;;;;;;;;;;;;;;2;9999,99
I830;SONGAVAZZO;BG;22;27/10/2025;08/01/2026;CONFERMA;NO;0,8;Aliquota unica;;;;;;;;;;;;;;;;;;;;;;;1;0
I831;SONICO;BS;;;;;NO;0*;;;;;;;;;;;;;;;;;;;;;;;;;0
I832;SONNINO;LT;11;27/03/2026;24/04/2026;CONFERMA;NO;0,8;Aliquota unica;;;;;;;;;;;;;;;;;;;;;;;1;0
I838;SORA;FR;;;;;NO;0*;;;;;;;;;;;;;;;;;;;;;;;;;0
I839;SORAGA DI FASSA;TN;;;;;NO;0*;;;;;;;;;;;;;;;;;;;;;;;;;0
I840;SORAGNA;PR;;;;;NO;0*;;;;;;;;;;;;;;;;;;;;;;;;;0
I841;SORANO;GR;1;14/01/2026;22/01/2026;DELIBERA ADOTTATA EX ART. 1, COMMA 751, L. 207/2024;SI;0,6;Applicabile a scaglione di reddito fino a euro 15.000,00;,7;Applicabile a scaglione di reddito da euro 15.000,01 fino a euro 28.000,00;,75;Applicabile a scaglione di reddito da euro 28.000,01 fino a euro 50.000,00;,8;Applicabile a scaglione di reddito oltre euro 50.000,00;0;Esenzione per redditi imponibili fino a euro 9.000,00;;;;;;;;;;;;;;;0;0
I844;SORBO SAN BASILE;CZ;33;26/11/2025;07/01/2026;ISTITUISCE;SI;0;Esenzione per redditi imponibili fino a euro 10.000,00;,6;Aliquota unica;;;;;;;;;;;;;;;;;;;;;2;10000
I843;SORBO SERPICO;AV;;;;;NO;0*;;;;;;;;;;;;;;;;;;;;;;;;;0
M411;SORBOLO MEZZANI;PR;;;;;NO;0*;;;;;;;;;;;;;;;;;;;;;;;;;0
I847;SORDEVOLO;BI;;;;;NO;0*;;;;;;;;;;;;;;;;;;;;;;;;;0
I848;SORDIO;LO;2;19/01/2026;02/03/2026;CONFERMA;NO;0,8;Aliquota unica;;;;;;;;;;;;;;;;;;;;;;;1;0
I849;SORESINA;CR;51;22/12/2025;14/01/2026;CONFERMA;SI;0;Esenzione per redditi imponibili fino a euro 9.999,99;,8;Aliquota unica;;;;;;;;;;;;;;;;;;;;;2;9999,99
I850;SORGA';VR;51;23/12/2025;16/01/2026;MODIFICA;SI;0;Esenzione per redditi imponibili fino a euro 12.000,00;,8;Aliquota unica;;;;;;;;;;;;;;;;;;;;;2;12000
I851;SORGONO;NU;;;;;NO;0*;;;;;;;;;;;;;;;;;;;;;;;;;0
I852;SORI;GE;4;24/02/2026;15/05/2026;CONFERMA;NO;0,8;Aliquota unica;;;;;;;;;;;;;;;;;;;;;;;1;0
I853;SORIANELLO;VV;23;22/12/2025;20/01/2026;CONFERMA;NO;0,8;Aliquota unica;;;;;;;;;;;;;;;;;;;;;;;1;0
I854;SORIANO CALABRO;VV;;;;;NO;0*;;;;;;;;;;;;;;;;;;;;;;;;;0
I855;SORIANO NEL CIMINO;VT;;;;;NO;0*;;;;;;;;;;;;;;;;;;;;;;;;;0
I856;SORICO;CO;;;;;NO;0*;;;;;;;;;;;;;;;;;;;;;;;;;0
I857;SORISO;NO;26;16/12/2025;14/01/2026;CONFERMA;NO;0,8;Aliquota unica;;;;;;;;;;;;;;;;;;;;;;;1;0
I858;SORISOLE;BG;42;17/12/2025;19/01/2026;CONFERMA;NO;0,75;Aliquota unica;;;;;;;;;;;;;;;;;;;;;;;1;0
I860;SORMANO;CO;32;15/12/2025;05/01/2026;CONFERMA;NO;0,5;Aliquota unica;;;;;;;;;;;;;;;;;;;;;;;1;0
I861;SORRADILE;OR;;;;;NO;0*;;;;;;;;;;;;;;;;;;;;;;;;;0
I862;SORRENTO;NA;35;22/12/2025;26/01/2026;CONFERMA;SI;0;Esenzione per redditi imponibili fino a euro 15.000,00;,7;Aliquota unica;;;;;;;;;;;;;;;;;;;;;2;15000
I863;SORSO;SS;72;29/12/2025;20/02/2026;CONFERMA;NO;0,8;Aliquota unica;;;;;;;;;;;;;;;;;;;;;;;1;0
I864;SORTINO;SR;;;;;NO;0*;;;;;;;;;;;;;;;;;;;;;;;;;0
I865;SOSPIRO;CR;37;11/11/2025;12/02/2026;CONFERMA;SI;0;Esenzione per redditi imponibili fino a euro 15.000,00;,7;Aliquota unica;;;;;;;;;;;;;;;;;;;;;2;15000
I866;SOSPIROLO;BL;4;12/02/2026;06/03/2026;DELIBERA ADOTTATA EX ART. 1, COMMA 751, L. 207/2024;SI;0,65;Applicabile a scaglione di reddito fino a euro 15.000,00;,73;Applicabile a scaglione di reddito da euro 15.000,01 fino a euro 28.000,00;,77;Applicabile a scaglione di reddito da euro 28.000,01 fino a euro 50.000,00;,8;Applicabile a scaglione di reddito oltre euro 50.000,00;0;Esenzione per redditi imponibili fino a euro 8.000,00;;;;;;;;;;;;;;;0;0
I867;SOSSANO;VI;;;;;NO;0*;;;;;;;;;;;;;;;;;;;;;;;;;0
I868;SOSTEGNO;BI;25;22/12/2025;04/02/2026;MODIFICA;NO;0,7;Aliquota unica;;;;;;;;;;;;;;;;;;;;;;;1;0
I869;SOTTO IL MONTE GIOVANNI XXIII;BG;2;20/01/2026;22/01/2026;CONFERMA;SI;0;Esenzione per redditi imponibili fino a euro 10.000,00;,8;Aliquota unica;;;;;;;;;;;;;;;;;;;;;2;10000
I871;SOVER;TN;;;;;NO;0*;;;;;;;;;;;;;;;;;;;;;;;;;0
I872;SOVERATO;CZ;;;;;NO;0*;;;;;;;;;;;;;;;;;;;;;;;;;0
I873;SOVERE;BG;39;16/12/2025;27/01/2026;CONFERMA;NO;0,8;Aliquota unica;;;;;;;;;;;;;;;;;;;;;;;1;0
I874;SOVERIA MANNELLI;CZ;;;;;NO;0*;;;;;;;;;;;;;;;;;;;;;;;;;0
I875;SOVERIA SIMERI;CZ;;;;;NO;0*;;;;;;;;;;;;;;;;;;;;;;;;;0
I876;SOVERZENE;BL;;;;;NO;0*;;;;;;;;;;;;;;;;;;;;;;;;;0
I877;SOVICILLE;SI;80;30/12/2025;15/01/2026;CONFERMA;SI;0;Esenzione per redditi imponibili fino a euro 13.000,00;,735;Applicabile a scaglione di reddito fino a euro 28.000,00;,78;Applicabile a scaglione di reddito da euro 28.000,01 fino a euro 50.000,00;,8;Applicabile a scaglione di reddito oltre euro 50.000,00;;;;;;;;;;;;;;;;;4;13000
I878;SOVICO;MB;3;12/02/2026;19/03/2026;DELIBERA ADOTTATA EX ART. 1, COMMA 751, L. 207/2024;SI;0,72;Applicabile a scaglione di reddito fino a euro 15.000,00;,74;Applicabile a scaglione di reddito da euro 15.000,01 fino ad euro 28.000,00;,76;Applicabile a scaglione di reddito da euro 28.000,01 fino a euro 50.000,00 ;,78;Applicabile a scaglione di reddito oltre euro 50.000,00  ;0;Esenzione per redditi imponibili fino a euro 15.000,00;;;;;;;;;;;;;;;0;0
M436;SOVIZZO;VI;81;22/12/2025;19/01/2026;CONFERMA;SI;0;Esenzione per redditi imponibili fino a euro 10.000,00;,8;Aliquota unica;;;;;;;;;;;;;;;;;;;;;2;10000
I673;SOVRAMONTE;BL;;;;;NO;0*;;;;;;;;;;;;;;;;;;;;;;;;;0
I880;SOZZAGO;NO;27;15/12/2025;27/01/2026;CONFERMA;SI;0;Esenzione per redditi imponibili fino a euro 10.000,00;,7;Aliquota unica;;;;;;;;;;;;;;;;;;;;;2;10000
I881;SPADAFORA;ME;;;;;NO;0*;;;;;;;;;;;;;;;;;;;;;;;;;0
I884;SPADOLA;VV;;;;;NO;0*;;;;;;;;;;;;;;;;;;;;;;;;;0
I885;SPARANISE;CE;52;11/12/2025;09/01/2026;CONFERMA;NO;0,4;Aliquota unica;;;;;;;;;;;;;;;;;;;;;;;1;0
I886;SPARONE;TO;45;22/12/2025;15/05/2026;CONFERMA;NO;0,6;Aliquota unica;;;;;;;;;;;;;;;;;;;;;;;1;0
I887;SPECCHIA;LE;;;;;NO;0*;;;;;;;;;;;;;;;;;;;;;;;;;0
I888;SPELLO;PG;80;27/11/2025;17/04/2026;CONFERMA;SI;0;Esenzione per redditi imponibili fino a euro 12.000,00;,75;Applicabile a scaglione di reddito fino a euro 28.000,00;,78;Applicabile a scaglione di reddito da euro 28.000,01 fino a euro 50.000,00;,8;Applicabile a scaglione di reddito oltre euro 50.000,00;;;;;;;;;;;;;;;;;4;12000
I891;SPERLINGA;EN;;;;;NO;0*;;;;;;;;;;;;;;;;;;;;;;;;;0
I892;SPERLONGA;LT;;;;;NO;0*;;;;;;;;;;;;;;;;;;;;;;;;;0
I893;SPERONE;AV;2;20/03/2026;21/04/2026;OSSERVAZIONE;NO;0,8;Aliquota unica;;;;;;;;;;;;;;;;;;;;;;;1;0
I894;SPESSA;PV;5;23/02/2026;03/03/2026;MODIFICA;SI;0;Esenzione per redditi imponibili fino a euro 10.000,00;,8;Aliquota unica;;;;;;;;;;;;;;;;;;;;;2;10000
I895;SPEZZANO ALBANESE;CS;3;28/02/2026;13/08/2026;CONFERMA;NO;0,8;Aliquota unica;;;;;;;;;;;;;;;;;;;;;;;1;0
I896;SPEZZANO DELLA SILA;CS;;;;;NO;0*;;;;;;;;;;;;;;;;;;;;;;;;;0
I899;SPIAZZO;TN;;;;;NO;0*;;;;;;;;;;;;;;;;;;;;;;;;;0
I901;SPIGNO MONFERRATO;AL;18;30/12/2025;24/02/2026;MODIFICA;NO;0,6;Aliquota unica;;;;;;;;;;;;;;;;;;;;;;;1;0
I902;SPIGNO SATURNIA;LT;;;;;NO;0*;;;;;;;;;;;;;;;;;;;;;;;;;0
I903;SPILAMBERTO;MO;;;;;NO;0*;;;;;;;;;;;;;;;;;;;;;;;;;0
I904;SPILIMBERGO;PN;;;;;NO;0*;;;;;;;;;;;;;;;;;;;;;;;;;0
I905;SPILINGA;VV;22;29/12/2025;09/01/2026;CONFERMA;NO;0,7;Aliquota unica;;;;;;;;;;;;;;;;;;;;;;;1;0
I906;SPINADESCO;CR;28;22/12/2025;19/01/2026;CONFERMA;NO;0,45;Aliquota unica;;;;;;;;;;;;;;;;;;;;;;;1;0
I907;SPINAZZOLA;BT;36;29/12/2025;26/01/2026;CONFERMA;SI;0;Esenzione per redditi imponibili fino a euro 15.000,00;,78;Applicabile a scaglione di reddito fino a euro 28.000,00;,79;Applicabile a scaglione di reddito da euro 28.000,01 fino a euro 50.000,00;,8;Applicabile a scaglione di reddito oltre euro 50.000,00;;;;;;;;;;;;;;;;;4;15000
I908;SPINEA;VE;54;18/12/2025;08/01/2026;CONFERMA;NO;0,8;Aliquota unica;;;;;;;;;;;;;;;;;;;;;;;1;0
I909;SPINEDA;CR;4;24/02/2026;03/06/2026;MODIFICA;SI;0;Esenzione per redditi imponibili fino a euro 10.000,00;,5;Applicabile a scaglione di reddito fino a euro 28.000,00;,75;Applicabile a scaglione di reddito da euro 28.000,01 fino a euro 50.000,00;,8;Applicabile a scaglione di reddito oltre euro 50.000,00;;;;;;;;;;;;;;;;;4;10000
I910;SPINETE;CB;;;;;NO;0*;;;;;;;;;;;;;;;;;;;;;;;;;0
I911;SPINETO SCRIVIA;AL;1;14/02/2026;24/02/2026;CONFERMA;SI;0;Esenzione per redditi imponibili fino a euro 9.999,99;,6;Aliquota unica;;;;;;;;;;;;;;;;;;;;;2;9999,99
I912;SPINETOLI;AP;40;30/12/2025;13/03/2026;CONFERMA;NO;0,8;Aliquota unica;;;;;;;;;;;;;;;;;;;;;;;1;0
I914;SPINO D'ADDA;CR;44;19/12/2025;02/01/2026;MODIFICA;SI;0;Esenzione per redditi imponibili fino a euro 15.000,00;,8;Aliquota unica;;;;;;;;;;;;;;;;;;;;;2;15000
I916;SPINONE AL LAGO;BG;;;;;NO;0*;;;;;;;;;;;;;;;;;;;;;;;;;0
I917;SPINOSO;PZ;20;29/12/2025;27/04/2026;CONFERMA;SI;0;Esenzione per redditi imponibili fino a euro 7.500,00;,4;Aliquota unica;;;;;;;;;;;;;;;;;;;;;2;7500
I919;SPIRANO;BG;6;18/03/2026;24/03/2026;CONFERMA;SI;0;Esenzione per redditi imponibili fino a euro 11.999,99;,8;Aliquota unica;;;;;;;;;;;;;;;;;;;;;2;11999,99
I921;SPOLETO;PG;11;26/02/2026;30/03/2026;CONFERMA;SI;0;Esenzione per redditi imponibili fino a euro 13.000,00;,78;Aliquota unica;;;;;;;;;;;;;;;;;;;;;2;13000
I922;SPOLTORE;PE;85;18/12/2025;06/05/2026;CONFERMA;SI;0;Esenzione per redditi imponibili fino a euro 14.000,00;,8;Aliquota unica;;;;;;;;;;;;;;;;;;;;;2;14000
I923;SPONGANO;LE;;;;;NO;0*;;;;;;;;;;;;;;;;;;;;;;;;;0
I924;SPORMAGGIORE;TN;;;;;NO;0*;;;;;;;;;;;;;;;;;;;;;;;;;0
I925;SPORMINORE;TN;;;;;NO;0*;;;;;;;;;;;;;;;;;;;;;;;;;0
I926;SPOTORNO;SV;;;;;NO;0*;;;;;;;;;;;;;;;;;;;;;;;;;0
I927;SPRESIANO;TV;52;30/12/2025;21/01/2026;CONFERMA;SI;0;Esenzione per redditi imponibili fino a euro 15.000,00;,6;Applicabile a scaglione di reddito fino a euro 28.000,00;,7;Applicabile a scaglione di reddito da euro 28.000,01 fino a euro 50.000,00;,8;Applicabile a scaglione di reddito oltre euro 50.000,00;;;;;;;;;;;;;;;;;4;15000
I928;SPRIANA;SO;;;;;NO;0*;;;;;;;;;;;;;;;;;;;;;;;;;0
I929;SQUILLACE;CZ;;;;;NO;0*;;;;;;;;;;;;;;;;;;;;;;;;;0
I930;SQUINZANO;LE;;;;;NO;0*;;;;;;;;;;;;;;;;;;;;;;;;;0
I932;STAFFOLO;AN;68;30/12/2025;22/01/2026;CONFERMA;NO;0,8;Aliquota unica;;;;;;;;;;;;;;;;;;;;;;;1;0
I935;STAGNO LOMBARDO;CR;29;19/12/2025;12/01/2026;CONFERMA;SI;0;Esenzione per redditi imponibili fino a euro 6.000,00;,76;Aliquota unica;;;;;;;;;;;;;;;;;;;;;2;6000
I936;STAITI;RC;;;;;NO;0*;;;;;;;;;;;;;;;;;;;;;;;;;0
I937;STALETTI;CZ;;;;;NO;0*;;;;;;;;;;;;;;;;;;;;;;;;;0
I938;STANGHELLA;PD;46;22/12/2025;09/01/2026;CONFERMA;SI;0;Esenzione per redditi imponibili fino a euro 9.999,99;,8;Aliquota unica;;;;;;;;;;;;;;;;;;;;;2;9999,99
I939;STARANZANO;GO;43;16/12/2025;09/01/2026;CONFERMA;SI;0;Esenzione per redditi imponibili fino a euro 15.000,00;,8;Aliquota unica;;;;;;;;;;;;;;;;;;;;;2;15000
M298;STATTE;TA;;;;;NO;0*;;;;;;;;;;;;;;;;;;;;;;;;;0
I941;STAZZANO;AL;;;;;NO;0*;;;;;;;;;;;;;;;;;;;;;;;;;0
I942;STAZZEMA;LU;;;;;NO;0*;;;;;;;;;;;;;;;;;;;;;;;;;0
I943;STAZZONA;CO;26;27/11/2025;25/02/2026;MODIFICA;SI;0;Esenzione per redditi imponibili fino a euro 10.000,00;,5;Aliquota unica;;;;;;;;;;;;;;;;;;;;;2;10000
I945;STEFANACONI;VV;;;;;NO;0*;;;;;;;;;;;;;;;;;;;;;;;;;0
I946;STELLA;SV;31;19/12/2025;08/01/2026;CONFERMA;NO;0,8;Aliquota unica;;;;;;;;;;;;;;;;;;;;;;;1;0
G887;STELLA CILENTO;SA;;;;;NO;0*;;;;;;;;;;;;;;;;;;;;;;;;;0
I947;STELLANELLO;SV;;;;;NO;0*;;;;;;;;;;;;;;;;;;;;;;;;;0
I948;STELVIO;BZ;;;;;NO;0*;;;;;;;;;;;;;;;;;;;;;;;;;0
I949;STENICO;TN;;;;;NO;0*;;;;;;;;;;;;;;;;;;;;;;;;;0
I950;STERNATIA;LE;;;;;NO;0*;;;;;;;;;;;;;;;;;;;;;;;;;0
I951;STEZZANO;BG;31;15/12/2025;02/01/2026;CONFERMA;SI;0;Esenzione per redditi imponibili fino a euro 15.000,00;,8;Aliquota unica;;;;;;;;;;;;;;;;;;;;;2;15000
I953;STIENTA;RO;2;23/02/2026;17/03/2026;CONFERMA;SI;0,78;Applicabile a scaglione di reddito fino a euro 28.000,00;,79;Applicabile a scaglione di reddito da euro 28.000,01 fino a euro 50.000,00;,8;Applicabile a scaglione di reddito oltre euro 50.000,00;;;;;;;;;;;;;;;;;;;3;0
I954;STIGLIANO;MT;;;;;NO;0*;;;;;;;;;;;;;;;;;;;;;;;;;0
I955;STIGNANO;RC;;;;;NO;0*;;;;;;;;;;;;;;;;;;;;;;;;;0
I956;STILO;RC;;;;;NO;0*;;;;;;;;;;;;;;;;;;;;;;;;;0
I959;STIMIGLIANO;RI;30;18/12/2025;04/08/2026;CONFERMA;SI;0;Esenzione per redditi imponibili fino a euro 7.499,99;,8;Aliquota unica;;;;;;;;;;;;;;;;;;;;;2;7499,99
M290;STINTINO;SS;;;;;NO;0*;;;;;;;;;;;;;;;;;;;;;;;;;0
I960;STIO;SA;;;;;NO;0*;;;;;;;;;;;;;;;;;;;;;;;;;0
I962;STORNARA;FG;23;19/12/2025;27/01/2026;MODIFICA;SI;0,8;Aliquota unica;0;Esenzione per soggetti titolari di i titolari di redditi da lavoro dipendente fino alla soglia di 8.500 euro soggetti titolari di redditi da pensione fino alla soglia di 8.500 euro soggetti titolari di redditi da lavoro autonomo fino alla soglia di 5.500 euro.;;;;;;;;;;;;;;;;;;;;;5;0
I963;STORNARELLA;FG;;;;;NO;0*;;;;;;;;;;;;;;;;;;;;;;;;;0
I964;STORO;TN;;;;;NO;0*;;;;;;;;;;;;;;;;;;;;;;;;;0
I965;STRA;VE;44;16/12/2025;20/03/2026;CONFERMA;SI;0;Esenzione per redditi imponibili fino a euro 10.000,00;,8;Aliquota unica;;;;;;;;;;;;;;;;;;;;;2;10000
I968;STRADELLA;PV;;;;;NO;0*;;;;;;;;;;;;;;;;;;;;;;;;;0
I969;STRAMBINELLO;TO;17;16/12/2025;18/05/2026;MODIFICA;NO;0,5;Aliquota unica;;;;;;;;;;;;;;;;;;;;;;;1;0
I970;STRAMBINO;TO;47;16/12/2025;25/08/2026;CONFERMA;SI;0;Esenzione per redditi imponibili fino a euro 11.071,34;,8;Aliquota unica;;;;;;;;;;;;;;;;;;;;;2;11071,34
I973;STRANGOLAGALLI;FR;;;;;NO;0*;;;;;;;;;;;;;;;;;;;;;;;;;0
I974;STREGNA;UD;;;;;NO;0*;;;;;;;;;;;;;;;;;;;;;;;;;0
I975;STREMBO;TN;;;;;NO;0*;;;;;;;;;;;;;;;;;;;;;;;;;0
I976;STRESA;VB;;;;;NO;0*;;;;;;;;;;;;;;;;;;;;;;;;;0
I977;STREVI;AL;;;;;NO;0*;;;;;;;;;;;;;;;;;;;;;;;;;0
I978;STRIANO;NA;;;;;NO;0*;;;;;;;;;;;;;;;;;;;;;;;;;0
I980;STRONA;BI;27;22/12/2025;12/01/2026;CONFERMA;NO;0,8;Aliquota unica;;;;;;;;;;;;;;;;;;;;;;;1;0
I981;STRONCONE;TR;34;23/12/2025;12/01/2026;CONFERMA;NO;0,8;Aliquota unica;;;;;;;;;;;;;;;;;;;;;;;1;0
I982;STRONGOLI;KR;;;;;NO;0*;;;;;;;;;;;;;;;;;;;;;;;;;0
I984;STROPPIANA;VC;;;;;NO;0*;;;;;;;;;;;;;;;;;;;;;;;;;0
I985;STROPPO;CN;;;;;NO;0*;;;;;;;;;;;;;;;;;;;;;;;;;0
I986;STROZZA;BG;22;16/12/2025;04/08/2026;CONFERMA;NO;0,6;Aliquota unica;;;;;;;;;;;;;;;;;;;;;;;1;0
I990;STURNO;AV;;;;;NO;0*;;;;;;;;;;;;;;;;;;;;;;;;;0
B014;SUARDI;PV;;;;;NO;0*;;;;;;;;;;;;;;;;;;;;;;;;;0
I991;SUBBIANO;AR;53;30/12/2025;30/01/2026;CONFERMA;NO;0,8;Aliquota unica;;;;;;;;;;;;;;;;;;;;;;;1;0
I992;SUBIACO;RM;;;;;NO;0*;;;;;;;;;;;;;;;;;;;;;;;;;0
I993;SUCCIVO;CE;3;25/02/2026;06/03/2026;CONFERMA;NO;0,8;Aliquota unica;;;;;;;;;;;;;;;;;;;;;;;1;0
I994;SUEGLIO;LC;;;;;NO;0*;;;;;;;;;;;;;;;;;;;;;;;;;0
I995;SUELLI;SU;;;;;NO;0*;;;;;;;;;;;;;;;;;;;;;;;;;0
I996;SUELLO;LC;28;22/12/2025;20/01/2026;CONFERMA;SI;0;Esenzione per redditi imponibili fino a euro 7.500,00;,55;Aliquota unica;;;;;;;;;;;;;;;;;;;;;2;7500
I997;SUISIO;BG;;;;;NO;0*;;;;;;;;;;;;;;;;;;;;;;;;;0
I998;SULBIATE;MB;38;29/12/2025;13/01/2026;MODIFICA;SI;0;Esenzione per redditi imponibili fino a euro 15.000,00;,63;Applicabile a scaglione di reddito fino a euro 28.000,00;,79;Applicabile a scaglione di reddito da euro 28.000,01 fino a euro 50.000,00;,8;Applicabile a scaglione di reddito oltre euro 50.000,00;;;;;;;;;;;;;;;;;4;15000
I804;SULMONA;AQ;;;;;NO;0*;;;;;;;;;;;;;;;;;;;;;;;;;0
L002;SULZANO;BS;;;;;NO;0*;;;;;;;;;;;;;;;;;;;;;;;;;0
L003;SUMIRAGO;VA;;;;;NO;0*;;;;;;;;;;;;;;;;;;;;;;;;;0
L004;SUMMONTE;AV;;;;;NO;0*;;;;;;;;;;;;;;;;;;;;;;;;;0
L006;SUNI;OR;;;;;NO;0*;;;;;;;;;;;;;;;;;;;;;;;;;0
L007;SUNO;NO;45;22/12/2025;05/05/2026;DELIBERA ADOTTATA EX ART. 1, COMMA 751, L. 207/2024;SI;0,55;Applicabile a scaglione di reddito fino a euro 15.000,00;,6;Applicabile a scaglione di reddito da euro 15.000,01 fino a euro 28.000,00;,6;Applicabile a scaglione di reddito da euro 28.000,01 fino a euro 50.000,00;,8;Applicabile a scaglione di reddito oltre euro 50.000,00;0;Esenzione per redditi imponibili fino a euro 12.000,00;;;;;;;;;;;;;;;0;0
L008;SUPERSANO;LE;;;;;NO;0*;;;;;;;;;;;;;;;;;;;;;;;;;0
L009;SUPINO;FR;35;29/12/2025;10/03/2026;CONFERMA;NO;0,8;Aliquota unica;;;;;;;;;;;;;;;;;;;;;;;1;0
L010;SURANO;LE;;;;;NO;0*;;;;;;;;;;;;;;;;;;;;;;;;;0
L011;SURBO;LE;127;23/12/2025;14/01/2026;CONFERMA;NO;0,8;Aliquota unica;;;;;;;;;;;;;;;;;;;;;;;1;0
L013;SUSA;TO;;;;;NO;0*;;;;;;;;;;;;;;;;;;;;;;;;;0
L014;SUSEGANA;TV;;;;;NO;0*;;;;;;;;;;;;;;;;;;;;;;;;;0
L015;SUSTINENTE;MN;;;;;NO;0*;;;;;;;;;;;;;;;;;;;;;;;;;0
L016;SUTERA;CL;;;;;NO;0*;;;;;;;;;;;;;;;;;;;;;;;;;0
L017;SUTRI;VT;;;;;NO;0*;;;;;;;;;;;;;;;;;;;;;;;;;0
L018;SUTRIO;UD;104;04/12/2025;12/05/2026;CONFERMA;NO;0,2;Aliquota unica;;;;;;;;;;;;;;;;;;;;;;;1;0
L019;SUVERETO;LI;;;;;NO;0*;;;;;;;;;;;;;;;;;;;;;;;;;0
L020;SUZZARA;MN;;;;;NO;0*;;;;;;;;;;;;;;;;;;;;;;;;;0
L022;TACENO;LC;;;;;NO;0*;;;;;;;;;;;;;;;;;;;;;;;;;0
L023;TADASUNI;OR;;;;;NO;0*;;;;;;;;;;;;;;;;;;;;;;;;;0
L024;TAGGIA;IM;;;;;NO;0*;;;;;;;;;;;;;;;;;;;;;;;;;0
L025;TAGLIACOZZO;AQ;;;;;NO;0*;;;;;;;;;;;;;;;;;;;;;;;;;0
L026;TAGLIO DI PO;RO;;;;;NO;0*;;;;;;;;;;;;;;;;;;;;;;;;;0
L027;TAGLIOLO MONFERRATO;AL;;;;;NO;0*;;;;;;;;;;;;;;;;;;;;;;;;;0
L030;TAIBON AGORDINO;BL;;;;;NO;0*;;;;;;;;;;;;;;;;;;;;;;;;;0
L032;TAINO;VA;39;16/12/2025;14/01/2026;MODIFICA;SI;0;Esenzione per redditi imponibili fino a euro 15.000,00;,8;Aliquota unica;;;;;;;;;;;;;;;;;;;;;2;15000
G736;TAIPANA;UD;24;04/12/2025;08/01/2026;CONFERMA;NO;0,2;Aliquota unica;;;;;;;;;;;;;;;;;;;;;;;1;0
L034;TALAMELLO;RN;;;;;NO;0*;;;;;;;;;;;;;;;;;;;;;;;;;0
L035;TALAMONA;SO;;;;;NO;0*;;;;;;;;;;;;;;;;;;;;;;;;;0
L036;TALANA;NU;;;;;NO;0*;;;;;;;;;;;;;;;;;;;;;;;;;0
L037;TALEGGIO;BG;;;;;NO;0*;;;;;;;;;;;;;;;;;;;;;;;;;0
L038;TALLA;AR;46;18/12/2025;16/01/2026;CONFERMA;NO;0,8;Aliquota unica;;;;;;;;;;;;;;;;;;;;;;;1;0
L039;TALMASSONS;UD;40;16/12/2025;19/01/2026;DELIBERA ADOTTATA EX ART. 1, COMMA 751, L. 207/2024;SI;0,3;Applicabile a scaglione di reddito fino a euro 15.000,00;,5;Applicabile a scaglione di reddito da euro 15.000,01 a euro 28.000,00;,7;Applicabile a scaglione di reddito da euro 28.000,01 a euro 50.000,00;,8;Applicabile a scaglione di reddito da euro 50.000,01;;;;;;;;;;;;;;;;;0;0
L040;TAMBRE;BL;;;;;NO;0*;;;;;;;;;;;;;;;;;;;;;;;;;0
L042;TAORMINA;ME;;;;;NO;0*;;;;;;;;;;;;;;;;;;;;;;;;;0
L046;TARANO;RI;2;26/02/2026;11/03/2026;CONFERMA;NO;0,8;Aliquota unica;;;;;;;;;;;;;;;;;;;;;;;1;0
L047;TARANTA PELIGNA;CH;;;;;NO;0*;;;;;;;;;;;;;;;;;;;;;;;;;0
L048;TARANTASCA;CN;;;;;NO;0*;;;;;;;;;;;;;;;;;;;;;;;;;0
L049;TARANTO;TA;7;28/01/2026;12/03/2026;CONFERMA;NO;0,8;Aliquota unica;;;;;;;;;;;;;;;;;;;;;;;1;0
L050;TARCENTO;UD;;;;;NO;0*;;;;;;;;;;;;;;;;;;;;;;;;;0
D024;TARQUINIA;VT;;;;;NO;0*;;;;;;;;;;;;;;;;;;;;;;;;;0
L055;TARSIA;CS;;;;;NO;0*;;;;;;;;;;;;;;;;;;;;;;;;;0
L056;TARTANO;SO;44;29/12/2025;15/01/2026;CONFERMA;NO;0,2;Aliquota unica;;;;;;;;;;;;;;;;;;;;;;;1;0
L057;TARVISIO;UD;;;;;NO;0*;;;;;;;;;;;;;;;;;;;;;;;;;0
L058;TARZO;TV;;;;;NO;0*;;;;;;;;;;;;;;;;;;;;;;;;;0
L059;TASSAROLO;AL;;;;;NO;0*;;;;;;;;;;;;;;;;;;;;;;;;;0
L061;TAURANO;AV;;;;;NO;0*;;;;;;;;;;;;;;;;;;;;;;;;;0
L062;TAURASI;AV;;;;;NO;0*;;;;;;;;;;;;;;;;;;;;;;;;;0
L063;TAURIANOVA;RC;;;;;NO;0*;;;;;;;;;;;;;;;;;;;;;;;;;0
L064;TAURISANO;LE;;;;;NO;0*;;;;;;;;;;;;;;;;;;;;;;;;;0
L065;TAVAGNACCO;UD;;;;;NO;0*;;;;;;;;;;;;;;;;;;;;;;;;;0
L066;TAVAGNASCO;TO;22;18/12/2025;05/02/2026;MODIFICA;NO;0,7;Aliquota unica;;;;;;;;;;;;;;;;;;;;;;;1;0
F260;TAVAZZANO CON VILLAVESCO;LO;;;;;NO;0*;;;;;;;;;;;;;;;;;;;;;;;;;0
L069;TAVENNA;CB;;;;;NO;0*;;;;;;;;;;;;;;;;;;;;;;;;;0
L070;TAVERNA;CZ;;;;;NO;0*;;;;;;;;;;;;;;;;;;;;;;;;;0
L071;TAVERNERIO;CO;54;17/12/2025;16/01/2026;CONFERMA;SI;0;Esenzione per redditi imponibili fino a euro 7.499,99;,7;Aliquota unica;;;;;;;;;;;;;;;;;;;;;2;7499,99
L073;TAVERNOLA BERGAMASCA;BG;30;30/12/2025;12/01/2026;CONFERMA;NO;0,7;Aliquota unica;;;;;;;;;;;;;;;;;;;;;;;1;0
C698;TAVERNOLE SUL MELLA;BS;;;;;NO;0*;;;;;;;;;;;;;;;;;;;;;;;;;0
L074;TAVIANO;LE;;;;;NO;0*;;;;;;;;;;;;;;;;;;;;;;;;;0
L075;TAVIGLIANO;BI;25;11/12/2025;17/08/2026;CONFERMA;NO;0,65;Aliquota unica;;;;;;;;;;;;;;;;;;;;;;;1;0
L078;TAVOLETO;PU;;;;;NO;0*;;;;;;;;;;;;;;;;;;;;;;;;;0
L081;TAVULLIA;PU;32;30/10/2025;09/01/2026;CONFERMA;SI;0;Esenzione per redditi imponibili fino a euro 9.000,00;,8;Aliquota unica;;;;;;;;;;;;;;;;;;;;;2;9000
L082;TEANA;PZ;;;;;NO;0*;;;;;;;;;;;;;;;;;;;;;;;;;0
L083;TEANO;CE;8;26/02/2026;26/03/2026;CONFERMA;NO;0,8;Aliquota unica;;;;;;;;;;;;;;;;;;;;;;;1;0
D292;TEGGIANO;SA;;;;;NO;0*;;;;;;;;;;;;;;;;;;;;;;;;;0
L084;TEGLIO;SO;28;22/12/2025;09/01/2026;CONFERMA;NO;0,8;Aliquota unica;;;;;;;;;;;;;;;;;;;;;;;1;0
L085;TEGLIO VENETO;VE;;;;;NO;0*;;;;;;;;;;;;;;;;;;;;;;;;;0
L086;TELESE TERME;BN;35;30/12/2025;03/03/2026;CONFERMA;NO;0,8;Aliquota unica;;;;;;;;;;;;;;;;;;;;;;;1;0
L087;TELGATE;BG;22;23/12/2025;01/04/2026;CONFERMA;NO;0,8;Aliquota unica;;;;;;;;;;;;;;;;;;;;;;;1;0
L088;TELTI;SS;;;;;NO;0*;;;;;;;;;;;;;;;;;;;;;;;;;0
L089;TELVE;TN;;;;;NO;0*;;;;;;;;;;;;;;;;;;;;;;;;;0
L090;TELVE DI SOPRA;TN;;;;;NO;0*;;;;;;;;;;;;;;;;;;;;;;;;;0
L093;TEMPIO PAUSANIA;SS;;;;;NO;0*;;;;;;;;;;;;;;;;;;;;;;;;;0
L094;TEMU';BS;;;;;NO;0*;;;;;;;;;;;;;;;;;;;;;;;;;0
L096;TENNA;TN;;;;;NO;0*;;;;;;;;;;;;;;;;;;;;;;;;;0
L097;TENNO;TN;;;;;NO;0*;;;;;;;;;;;;;;;;;;;;;;;;;0
L100;TEOLO;PD;79;30/12/2025;10/03/2026;MODIFICA;SI;0;Esenzione per redditi imponibili fino a euro 10.000,00;,5;Applicabile a scaglione di reddito fino a euro 28.000,00;,7;Applicabile a scaglione di reddito da euro 28.000,01 fino a euro 50.000,00;,8;Applicabile a scaglione di reddito oltre euro 50.000,00;;;;;;;;;;;;;;;;;4;10000
L102;TEORA;AV;26;30/12/2025;02/02/2026;CONFERMA;NO;0,2;Aliquota unica;;;;;;;;;;;;;;;;;;;;;;;1;0
L103;TERAMO;TE;;;;;NO;0*;;;;;;;;;;;;;;;;;;;;;;;;;0
L104;TERDOBBIATE;NO;24;18/12/2025;17/03/2026;CONFERMA;SI;0;Esenzione per redditi imponibili fino a euro 7.500,00;,5;Applicabile a scaglione di reddito fino a euro 28.000,00;,7;Applicabile a scaglione di reddito da euro 28.000,01 fino a euro 50.000,00;,8;Applicabile a scaglione di reddito oltre euro 50.000,00;;;;;;;;;;;;;;;;;4;7500
L105;TERELLE;FR;;;;;NO;0*;;;;;;;;;;;;;;;;;;;;;;;;;0
L106;TERENTO;BZ;;;;;NO;0*;;;;;;;;;;;;;;;;;;;;;;;;;0
E548;TERENZO;PR;;;;;NO;0*;;;;;;;;;;;;;;;;;;;;;;;;;0
M282;TERGU;SS;;;;;NO;0*;;;;;;;;;;;;;;;;;;;;;;;;;0
L108;TERLANO;BZ;;;;;NO;0*;;;;;;;;;;;;;;;;;;;;;;;;;0
L109;TERLIZZI;BA;;;;;NO;0*;;;;;;;;;;;;;;;;;;;;;;;;;0
M210;TERME VIGLIATORE;ME;;;;;NO;0*;;;;;;;;;;;;;;;;;;;;;;;;;0
L111;TERMENO SULLA STRADA DEL VINO.;BZ;;;;;NO;0*;;;;;;;;;;;;;;;;;;;;;;;;;0
L112;TERMINI IMERESE;PA;;;;;NO;0*;;;;;;;;;;;;;;;;;;;;;;;;;0
L113;TERMOLI;CB;;;;;NO;0*;;;;;;;;;;;;;;;;;;;;;;;;;0
L115;TERNATE;VA;22;29/12/2025;21/01/2026;CONFERMA;SI;0;Esenzione per redditi imponibili fino a euro 20.000,00;,5;Aliquota unica;;;;;;;;;;;;;;;;;;;;;2;20000
L116;TERNENGO;BI;;;;;NO;0*;;;;;;;;;;;;;;;;;;;;;;;;;0
L117;TERNI;TR;236;10/12/2025;03/06/2026;CONFERMA;SI;0;Esenzione per redditi imponibili fino a euro 12.500,00;,8;Aliquota unica;;;;;;;;;;;;;;;;;;;;;2;12500
L118;TERNO D'ISOLA;BG;45;29/12/2025;28/01/2026;CONFERMA;SI;0,75;Applicabile a scaglione di reddito fino a euro 28.000,00;,8;Applicabile a scaglione di reddito da euro 28.000,01 fino a euro 50.000,00;,8;Applicabile a scaglione di reddito oltre euro 50.000,00;;;;;;;;;;;;;;;;;;;3;0
L120;TERRACINA;LT;;;;;NO;0*;;;;;;;;;;;;;;;;;;;;;;;;;0
L121;TERRAGNOLO;TN;;;;;NO;0*;;;;;;;;;;;;;;;;;;;;;;;;;0
L122;TERRALBA;OR;;;;;NO;0*;;;;;;;;;;;;;;;;;;;;;;;;;0
L124;TERRANOVA DA SIBARI;CS;;;;;NO;0*;;;;;;;;;;;;;;;;;;;;;;;;;0
L125;TERRANOVA DEI PASSERINI;LO;;;;;NO;0*;;;;;;;;;;;;;;;;;;;;;;;;;0
L126;TERRANOVA DI POLLINO;PZ;;;;;NO;0*;;;;;;;;;;;;;;;;;;;;;;;;;0
L127;TERRANOVA SAPPO MINULIO;RC;;;;;NO;0*;;;;;;;;;;;;;;;;;;;;;;;;;0
L123;TERRANUOVA BRACCIOLINI;AR;;;;;NO;0*;;;;;;;;;;;;;;;;;;;;;;;;;0
L131;TERRASINI;PA;;;;;NO;0*;;;;;;;;;;;;;;;;;;;;;;;;;0
L132;TERRASSA PADOVANA;PD;37;30/12/2025;24/08/2026;CONFERMA;NO;0,8;Aliquota unica;;;;;;;;;;;;;;;;;;;;;;;1;0
L134;TERRAVECCHIA;CS;;;;;NO;0*;;;;;;;;;;;;;;;;;;;;;;;;;0
L136;TERRAZZO;VR;;;;;NO;0*;;;;;;;;;;;;;;;;;;;;;;;;;0
M407;TERRE D'ADIGE;TN;;;;;NO;0*;;;;;;;;;;;;;;;;;;;;;;;;;0
M381;TERRE DEL RENO;FE;;;;;NO;0*;;;;;;;;;;;;;;;;;;;;;;;;;0
M379;TERRE ROVERESCHE;PU;61;13/11/2025;14/07/2026;CONFERMA;NO;0,7;Aliquota unica;;;;;;;;;;;;;;;;;;;;;;;1;0
L138;TERRICCIOLA;PI;;;;;NO;0*;;;;;;;;;;;;;;;;;;;;;;;;;0
L139;TERRUGGIA;AL;33;09/12/2025;12/02/2026;CONFERMA;NO;0,8;Aliquota unica;;;;;;;;;;;;;;;;;;;;;;;1;0
L140;TERTENIA;NU;;;;;NO;0*;;;;;;;;;;;;;;;;;;;;;;;;;0
L142;TERZIGNO;NA;;;;;NO;0*;;;;;;;;;;;;;;;;;;;;;;;;;0
L143;TERZO;AL;;;;;NO;0*;;;;;;;;;;;;;;;;;;;;;;;;;0
L144;TERZO DI AQUILEIA;UD;;;;;NO;0*;;;;;;;;;;;;;;;;;;;;;;;;;0
L145;TERZOLAS;TN;;;;;NO;0*;;;;;;;;;;;;;;;;;;;;;;;;;0
L146;TERZORIO;IM;24;27/11/2025;09/02/2026;CONFERMA;NO;0,8;Aliquota unica;;;;;;;;;;;;;;;;;;;;;;;1;0
L147;TESERO;TN;;;;;NO;0*;;;;;;;;;;;;;;;;;;;;;;;;;0
L149;TESIMO;BZ;;;;;NO;0*;;;;;;;;;;;;;;;;;;;;;;;;;0
L150;TESSENNANO;VT;;;;;NO;0*;;;;;;;;;;;;;;;;;;;;;;;;;0
L152;TESTICO;SV;;;;;NO;0*;;;;;;;;;;;;;;;;;;;;;;;;;0
L153;TETI;NU;;;;;NO;0*;;;;;;;;;;;;;;;;;;;;;;;;;0
L154;TEULADA;SU;30;07/11/2025;07/01/2026;MODIFICA;SI;0,45;Applicabile a scaglione di reddito fino a euro 28.000,00;,6;Applicabile a scaglione di reddito da euro 28.000,01 fino a euro 50.000,00;,7;Applicabile a scaglione di reddito oltre euro 50.000,00;;;;;;;;;;;;;;;;;;;3;0
L155;TEVEROLA;CE;;;;;NO;0*;;;;;;;;;;;;;;;;;;;;;;;;;0
L156;TEZZE SUL BRENTA;VI;45;26/11/2025;14/01/2026;CONFERMA;NO;0,8;Aliquota unica;;;;;;;;;;;;;;;;;;;;;;;1;0
L157;THIENE;VI;50;17/12/2025;20/01/2026;CONFERMA;SI;0;Esenzione per redditi imponibili fino a euro 10.000,00;,8;Aliquota unica;;;;;;;;;;;;;;;;;;;;;2;10000
L158;THIESI;SS;;;;;NO;0*;;;;;;;;;;;;;;;;;;;;;;;;;0
L160;TIANA;NU;;;;;NO;0*;;;;;;;;;;;;;;;;;;;;;;;;;0
L164;TICENGO;CR;19;17/12/2025;09/01/2026;MODIFICA;SI;0,8;Aliquota unica;0;Esenzione per redditi da pensione fino a 15.000,00 euro;;;;;;;;;;;;;;;;;;;;;5;0
L165;TICINETO;AL;22;22/12/2025;08/06/2026;CONFERMA;NO;0,8;Aliquota unica;;;;;;;;;;;;;;;;;;;;;;;1;0
L166;TIGGIANO;LE;;;;;NO;0*;;;;;;;;;;;;;;;;;;;;;;;;;0
L167;TIGLIETO;GE;35;29/12/2025;09/02/2026;CONFERMA;NO;0,75;Aliquota unica;;;;;;;;;;;;;;;;;;;;;;;1;0
L168;TIGLIOLE;AT;;;;;NO;0*;;;;;;;;;;;;;;;;;;;;;;;;;0
L169;TIGNALE;BS;34;30/12/2025;11/02/2026;CONFERMA;SI;0;Esenzione per redditi imponibili fino a euro 10.000,00;,4;Applicabile a scaglione di reddito fino a euro 28.000,00;,6;Applicabile a scaglione di reddito da euro 28.000,01 fino a euro 50.000,00;,8;Applicabile a scaglione di reddito oltre euro 50.000,00;;;;;;;;;;;;;;;;;4;10000
L172;TINNURA;OR;;;;;NO;0*;;;;;;;;;;;;;;;;;;;;;;;;;0
L173;TIONE DEGLI ABRUZZI;AQ;;;;;NO;0*;;;;;;;;;;;;;;;;;;;;;;;;;0
L174;TIONE DI TRENTO;TN;;;;;NO;0*;;;;;;;;;;;;;;;;;;;;;;;;;0
L175;TIRANO;SO;;;;;NO;0*;;;;;;;;;;;;;;;;;;;;;;;;;0
L176;TIRES;BZ;;;;;NO;0*;;;;;;;;;;;;;;;;;;;;;;;;;0
L177;TIRIOLO;CZ;56;23/12/2025;26/02/2026;CONFERMA;NO;0,8;Aliquota unica;;;;;;;;;;;;;;;;;;;;;;;1;0
L178;TIROLO;BZ;;;;;NO;0*;;;;;;;;;;;;;;;;;;;;;;;;;0
L180;TISSI;SS;;;;;NO;0*;;;;;;;;;;;;;;;;;;;;;;;;;0
L181;TITO;PZ;3;24/01/2026;12/03/2026;CONFERMA;NO;0,8;Aliquota unica;;;;;;;;;;;;;;;;;;;;;;;1;0
L182;TIVOLI;RM;;;;;NO;0*;;;;;;;;;;;;;;;;;;;;;;;;;0
L183;TIZZANO VAL PARMA;PR;;;;;NO;0*;;;;;;;;;;;;;;;;;;;;;;;;;0
L184;TOANO;RE;;;;;NO;0*;;;;;;;;;;;;;;;;;;;;;;;;;0
L185;TOCCO CAUDIO;BN;;;;;NO;0*;;;;;;;;;;;;;;;;;;;;;;;;;0
L186;TOCCO DA CASAURIA;PE;;;;;NO;0*;;;;;;;;;;;;;;;;;;;;;;;;;0
L187;TOCENO;VB;;;;;NO;0*;;;;;;;;;;;;;;;;;;;;;;;;;0
L188;TODI;PG;64;30/12/2025;22/05/2026;MODIFICA;SI;0;Esenzione per redditi imponibili fino a euro 11.000,00;,59;Applicabile a scaglione di reddito fino a euro 28.000,00;,6;Applicabile a scaglione di reddito da euro 28.000,01 fino a euro 50.000,00;,61;Applicabile a scaglione di reddito oltre euro 50.000,00;;;;;;;;;;;;;;;;;4;11000
L189;TOFFIA;RI;;;;;NO;0*;;;;;;;;;;;;;;;;;;;;;;;;;0
L190;TOIRANO;SV;;;;;NO;0*;;;;;;;;;;;;;;;;;;;;;;;;;0
L191;TOLENTINO;MC;9;26/02/2026;10/04/2026;CONFERMA;SI;0;Esenzione per redditi imponibili fino a euro 7.500,00;,8;Aliquota unica;;;;;;;;;;;;;;;;;;;;;2;7500
L192;TOLFA;RM;2;21/01/2026;13/02/2026;MODIFICA;NO;0,7;Aliquota unica;;;;;;;;;;;;;;;;;;;;;;;1;0
L193;TOLLEGNO;BI;;;;;NO;0*;;;;;;;;;;;;;;;;;;;;;;;;;0
L194;TOLLO;CH;;;;;NO;0*;;;;;;;;;;;;;;;;;;;;;;;;;0
L195;TOLMEZZO;UD;;;;;NO;0*;;;;;;;;;;;;;;;;;;;;;;;;;0
L197;TOLVE;PZ;;;;;NO;0*;;;;;;;;;;;;;;;;;;;;;;;;;0
L199;TOMBOLO;PD;27;12/11/2025;16/01/2026;CONFERMA;SI;0;Esenzione per redditi imponibili fino a euro 15.000,00;,6;Aliquota unica;;;;;;;;;;;;;;;;;;;;;2;15000
L200;TON;TN;;;;;NO;0*;;;;;;;;;;;;;;;;;;;;;;;;;0
L202;TONARA;NU;;;;;NO;0*;;;;;;;;;;;;;;;;;;;;;;;;;0
L203;TONCO;AT;31;16/12/2025;07/01/2026;CONFERMA;NO;0,7;Aliquota unica;;;;;;;;;;;;;;;;;;;;;;;1;0
D717;TONEZZA DEL CIMONE;VI;;;;;NO;0*;;;;;;;;;;;;;;;;;;;;;;;;;0
L205;TORA E PICCILLI;CE;;;;;NO;0*;;;;;;;;;;;;;;;;;;;;;;;;;0
L206;TORANO CASTELLO;CS;7;26/02/2026;28/05/2026;CONFERMA;NO;0,8;Aliquota unica;;;;;;;;;;;;;;;;;;;;;;;1;0
L207;TORANO NUOVO;TE;2;19/02/2026;29/04/2026;MODIFICA;NO;0,8;Aliquota unica;;;;;;;;;;;;;;;;;;;;;;;1;0
L210;TORBOLE CASAGLIA;BS;27;17/12/2025;15/01/2026;CONFERMA;SI;0;Esenzione per redditi imponibili fino a euro 15.000,00;,6;Applicabile a scaglione di reddito fino a euro 28.000,00;,72;Applicabile a scaglione di reddito da euro 28.000,01 fino a euro 50.000,00;,8;Applicabile a scaglione di reddito oltre euro 50.000,00;;;;;;;;;;;;;;;;;4;15000
L211;TORCEGNO;TN;;;;;NO;0*;;;;;;;;;;;;;;;;;;;;;;;;;0
L212;TORCHIARA;SA;;;;;NO;0*;;;;;;;;;;;;;;;;;;;;;;;;;0
L213;TORCHIAROLO;BR;27;29/12/2025;08/01/2026;CONFERMA;NO;0,8;Aliquota unica;;;;;;;;;;;;;;;;;;;;;;;1;0
L214;TORELLA DEI LOMBARDI;AV;3;19/02/2026;09/03/2026;MODIFICA;NO;0,5;Aliquota unica;;;;;;;;;;;;;;;;;;;;;;;1;0
L215;TORELLA DEL SANNIO;CB;5;27/02/2026;25/03/2026;CONFERMA;NO;0,3;Aliquota unica;;;;;;;;;;;;;;;;;;;;;;;1;0
L216;TORGIANO;PG;;;;;NO;0*;;;;;;;;;;;;;;;;;;;;;;;;;0
L217;TORGNON;AO;;;;;NO;0*;;;;;;;;;;;;;;;;;;;;;;;;;0
L219;TORINO;TO;;;;;NO;0*;;;;;;;;;;;;;;;;;;;;;;;;;0
L218;TORINO DI SANGRO;CH;;;;;NO;0*;;;;;;;;;;;;;;;;;;;;;;;;;0
L220;TORITTO;BA;;;;;NO;0*;;;;;;;;;;;;;;;;;;;;;;;;;0
L221;TORLINO VIMERCATI;CR;;;;;NO;0*;;;;;;;;;;;;;;;;;;;;;;;;;0
L223;TORNACO;NO;3;05/03/2026;12/03/2026;CONFERMA;NO;0,6;Aliquota unica;;;;;;;;;;;;;;;;;;;;;;;1;0
L224;TORNARECCIO;CH;;;;;NO;0*;;;;;;;;;;;;;;;;;;;;;;;;;0
L225;TORNATA;CR;;;;;NO;0*;;;;;;;;;;;;;;;;;;;;;;;;;0
L227;TORNIMPARTE;AQ;;;;;NO;0*;;;;;;;;;;;;;;;;;;;;;;;;;0
L228;TORNO;CO;;;;;NO;0*;;;;;;;;;;;;;;;;;;;;;;;;;0
L229;TORNOLO;PR;;;;;NO;0*;;;;;;;;;;;;;;;;;;;;;;;;;0
L230;TORO;CB;;;;;NO;0*;;;;;;;;;;;;;;;;;;;;;;;;;0
L231;TORPE';NU;;;;;NO;0*;;;;;;;;;;;;;;;;;;;;;;;;;0
L233;TORRACA;SA;;;;;NO;0*;;;;;;;;;;;;;;;;;;;;;;;;;0
L235;TORRALBA;SS;;;;;NO;0*;;;;;;;;;;;;;;;;;;;;;;;;;0
L237;TORRAZZA COSTE;PV;;;;;NO;0*;;;;;;;;;;;;;;;;;;;;;;;;;0
L238;TORRAZZA PIEMONTE;TO;;;;;NO;0*;;;;;;;;;;;;;;;;;;;;;;;;;0
L239;TORRAZZO;BI;22;12/12/2025;22/01/2026;CONFERMA;NO;0,7;Aliquota unica;;;;;;;;;;;;;;;;;;;;;;;1;0
L245;TORRE ANNUNZIATA;NA;8;05/02/2026;16/02/2026;CONFERMA;SI;0,8;Aliquota unica;0;Esenzione per redditi da pensione non superiori a euro 7.500,00;;;;;;;;;;;;;;;;;;;;;5;0
L250;TORRE BERETTI E CASTELLARO;PV;35;18/12/2025;27/02/2026;CONFERMA;SI;0;Esenzione per redditi imponibili fino a euro 15.000,00;,8;Aliquota unica;;;;;;;;;;;;;;;;;;;;;2;15000
L251;TORRE BOLDONE;BG;36;16/12/2025;15/01/2026;MODIFICA;SI;0;Esenzione per redditi imponibili fino a euro 11.000,00;,8;Aliquota unica;;;;;;;;;;;;;;;;;;;;;2;11000
L252;TORRE BORMIDA;CN;;;;;NO;0*;;;;;;;;;;;;;;;;;;;;;;;;;0
L243;TORRE CAJETANI;FR;24;30/12/2025;06/08/2026;CONFERMA;NO;0,8;Aliquota unica;;;;;;;;;;;;;;;;;;;;;;;1;0
L247;TORRE CANAVESE;TO;20;18/12/2025;15/01/2026;CONFERMA;NO;0,7;Aliquota unica;;;;;;;;;;;;;;;;;;;;;;;1;0
L256;TORRE D'ARESE;PV;;;;;NO;0*;;;;;;;;;;;;;;;;;;;;;;;;;0
L257;TORRE DE' BUSI;BG;24;22/12/2025;12/01/2026;CONFERMA;SI;0;Esenzione per redditi imponibili fino a euro 11.000,00;,8;Aliquota unica;;;;;;;;;;;;;;;;;;;;;2;11000
L262;TORRE DE' NEGRI;PV;39;18/12/2025;03/02/2026;CONFERMA;SI;0;Esenzione per redditi imponibili fino a euro 12.000,00;,8;Aliquota unica;;;;;;;;;;;;;;;;;;;;;2;12000
L263;TORRE DE' PASSERI;PE;30;18/12/2025;30/04/2026;CONFERMA;NO;0,7;Aliquota unica;;;;;;;;;;;;;;;;;;;;;;;1;0
L258;TORRE DE' PICENARDI;CR;;;;;NO;0*;;;;;;;;;;;;;;;;;;;;;;;;;0
L265;TORRE DE' ROVERI;BG;24;24/11/2025;02/01/2026;CONFERMA;SI;0;Esenzione per redditi imponibili fino a euro 15.000,00;,6;Applicabile a scaglione di reddito fino a euro 28.000,00;,76;Applicabile a scaglione di reddito da euro 28.000,01 fino a euro 50.000,00;,8;Applicabile a scaglione di reddito oltre euro 50.000,00;;;;;;;;;;;;;;;;;4;15000
L259;TORRE DEL GRECO;NA;191;26/11/2025;06/03/2026;CONFERMA;NO;0,8;Aliquota unica;;;;;;;;;;;;;;;;;;;;;;;1;0
L267;TORRE DI MOSTO;VE;;;;;NO;0*;;;;;;;;;;;;;;;;;;;;;;;;;0
L240;TORRE DI RUGGIERO;CZ;;;;;NO;0*;;;;;;;;;;;;;;;;;;;;;;;;;0
L244;TORRE DI SANTA MARIA;SO;;;;;NO;0*;;;;;;;;;;;;;;;;;;;;;;;;;0
L269;TORRE D'ISOLA;PV;;;;;NO;0*;;;;;;;;;;;;;;;;;;;;;;;;;0
L272;TORRE LE NOCELLE;AV;;;;;NO;0*;;;;;;;;;;;;;;;;;;;;;;;;;0
L241;TORRE MONDOVI';CN;20;30/12/2025;30/01/2026;CONFERMA;NO;0,7;Aliquota unica;;;;;;;;;;;;;;;;;;;;;;;1;0
L274;TORRE ORSAIA;SA;;;;;NO;0*;;;;;;;;;;;;;;;;;;;;;;;;;0
L276;TORRE PALLAVICINA;BG;23;13/12/2025;15/01/2026;CONFERMA;NO;0,7;Aliquota unica;;;;;;;;;;;;;;;;;;;;;;;1;0
L277;TORRE PELLICE;TO;49;15/12/2025;09/02/2026;CONFERMA;SI;0;Esenzione per redditi imponibili fino a euro 7.499,99;,8;Aliquota unica;;;;;;;;;;;;;;;;;;;;;2;7499,99
L278;TORRE SAN GIORGIO;CN;;;;;NO;0*;;;;;;;;;;;;;;;;;;;;;;;;;0
L279;TORRE SAN PATRIZIO;FM;;;;;NO;0*;;;;;;;;;;;;;;;;;;;;;;;;;0
L280;TORRE SANTA SUSANNA;BR;;;;;NO;0*;;;;;;;;;;;;;;;;;;;;;;;;;0
L246;TORREANO;UD;35;23/12/2025;24/07/2026;CONFERMA;NO;0,45;Aliquota unica;;;;;;;;;;;;;;;;;;;;;;;1;0
L248;TORREBELVICINO;VI;;;;;NO;0*;;;;;;;;;;;;;;;;;;;;;;;;;0
L253;TORREBRUNA;CH;;;;;NO;0*;;;;;;;;;;;;;;;;;;;;;;;;;0
L254;TORRECUSO;BN;;;;;NO;0*;;;;;;;;;;;;;;;;;;;;;;;;;0
L270;TORREGLIA;PD;;;;;NO;0*;;;;;;;;;;;;;;;;;;;;;;;;;0
L271;TORREGROTTA;ME;;;;;NO;0*;;;;;;;;;;;;;;;;;;;;;;;;;0
L273;TORREMAGGIORE;FG;51;29/12/2025;04/02/2026;CONFERMA;SI;0;Esenzione per redditi imponibili fino a euro 9.999,99;,6;Aliquota unica;;;;;;;;;;;;;;;;;;;;;2;9999,99
M286;TORRENOVA;ME;;;;;NO;0*;;;;;;;;;;;;;;;;;;;;;;;;;0
L281;TORRESINA;CN;;;;;NO;0*;;;;;;;;;;;;;;;;;;;;;;;;;0
L282;TORRETTA;PA;;;;;NO;0*;;;;;;;;;;;;;;;;;;;;;;;;;0
L285;TORREVECCHIA PIA;PV;;;;;NO;0*;;;;;;;;;;;;;;;;;;;;;;;;;0
L284;TORREVECCHIA TEATINA;CH;;;;;NO;0*;;;;;;;;;;;;;;;;;;;;;;;;;0
L287;TORRI DEL BENACO;VR;61;17/12/2025;09/01/2026;CONFERMA;NO;0,8;Aliquota unica;;;;;;;;;;;;;;;;;;;;;;;1;0
L297;TORRI DI QUARTESOLO;VI;68;23/12/2025;03/03/2026;CONFERMA;SI;0;Esenzione per redditi imponibili fino a euro 12.000,00;,8;Aliquota unica;;;;;;;;;;;;;;;;;;;;;2;12000
L286;TORRI IN SABINA;RI;19;18/12/2025;05/01/2026;MODIFICA;SI;0;Esenzione per redditi imponibili fino a euro 8.500,00;,8;Aliquota unica;;;;;;;;;;;;;;;;;;;;;2;8500
L290;TORRICE;FR;;;;;NO;0*;;;;;;;;;;;;;;;;;;;;;;;;;0
L294;TORRICELLA;TA;43;27/11/2025;08/01/2026;CONFERMA;NO;0,8;Aliquota unica;;;;;;;;;;;;;;;;;;;;;;;1;0
L296;TORRICELLA DEL PIZZO;CR;;;;;NO;0*;;;;;;;;;;;;;;;;;;;;;;;;;0
L293;TORRICELLA IN SABINA;RI;;;;;NO;0*;;;;;;;;;;;;;;;;;;;;;;;;;0
L291;TORRICELLA PELIGNA;CH;;;;;NO;0*;;;;;;;;;;;;;;;;;;;;;;;;;0
L295;TORRICELLA SICURA;TE;25;23/10/2025;06/02/2026;CONFERMA;NO;0,8;Aliquota unica;;;;;;;;;;;;;;;;;;;;;;;1;0
L292;TORRICELLA VERZATE;PV;26;22/12/2025;13/01/2026;CONFERMA;SI;0;Esenzione per redditi imponibili fino a euro 8.500,00;,65;Applicabile a scaglione di reddito fino a euro 28.000,00;,7;Applicabile a scaglione di reddito da euro 28.000,01 fino a euro 50.000,00;,8;Applicabile a scaglione di reddito oltre euro 50.000,00;;;;;;;;;;;;;;;;;4;8500
L298;TORRIGLIA;GE;;;;;NO;0*;;;;;;;;;;;;;;;;;;;;;;;;;0
L299;TORRILE;PR;;;;;NO;0*;;;;;;;;;;;;;;;;;;;;;;;;;0
L301;TORRIONI;AV;;;;;NO;0*;;;;;;;;;;;;;;;;;;;;;;;;;0
L303;TORRITA DI SIENA;SI;;;;;NO;0*;;;;;;;;;;;;;;;;;;;;;;;;;0
L302;TORRITA TIBERINA;RM;;;;;NO;0*;;;;;;;;;;;;;;;;;;;;;;;;;0
A355;TORTOLI';NU;;;;;NO;0*;;;;;;;;;;;;;;;;;;;;;;;;;0
L304;TORTONA;AL;60;23/12/2025;12/01/2026;CONFERMA;NO;0,8;Aliquota unica;;;;;;;;;;;;;;;;;;;;;;;1;0
L305;TORTORA;CS;;;;;NO;0*;;;;;;;;;;;;;;;;;;;;;;;;;0
L306;TORTORELLA;SA;;;;;NO;0*;;;;;;;;;;;;;;;;;;;;;;;;;0
L307;TORTORETO;TE;;;;;NO;0*;;;;;;;;;;;;;;;;;;;;;;;;;0
L308;TORTORICI;ME;;;;;NO;0*;;;;;;;;;;;;;;;;;;;;;;;;;0
L309;TORVISCOSA;UD;;;;;NO;0*;;;;;;;;;;;;;;;;;;;;;;;;;0
L312;TOSCOLANO-MADERNO;BS;;;;;NO;0*;;;;;;;;;;;;;;;;;;;;;;;;;0
L314;TOSSICIA;TE;5;10/02/2026;07/04/2026;CONFERMA;NO;0,4;Aliquota unica;;;;;;;;;;;;;;;;;;;;;;;1;0
L316;TOVO DI SANT'AGATA;SO;;;;;NO;0*;;;;;;;;;;;;;;;;;;;;;;;;;0
L315;TOVO SAN GIACOMO;SV;;;;;NO;0*;;;;;;;;;;;;;;;;;;;;;;;;;0
L317;TRABIA;PA;;;;;NO;0*;;;;;;;;;;;;;;;;;;;;;;;;;0
L319;TRADATE;VA;;;;;NO;0*;;;;;;;;;;;;;;;;;;;;;;;;;0
L321;TRAMATZA;OR;22;03/10/2025;21/08/2026;CONFERMA;NO;0,4;Aliquota unica;;;;;;;;;;;;;;;;;;;;;;;1;0
L322;TRAMBILENO;TN;;;;;NO;0*;;;;;;;;;;;;;;;;;;;;;;;;;0
L323;TRAMONTI;SA;;;;;NO;0*;;;;;;;;;;;;;;;;;;;;;;;;;0
L324;TRAMONTI DI SOPRA;PN;;;;;NO;0*;;;;;;;;;;;;;;;;;;;;;;;;;0
L325;TRAMONTI DI SOTTO;PN;;;;;NO;0*;;;;;;;;;;;;;;;;;;;;;;;;;0
L326;TRAMUTOLA;PZ;;;;;NO;0*;;;;;;;;;;;;;;;;;;;;;;;;;0
L327;TRANA;TO;;;;;NO;0*;;;;;;;;;;;;;;;;;;;;;;;;;0
L328;TRANI;BT;;;;;NO;0*;;;;;;;;;;;;;;;;;;;;;;;;;0
L330;TRAONA;SO;37;23/12/2025;07/01/2026;MODIFICA;SI;0;Esenzione per redditi imponibili fino a euro 20.000,00;,7;Aliquota unica;;;;;;;;;;;;;;;;;;;;;2;20000
L331;TRAPANI;TP;;;;;NO;0*;;;;;;;;;;;;;;;;;;;;;;;;;0
L332;TRAPPETO;PA;;;;;NO;0*;;;;;;;;;;;;;;;;;;;;;;;;;0
L333;TRAREGO VIGGIONA;VB;;;;;NO;0*;;;;;;;;;;;;;;;;;;;;;;;;;0
L334;TRASACCO;AQ;;;;;NO;0*;;;;;;;;;;;;;;;;;;;;;;;;;0
L335;TRASAGHIS;UD;;;;;NO;0*;;;;;;;;;;;;;;;;;;;;;;;;;0
L336;TRASQUERA;VB;;;;;NO;0*;;;;;;;;;;;;;;;;;;;;;;;;;0
L337;TRATALIAS;SU;;;;;NO;0*;;;;;;;;;;;;;;;;;;;;;;;;;0
I236;TRAVACO' SICCOMARIO;PV;46;29/12/2025;26/03/2026;MODIFICA;NO;0,8;Aliquota unica;;;;;;;;;;;;;;;;;;;;;;;1;0
L339;TRAVAGLIATO;BS;;;;;NO;0*;;;;;;;;;;;;;;;;;;;;;;;;;0
L342;TRAVEDONA-MONATE;VA;;;;;NO;0*;;;;;;;;;;;;;;;;;;;;;;;;;0
L345;TRAVERSELLA;TO;;;;;NO;0*;;;;;;;;;;;;;;;;;;;;;;;;;0
L346;TRAVERSETOLO;PR;;;;;NO;0*;;;;;;;;;;;;;;;;;;;;;;;;;0
L340;TRAVES;TO;35;17/12/2025;07/01/2026;MODIFICA;NO;0,8;Aliquota unica;;;;;;;;;;;;;;;;;;;;;;;1;0
L347;TRAVESIO;PN;;;;;NO;0*;;;;;;;;;;;;;;;;;;;;;;;;;0
L348;TRAVO;PC;57;16/12/2025;15/01/2026;CONFERMA;SI;0;Esenzione per redditi imponibili fino a euro 9.999,99;,7;Aliquota unica;;;;;;;;;;;;;;;;;;;;;2;9999,99
M361;TRE VILLE;TN;;;;;NO;0*;;;;;;;;;;;;;;;;;;;;;;;;;0
L349;TREBASELEGHE;PD;;;;;NO;0*;;;;;;;;;;;;;;;;;;;;;;;;;0
L353;TREBISACCE;CS;50;29/12/2025;26/01/2026;CONFERMA;NO;0,8;Aliquota unica;;;;;;;;;;;;;;;;;;;;;;;1;0
M280;TRECASE;NA;8;27/02/2026;20/03/2026;CONFERMA;SI;0,8;Aliquota unica;0;Esenzione per coloro che risultano titolari di un reddito di pensione il cui imponibile IRPEF è inferiore o uguale a € 8.000,00;;;;;;;;;;;;;;;;;;;;;5;0
L355;TRECASTAGNI;CT;7;23/02/2026;08/05/2026;CONFERMA;NO;0,8;Aliquota unica;;;;;;;;;;;;;;;;;;;;;;;1;0
M318;TRECASTELLI;AN;53;19/12/2025;20/07/2026;CONFERMA;SI;0;Esenzione per redditi imponibili fino a euro 10.000,00;,8;Aliquota unica;;;;;;;;;;;;;;;;;;;;;2;10000
L356;TRECATE;NO;31;18/12/2025;13/03/2026;CONFERMA;SI;0;Esenzione per redditi imponibili fino a euro 8.500,00;,8;Aliquota unica;;;;;;;;;;;;;;;;;;;;;2;8500
L357;TRECCHINA;PZ;47;29/12/2025;07/04/2026;CONFERMA;NO;0,3;Aliquota unica;;;;;;;;;;;;;;;;;;;;;;;1;0
L359;TRECENTA;RO;35;23/12/2025;27/01/2026;CONFERMA;SI;0;Esenzione per redditi imponibili fino a euro 10.000,00;,8;Aliquota unica;;;;;;;;;;;;;;;;;;;;;2;10000
L361;TREDOZIO;FC;3;13/01/2026;17/03/2026;CONFERMA;SI;0;Esenzione per redditi imponibili fino a euro 13.000,00;,8;Aliquota unica;;;;;;;;;;;;;;;;;;;;;2;13000
L363;TREGLIO;CH;36;22/12/2025;04/05/2026;CONFERMA;NO;0,7;Aliquota unica;;;;;;;;;;;;;;;;;;;;;;;1;0
L364;TREGNAGO;VR;47;22/12/2025;04/02/2026;CONFERMA;NO;0,8;Aliquota unica;;;;;;;;;;;;;;;;;;;;;;;1;0
L366;TREIA;MC;;;;;NO;0*;;;;;;;;;;;;;;;;;;;;;;;;;0
L367;TREISO;CN;37;23/12/2025;08/01/2026;CONFERMA;NO;0,7;Aliquota unica;;;;;;;;;;;;;;;;;;;;;;;1;0
L369;TREMESTIERI ETNEO;CT;;;;;NO;0*;;;;;;;;;;;;;;;;;;;;;;;;;0
M341;TREMEZZINA;CO;42;19/12/2025;03/02/2026;CONFERMA;SI;0;Esenzione per redditi imponibili fino a euro 15.000,00;,2;Applicabile a scaglione di reddito fino a euro 28.000,00;,4;Applicabile a scaglione di reddito da euro 28.000,01 fino a euro 50.000,00;,8;Applicabile a scaglione di reddito oltre euro 50.000,00;;;;;;;;;;;;;;;;;4;15000
L372;TREMOSINE SUL GARDA;BS;;;;;NO;0*;;;;;;;;;;;;;;;;;;;;;;;;;0
L377;TRENTINARA;SA;;;;;NO;0*;;;;;;;;;;;;;;;;;;;;;;;;;0
L378;TRENTO;TN;;;;;NO;0*;;;;;;;;;;;;;;;;;;;;;;;;;0
L379;TRENTOLA DUCENTA;CE;;;;;NO;0*;;;;;;;;;;;;;;;;;;;;;;;;;0
L380;TRENZANO;BS;33;15/12/2025;02/01/2026;ISTITUISCE;SI;0;Esenzione per redditi imponibili fino a euro 28.000,00;,25;Aliquota unica;;;;;;;;;;;;;;;;;;;;;2;28000
L382;TREPPO GRANDE;UD;37;23/12/2025;13/01/2026;MODIFICA;SI;0;Esenzione per redditi imponibili fino a euro 7.500,00;,67;Applicabile a scaglione di reddito fino a euro 28.000,00;,77;Applicabile a scaglione di reddito da euro 28.000,01 fino a euro 50.000,00;,8;Applicabile a scaglione di reddito oltre euro 50.000,00;;;;;;;;;;;;;;;;;4;7500
M399;TREPPO LIGOSULLO;UD;;;;;NO;0*;;;;;;;;;;;;;;;;;;;;;;;;;0
L383;TREPUZZI;LE;;;;;NO;0*;;;;;;;;;;;;;;;;;;;;;;;;;0
L384;TREQUANDA;SI;;;;;NO;0*;;;;;;;;;;;;;;;;;;;;;;;;;0
L386;TRESANA;MS;6;25/02/2026;02/03/2026;CONFERMA;NO;0,6;Aliquota unica;;;;;;;;;;;;;;;;;;;;;;;1;0
L388;TRESCORE BALNEARIO;BG;31;16/12/2025;03/04/2026;CONFERMA;NO;0,6;Aliquota unica;;;;;;;;;;;;;;;;;;;;;;;1;0
L389;TRESCORE CREMASCO;CR;33;28/11/2025;10/02/2026;MODIFICA;NO;0,8;Aliquota unica;;;;;;;;;;;;;;;;;;;;;;;1;0
M409;TRESIGNANA;FE;;;;;NO;0*;;;;;;;;;;;;;;;;;;;;;;;;;0
L392;TRESIVIO;SO;24;17/12/2025;27/07/2026;CONFERMA;NO;0,6;Aliquota unica;;;;;;;;;;;;;;;;;;;;;;;1;0
L393;TRESNURAGHES;OR;;;;;NO;0*;;;;;;;;;;;;;;;;;;;;;;;;;0
L396;TREVENZUOLO;VR;;;;;NO;0*;;;;;;;;;;;;;;;;;;;;;;;;;0
L397;TREVI;PG;32;23/12/2025;24/04/2026;CONFERMA;SI;0;Esenzione per redditi imponibili fino a euro 9.000,00;,79;Aliquota unica;;;;;;;;;;;;;;;;;;;;;2;9000
L398;TREVI NEL LAZIO;FR;;;;;NO;0*;;;;;;;;;;;;;;;;;;;;;;;;;0
L399;TREVICO;AV;;;;;NO;0*;;;;;;;;;;;;;;;;;;;;;;;;;0
L400;TREVIGLIO;BG;;;;;NO;0*;;;;;;;;;;;;;;;;;;;;;;;;;0
L402;TREVIGNANO;TV;;;;;NO;0*;;;;;;;;;;;;;;;;;;;;;;;;;0
L401;TREVIGNANO ROMANO;RM;43;09/12/2025;20/03/2026;CONFERMA;SI;0;Esenzione per redditi imponibili fino a euro 10.000,00;,8;Aliquota unica;;;;;;;;;;;;;;;;;;;;;2;10000
L403;TREVILLE;AL;33;15/12/2025;09/01/2026;CONFERMA;NO;0,7;Aliquota unica;;;;;;;;;;;;;;;;;;;;;;;1;0
L404;TREVIOLO;BG;;;;;NO;0*;;;;;;;;;;;;;;;;;;;;;;;;;0
L407;TREVISO;TV;105;19/12/2024;16/03/2026;CONFERMA;SI;0;Esenzione per redditi imponibili fino a euro 16.000,00;,8;Aliquota unica;;;;;;;;;;;;;;;;;;;;;2;16000
L406;TREVISO BRESCIANO;BS;24;22/12/2025;12/02/2026;CONFERMA;NO;0,7;Aliquota unica;;;;;;;;;;;;;;;;;;;;;;;1;0
L408;TREZZANO ROSA;MI;;;;;NO;0*;;;;;;;;;;;;;;;;;;;;;;;;;0
L409;TREZZANO SUL NAVIGLIO;MI;;;;;NO;0*;;;;;;;;;;;;;;;;;;;;;;;;;0
L411;TREZZO SULL'ADDA;MI;44;17/12/2025;26/01/2026;MODIFICA;SI;0;Esenzione per redditi imponibili fino a euro 15.000,00;,4;Applicabile a scaglione di reddito fino a euro 28.000,00;,6;Applicabile a scaglione di reddito da euro 28.000,01 fino a euro 50.000,00;,7;Applicabile a scaglione di reddito oltre euro 50.000,00;;;;;;;;;;;;;;;;;4;15000
L410;TREZZO TINELLA;CN;;;;;NO;0*;;;;;;;;;;;;;;;;;;;;;;;;;0
L413;TREZZONE;CO;;;;;NO;0*;;;;;;;;;;;;;;;;;;;;;;;;;0
L414;TRIBANO;PD;36;22/12/2025;19/01/2026;CONFERMA;SI;0;Esenzione per redditi imponibili fino a euro 6.000,00;,7;Aliquota unica;;;;;;;;;;;;;;;;;;;;;2;6000
L415;TRIBIANO;MI;;;;;NO;0*;;;;;;;;;;;;;;;;;;;;;;;;;0
L416;TRIBOGNA;GE;19;22/12/2025;09/01/2026;CONFERMA;NO;0,5;Aliquota unica;;;;;;;;;;;;;;;;;;;;;;;1;0
L418;TRICARICO;MT;2;21/02/2026;18/03/2026;CONFERMA;NO;0,8;Aliquota unica;;;;;;;;;;;;;;;;;;;;;;;1;0
L419;TRICASE;LE;;;;;NO;0*;;;;;;;;;;;;;;;;;;;;;;;;;0
L420;TRICERRO;VC;;;;;NO;0*;;;;;;;;;;;;;;;;;;;;;;;;;0
L421;TRICESIMO;UD;61;29/12/2025;27/01/2026;DELIBERA ADOTTATA EX ART. 1, COMMA 751, L. 207/2024;SI;0,4;Applicabile a scaglione di reddito fino a euro 15.000,00;,5;Applicabile a scaglione di reddito da euro 15.000,01 fino a euro 28.000,00;,6;Applicabile a scaglione di reddito da euro 28.000,01 fino a euro 50.000,00;,8;Applicabile a scaglione di reddito oltre euro 50.000,00;0;Esenzione per redditi imponibili fino a euro 15.000,00;;;;;;;;;;;;;;;0;0
L423;TRIEI;NU;;;;;NO;0*;;;;;;;;;;;;;;;;;;;;;;;;;0
L424;TRIESTE;TS;;;;;NO;0*;;;;;;;;;;;;;;;;;;;;;;;;;0
L425;TRIGGIANO;BA;;;;;NO;0*;;;;;;;;;;;;;;;;;;;;;;;;;0
L426;TRIGOLO;CR;25;28/11/2025;12/05/2026;MODIFICA;SI;0;Esenzione per redditi imponibili fino a euro 15.000,00;,8;Aliquota unica;;;;;;;;;;;;;;;;;;;;;2;15000
L427;TRINITA';CN;20;17/12/2025;15/01/2026;DELIBERA ADOTTATA EX ART. 1, COMMA 751, L. 207/2024;SI;0,4;Applicabile a scaglione di reddito fino a euro 15.000,00;,45;Applicabile a  scaglione di reddito da euro 15.000,01 fino a euro 28.000,00;,5;Applicabile a scaglione di reddito da euro 28.000,01 fino a euro 50.000,00;,65;Applicabile a scaglione di reddito oltre euro 50.000,00;;;;;;;;;;;;;;;;;0;0
L428;TRINITA' D'AGULTU E VIGNOLA;SS;;;;;NO;0*;;;;;;;;;;;;;;;;;;;;;;;;;0
B915;TRINITAPOLI;BT;;;;;NO;0*;;;;;;;;;;;;;;;;;;;;;;;;;0
L429;TRINO;VC;;;;;NO;0*;;;;;;;;;;;;;;;;;;;;;;;;;0
L430;TRIORA;IM;;;;;NO;0*;;;;;;;;;;;;;;;;;;;;;;;;;0
L431;TRIPI - ABAKAINON;ME;;;;;NO;0*;;;;;;;;;;;;;;;;;;;;;;;;;0
L432;TRISOBBIO;AL;;;;;NO;0*;;;;;;;;;;;;;;;;;;;;;;;;;0
L433;TRISSINO;VI;;;;;NO;0*;;;;;;;;;;;;;;;;;;;;;;;;;0
L434;TRIUGGIO;MB;;;;;NO;0*;;;;;;;;;;;;;;;;;;;;;;;;;0
L435;TRIVENTO;CB;;;;;NO;0*;;;;;;;;;;;;;;;;;;;;;;;;;0
L437;TRIVIGLIANO;FR;;;;;NO;0*;;;;;;;;;;;;;;;;;;;;;;;;;0
L438;TRIVIGNANO UDINESE;UD;;;;;NO;0*;;;;;;;;;;;;;;;;;;;;;;;;;0
L439;TRIVIGNO;PZ;;;;;NO;0*;;;;;;;;;;;;;;;;;;;;;;;;;0
L440;TRIVOLZIO;PV;;;;;NO;0*;;;;;;;;;;;;;;;;;;;;;;;;;0
L444;TRODENA NEL PARCO NATURALE;BZ;;;;;NO;0*;;;;;;;;;;;;;;;;;;;;;;;;;0
L445;TROFARELLO;TO;56;18/12/2025;08/01/2026;CONFERMA;SI;0;Esenzione per redditi imponibili fino a euro 15.000,00;,8;Aliquota unica;;;;;;;;;;;;;;;;;;;;;2;15000
L447;TROIA;FG;3;26/02/2026;18/03/2026;CONFERMA;NO;0,5;Aliquota unica;;;;;;;;;;;;;;;;;;;;;;;1;0
L448;TROINA;EN;;;;;NO;0*;;;;;;;;;;;;;;;;;;;;;;;;;0
L449;TROMELLO;PV;;;;;NO;0*;;;;;;;;;;;;;;;;;;;;;;;;;0
L450;TRONTANO;VB;31;15/12/2025;24/07/2026;CONFERMA;SI;0;Esenzione per redditi imponibili fino a euro 8.900,00;,8;Aliquota unica;;;;;;;;;;;;;;;;;;;;;2;8900
A705;TRONZANO LAGO MAGGIORE;VA;;;;;NO;0*;;;;;;;;;;;;;;;;;;;;;;;;;0
L451;TRONZANO VERCELLESE;VC;32;23/12/2025;12/01/2026;CONFERMA;SI;0;Esenzione per redditi imponibili fino a euro 10.000,00;,8;Aliquota unica;;;;;;;;;;;;;;;;;;;;;2;10000
L452;TROPEA;VV;;;;;NO;0*;;;;;;;;;;;;;;;;;;;;;;;;;0
L453;TROVO;PV;36;16/12/2025;17/08/2026;CONFERMA;SI;0;Esenzione per redditi imponibili fino a euro 8.000,00;,5;Applicabile a scaglione di reddito fino a euro 28.000,00;,7;Applicabile a scaglione di reddito da euro 28.000,01 fino a euro 50.000,00;,8;Applicabile a scaglione di reddito oltre euro 50.000,00;;;;;;;;;;;;;;;;;4;8000
L454;TRUCCAZZANO;MI;59;18/12/2025;07/07/2026;CONFERMA;SI;0;Esenzione per redditi imponibili fino a euro 10.000,00;,8;Aliquota unica;;;;;;;;;;;;;;;;;;;;;2;10000
L455;TUBRE;BZ;;;;;NO;0*;;;;;;;;;;;;;;;;;;;;;;;;;0
L458;TUFARA;CB;30;24/12/2025;13/07/2026;CONFERMA;NO;0,5;Aliquota unica;;;;;;;;;;;;;;;;;;;;;;;1;0
L459;TUFILLO;CH;;;;;NO;0*;;;;;;;;;;;;;;;;;;;;;;;;;0
L460;TUFINO;NA;;;;;NO;0*;;;;;;;;;;;;;;;;;;;;;;;;;0
L461;TUFO;AV;18;22/12/2025;22/01/2026;CONFERMA;NO;0,8;Aliquota unica;;;;;;;;;;;;;;;;;;;;;;;1;0
L462;TUGLIE;LE;;;;;NO;0*;;;;;;;;;;;;;;;;;;;;;;;;;0
L463;TUILI;SU;;;;;NO;0*;;;;;;;;;;;;;;;;;;;;;;;;;0
L464;TULA;SS;;;;;NO;0*;;;;;;;;;;;;;;;;;;;;;;;;;0
L466;TUORO SUL TRASIMENO;PG;;;;;NO;0*;;;;;;;;;;;;;;;;;;;;;;;;;0
G507;TURANIA;RI;20;29/12/2025;09/06/2026;CONFERMA;NO;0,4;Aliquota unica;;;;;;;;;;;;;;;;;;;;;;;1;0
L469;TURANO LODIGIANO;LO;;;;;NO;0*;;;;;;;;;;;;;;;;;;;;;;;;;0
L470;TURATE;CO;;;;;NO;0*;;;;;;;;;;;;;;;;;;;;;;;;;0
L471;TURBIGO;MI;53;29/12/2025;05/03/2026;CONFERMA;SI;0;Esenzione per redditi imponibili fino a euro 10.000,00;,7;Aliquota unica;;;;;;;;;;;;;;;;;;;;;2;10000
L472;TURI;BA;59;22/12/2025;03/06/2026;CONFERMA;SI;0;Esenzione per redditi imponibili fino a euro 10.000,00;,8;Aliquota unica;;;;;;;;;;;;;;;;;;;;;2;10000
L473;TURRI;SU;;;;;NO;0*;;;;;;;;;;;;;;;;;;;;;;;;;0
L474;TURRIACO;GO;31;15/12/2025;07/01/2026;ISTITUISCE;SI;0;Esenzione per redditi imponibili fino a euro 18.000,00;,5;Aliquota unica;;;;;;;;;;;;;;;;;;;;;2;18000
L475;TURRIVALIGNANI;PE;;;;;NO;0*;;;;;;;;;;;;;;;;;;;;;;;;;0
L477;TURSI;MT;;;;;NO;0*;;;;;;;;;;;;;;;;;;;;;;;;;0
L478;TUSA;ME;;;;;NO;0*;;;;;;;;;;;;;;;;;;;;;;;;;0
L310;TUSCANIA;VT;;;;;NO;0*;;;;;;;;;;;;;;;;;;;;;;;;;0
C789;UBIALE CLANEZZO;BG;4;24/02/2026;08/06/2026;MODIFICA;NO;0,6;Aliquota unica;;;;;;;;;;;;;;;;;;;;;;;1;0
L480;UBOLDO;VA;50;22/12/2025;16/01/2026;CONFERMA;SI;0;Esenzione per redditi imponibili fino a euro 12.500,00;,7;Applicabile a scaglione di reddito fino a euro 28.000,00;,7;Applicabile a scaglione di reddito da euro 28.000,01 fino a euro 50.000,00;,75;Applicabile a scaglione di reddito oltre euro 50.000,00;;;;;;;;;;;;;;;;;4;12500
L482;UCRIA;ME;;;;;NO;0*;;;;;;;;;;;;;;;;;;;;;;;;;0
L483;UDINE;UD;;;;;NO;0*;;;;;;;;;;;;;;;;;;;;;;;;;0
L484;UGENTO;LE;;;;;NO;0*;;;;;;;;;;;;;;;;;;;;;;;;;0
L485;UGGIANO LA CHIESA;LE;;;;;NO;0*;;;;;;;;;;;;;;;;;;;;;;;;;0
M435;UGGIATE CON RONAGO;CO;;;;;NO;0*;;;;;;;;;;;;;;;;;;;;;;;;;0
L488;ULA' TIRSO;OR;;;;;NO;0*;;;;;;;;;;;;;;;;;;;;;;;;;0
L489;ULASSAI;NU;;;;;NO;0*;;;;;;;;;;;;;;;;;;;;;;;;;0
L490;ULTIMO;BZ;;;;;NO;0*;;;;;;;;;;;;;;;;;;;;;;;;;0
D786;UMBERTIDE;PG;42;18/12/2025;07/01/2026;CONFERMA;SI;0;Esenzione per redditi imponibili fino a euro 13.000,00;,75;Applicabile a scaglione di reddito fino a euro 28.000,00;,77;Applicabile a scaglione di reddito da euro 28.000,01 fino a euro 50.000,00;,78;Applicabile a scaglione di reddito oltre euro 50.000,00;;;;;;;;;;;;;;;;;4;13000
L492;UMBRIATICO;KR;;;;;NO;0*;;;;;;;;;;;;;;;;;;;;;;;;;0
L494;URAGO D'OGLIO;BS;;;;;NO;0*;;;;;;;;;;;;;;;;;;;;;;;;;0
L496;URAS;OR;44;09/12/2025;26/01/2026;CONFERMA;NO;0,4;Aliquota unica;;;;;;;;;;;;;;;;;;;;;;;1;0
L497;URBANA;PD;;;;;NO;0*;;;;;;;;;;;;;;;;;;;;;;;;;0
L498;URBANIA;PU;66;18/12/2025;30/01/2026;CONFERMA;NO;0,8;Aliquota unica;;;;;;;;;;;;;;;;;;;;;;;1;0
L499;URBE;SV;;;;;NO;0*;;;;;;;;;;;;;;;;;;;;;;;;;0
L500;URBINO;PU;4;09/01/2026;28/01/2026;CONFERMA;SI;0;Esenzione per redditi imponibili fino a euro 8.000,00;,8;Aliquota unica;;;;;;;;;;;;;;;;;;;;;2;8000
L501;URBISAGLIA;MC;;;;;NO;0*;;;;;;;;;;;;;;;;;;;;;;;;;0
L502;URGNANO;BG;;;;;NO;0*;;;;;;;;;;;;;;;;;;;;;;;;;0
L503;URI;SS;6;21/01/2026;03/02/2026;CONFERMA;SI;0;Esenzione per redditi imponibili fino a euro 10.000,00;,55;Aliquota unica;;;;;;;;;;;;;;;;;;;;;2;10000
L505;URURI;CB;42;18/12/2025;17/02/2026;CONFERMA;NO;0,6;Aliquota unica;;;;;;;;;;;;;;;;;;;;;;;1;0
L506;URZULEI;NU;;;;;NO;0*;;;;;;;;;;;;;;;;;;;;;;;;;0
L507;USCIO;GE;32;22/12/2025;06/03/2026;CONFERMA;NO;0,8;Aliquota unica;;;;;;;;;;;;;;;;;;;;;;;1;0
L508;USELLUS;OR;;;;;NO;0*;;;;;;;;;;;;;;;;;;;;;;;;;0
L509;USINI;SS;37;24/11/2025;04/02/2026;CONFERMA;SI;0;Esenzione per redditi imponibili fino a euro 10.000,00;,6;Aliquota unica;;;;;;;;;;;;;;;;;;;;;2;10000
L511;USMATE VELATE;MB;45;18/12/2025;15/01/2026;DELIBERA ADOTTATA EX ART. 1, COMMA 751, L. 207/2024;SI;0,55;Applicabile a scaglione di reddito fino a euro 15.000,00 ;,7;Applicabile a scaglione di reddito da euro 15.000,01 fino ad euro 28.000,00;,75;Applicabile a scaglione di reddito da euro 28.000,01 fino a euro 50.000,00;,8;Applicabile a scaglione di reddito oltre euro 50.000,00 ;0;Esenzione per redditi imponibili fino a euro 20.000,00;;;;;;;;;;;;;;;0;0
L512;USSANA;SU;;;;;NO;0*;;;;;;;;;;;;;;;;;;;;;;;;;0
L513;USSARAMANNA;SU;93;04/12/2025;04/08/2026;CONFERMA;NO;0,1;Aliquota unica;;;;;;;;;;;;;;;;;;;;;;;1;0
L514;USSASSAI;NU;;;;;NO;0*;;;;;;;;;;;;;;;;;;;;;;;;;0
L515;USSEAUX;TO;;;;;NO;0*;;;;;;;;;;;;;;;;;;;;;;;;;0
L516;USSEGLIO;TO;;;;;NO;0*;;;;;;;;;;;;;;;;;;;;;;;;;0
L517;USSITA;MC;3;24/02/2026;17/08/2026;CONFERMA;SI;0;Esenzione per redditi imponibili fino a euro 9.999,99;,8;Aliquota unica;;;;;;;;;;;;;;;;;;;;;2;9999,99
L519;USTICA;PA;;;;;NO;0*;;;;;;;;;;;;;;;;;;;;;;;;;0
L521;UTA;CA;62;30/12/2025;06/02/2026;CONFERMA;SI;0,57;Applicabile a scaglione di reddito fino a euro 28.000,00;,58;Applicabile a scaglione di reddito da euro 28.000,01 fino a euro 50.000,00;,59;Applicabile a scaglione di reddito oltre euro 50.000,00;;;;;;;;;;;;;;;;;;;3;0
L522;UZZANO;PT;;;;;NO;0*;;;;;;;;;;;;;;;;;;;;;;;;;0
L524;VACCARIZZO ALBANESE;CS;;;;;NO;0*;;;;;;;;;;;;;;;;;;;;;;;;;0
L525;VACONE;RI;23;28/11/2025;23/02/2026;CONFERMA;NO;0,8;Aliquota unica;;;;;;;;;;;;;;;;;;;;;;;1;0
L526;VACRI;CH;35;23/12/2025;31/07/2026;CONFERMA;NO;0,8;Aliquota unica;;;;;;;;;;;;;;;;;;;;;;;1;0
L527;VADENA;BZ;;;;;NO;0*;;;;;;;;;;;;;;;;;;;;;;;;;0
L528;VADO LIGURE;SV;47;26/11/2025;07/01/2026;MODIFICA;SI;0;Esenzione per redditi imponibili fino a euro 15.000,00;,65;Applicabile a scaglione di reddito fino a euro 28.000,00;,7;Applicabile a scaglione di reddito da euro 28.000,01 fino a euro 50.000,00;,8;Applicabile a scaglione di reddito oltre euro 50.000,00;;;;;;;;;;;;;;;;;4;15000
L533;VAGLI SOTTO;LU;5;22/01/2026;27/01/2026;NON APPLICA;NO;0;Aliquota unica;;;;;;;;;;;;;;;;;;;;;;;1;0
L529;VAGLIA;FI;;;;;NO;0*;;;;;;;;;;;;;;;;;;;;;;;;;0
L532;VAGLIO BASILICATA;PZ;33;22/12/2025;03/06/2026;CONFERMA;SI;0;Esenzione per redditi imponibili fino a euro 10.000,00;,6;Aliquota unica;;;;;;;;;;;;;;;;;;;;;2;10000
L531;VAGLIO SERRA;AT;;;;;NO;0*;;;;;;;;;;;;;;;;;;;;;;;;;0
L537;VAIANO;PO;;;;;NO;0*;;;;;;;;;;;;;;;;;;;;;;;;;0
L535;VAIANO CREMASCO;CR;50;19/12/2025;15/05/2026;CONFERMA;SI;0;Esenzione per redditi imponibili fino a euro 8.000,00;,8;Aliquota unica;;;;;;;;;;;;;;;;;;;;;2;8000
L538;VAIE;TO;;;;;NO;0*;;;;;;;;;;;;;;;;;;;;;;;;;0
L539;VAILATE;CR;53;16/12/2025;03/08/2026;CONFERMA;SI;0;Esenzione per redditi imponibili fino a euro 15.000,00;,43;Applicabile a scaglione di reddito fino a euro 28.000,00;,46;Applicabile a scaglione di reddito da euro 28.000,01 fino a euro 50.000,00;,48;Applicabile a scaglione di reddito oltre euro 50.000,00;;;;;;;;;;;;;;;;;4;15000
L540;VAIRANO PATENORA;CE;;;;;NO;0*;;;;;;;;;;;;;;;;;;;;;;;;;0
M265;VAJONT;PN;;;;;NO;0*;;;;;;;;;;;;;;;;;;;;;;;;;0
M334;VAL BREMBILLA;BG;;;;;NO;0*;;;;;;;;;;;;;;;;;;;;;;;;;0
L555;VAL DELLA TORRE;TO;;;;;NO;0*;;;;;;;;;;;;;;;;;;;;;;;;;0
M405;VAL DI CHY;TO;;;;;NO;0*;;;;;;;;;;;;;;;;;;;;;;;;;0
L562;VAL DI NIZZA;PV;;;;;NO;0*;;;;;;;;;;;;;;;;;;;;;;;;;0
L564;VAL DI VIZZE;BZ;;;;;NO;0*;;;;;;;;;;;;;;;;;;;;;;;;;0
M374;VAL DI ZOLDO;BL;;;;;NO;0*;;;;;;;;;;;;;;;;;;;;;;;;;0
M384;VAL LIONA;VI;45;18/12/2025;05/08/2026;CONFERMA;NO;0,7;Aliquota unica;;;;;;;;;;;;;;;;;;;;;;;1;0
L638;VAL MASINO;SO;;;;;NO;0*;;;;;;;;;;;;;;;;;;;;;;;;;0
H259;VAL REZZO;CO;;;;;NO;0*;;;;;;;;;;;;;;;;;;;;;;;;;0
L544;VALBONDIONE;BG;;;;;NO;0*;;;;;;;;;;;;;;;;;;;;;;;;;0
L545;VALBREMBO;BG;50;11/12/2025;11/08/2026;CONFERMA;NO;0,8;Aliquota unica;;;;;;;;;;;;;;;;;;;;;;;1;0
M423;VALBRENTA;VI;46;22/12/2025;07/01/2026;CONFERMA;SI;0;Esenzione per redditi imponibili fino a euro 15.000,00;,5;Aliquota unica;;;;;;;;;;;;;;;;;;;;;2;15000
L546;VALBREVENNA;GE;;;;;NO;0*;;;;;;;;;;;;;;;;;;;;;;;;;0
L547;VALBRONA;CO;;;;;NO;0*;;;;;;;;;;;;;;;;;;;;;;;;;0
M415;VALCHIUSA;TO;;;;;NO;0*;;;;;;;;;;;;;;;;;;;;;;;;;0
L551;VALDAGNO;VI;;;;;NO;0*;;;;;;;;;;;;;;;;;;;;;;;;;0
M343;VALDAONE;TN;;;;;NO;0*;;;;;;;;;;;;;;;;;;;;;;;;;0
L552;VALDAORA;BZ;;;;;NO;0*;;;;;;;;;;;;;;;;;;;;;;;;;0
L554;VALDASTICO;VI;;;;;NO;0*;;;;;;;;;;;;;;;;;;;;;;;;;0
L556;VALDENGO;BI;;;;;NO;0*;;;;;;;;;;;;;;;;;;;;;;;;;0
G319;VALDERICE;TP;;;;;NO;0*;;;;;;;;;;;;;;;;;;;;;;;;;0
L557;VALDIDENTRO;SO;;;;;NO;0*;;;;;;;;;;;;;;;;;;;;;;;;;0
L558;VALDIERI;CN;47;30/12/2025;29/04/2026;CONFERMA;NO;0,5;Aliquota unica;;;;;;;;;;;;;;;;;;;;;;;1;0
M417;VALDILANA;BI;;;;;NO;0*;;;;;;;;;;;;;;;;;;;;;;;;;0
L561;VALDINA;ME;;;;;NO;0*;;;;;;;;;;;;;;;;;;;;;;;;;0
L563;VALDISOTTO;SO;52;23/12/2025;13/01/2026;CONFERMA;NO;0,45;Aliquota unica;;;;;;;;;;;;;;;;;;;;;;;1;0
L565;VALDOBBIADENE;TV;;;;;NO;0*;;;;;;;;;;;;;;;;;;;;;;;;;0
L566;VALDUGGIA;VC;25;18/12/2025;15/01/2026;CONFERMA;NO;0,8;Aliquota unica;;;;;;;;;;;;;;;;;;;;;;;1;0
L568;VALEGGIO;PV;;;;;NO;0*;;;;;;;;;;;;;;;;;;;;;;;;;0
L567;VALEGGIO SUL MINCIO;VR;;;;;NO;0*;;;;;;;;;;;;;;;;;;;;;;;;;0
L569;VALENTANO;VT;;;;;NO;0*;;;;;;;;;;;;;;;;;;;;;;;;;0
L570;VALENZA;AL;;;;;NO;0*;;;;;;;;;;;;;;;;;;;;;;;;;0
L571;VALENZANO;BA;;;;;NO;0*;;;;;;;;;;;;;;;;;;;;;;;;;0
L572;VALERA FRATTA;LO;2;02/02/2026;16/04/2026;MODIFICA;SI;0;Esenzione per redditi imponibili fino a euro 20.000,00;,75;Aliquota unica;;;;;;;;;;;;;;;;;;;;;2;20000
L573;VALFABBRICA;PG;21;29/12/2025;03/02/2026;DELIBERA ADOTTATA EX ART. 1, COMMA 751, L. 207/2024;SI;0,7;Applicabile a scaglione di reddito fino a euro 15.000;,75;Applicabile a scaglione di reddito da euro 15.001 fino a euro 28.000;,78;Applicabile a scaglione di reddito da euro 28.001 fino a euro 50.000;,8;Applicabile a scaglione di reddito oltre euro 50.001;0;Esenzione per redditi imponibili fino a euro 12.000,00;;;;;;;;;;;;;;;0;0
L574;VALFENERA;AT;;;;;NO;0*;;;;;;;;;;;;;;;;;;;;;;;;;0
L575;VALFLORIANA;TN;;;;;NO;0*;;;;;;;;;;;;;;;;;;;;;;;;;0
M382;VALFORNACE;MC;43;15/12/2025;15/01/2026;CONFERMA;SI;0;Esenzione per redditi imponibili fino a euro 7.500,00;,7;Aliquota unica;;;;;;;;;;;;;;;;;;;;;2;7500
L576;VALFURVA;SO;;;;;NO;0*;;;;;;;;;;;;;;;;;;;;;;;;;0
L577;VALGANNA;VA;3;26/02/2026;08/04/2026;CONFERMA;SI;0;Esenzione per redditi imponibili fino a euro 10.000,00;,8;Aliquota unica;;;;;;;;;;;;;;;;;;;;;2;10000
L578;VALGIOIE;TO;;;;;NO;0*;;;;;;;;;;;;;;;;;;;;;;;;;0
L579;VALGOGLIO;BG;33;29/11/2025;05/01/2026;MODIFICA;NO;0,7;Aliquota unica;;;;;;;;;;;;;;;;;;;;;;;1;0
L580;VALGRANA;CN;;;;;NO;0*;;;;;;;;;;;;;;;;;;;;;;;;;0
L581;VALGREGHENTINO;LC;;;;;NO;0*;;;;;;;;;;;;;;;;;;;;;;;;;0
L582;VALGRISENCHE;AO;;;;;NO;0*;;;;;;;;;;;;;;;;;;;;;;;;;0
L583;VALGUARNERA CAROPEPE;EN;;;;;NO;0*;;;;;;;;;;;;;;;;;;;;;;;;;0
L584;VALLADA AGORDINA;BL;3;08/06/2026;23/06/2026;ATTO OLTRE TERMINE - ALIQUOTE APPLICABILI PER IL 2026 IN QUANTO CONFERMATE;NO;0,7;Aliquota unica;;;;;;;;;;;;;;;;;;;;;;;1;0
L586;VALLANZENGO;BI;17;11/12/2025;08/01/2026;CONFERMA;NO;0,8;Aliquota unica;;;;;;;;;;;;;;;;;;;;;;;1;0
L588;VALLARSA;TN;;;;;NO;0*;;;;;;;;;;;;;;;;;;;;;;;;;0
L589;VALLATA;AV;21;11/12/2025;11/03/2026;CONFERMA;NO;0,4;Aliquota unica;;;;;;;;;;;;;;;;;;;;;;;1;0
L594;VALLE AGRICOLA;CE;7;25/02/2026;02/03/2026;CONFERMA;NO;0,8;Aliquota unica;;;;;;;;;;;;;;;;;;;;;;;1;0
L595;VALLE AURINA;BZ;;;;;NO;0*;;;;;;;;;;;;;;;;;;;;;;;;;0
M404;VALLE CANNOBINA;VB;;;;;NO;0*;;;;;;;;;;;;;;;;;;;;;;;;;0
L597;VALLE CASTELLANA;TE;;;;;NO;0*;;;;;;;;;;;;;;;;;;;;;;;;;0
G540;VALLE DELL'ANGELO;SA;1;26/02/2026;06/03/2026;CONFERMA;NO;0,2;Aliquota unica;;;;;;;;;;;;;;;;;;;;;;;1;0
L590;VALLE DI CADORE;BL;35;29/12/2025;21/01/2026;CONFERMA;SI;0;Esenzione per redditi imponibili fino a euro 15.000,00;,7;Aliquota unica;;;;;;;;;;;;;;;;;;;;;2;15000
L601;VALLE DI CASIES;BZ;;;;;NO;0*;;;;;;;;;;;;;;;;;;;;;;;;;0
L591;VALLE DI MADDALONI;CE;;;;;NO;0*;;;;;;;;;;;;;;;;;;;;;;;;;0
L593;VALLE LOMELLINA;PV;;;;;NO;0*;;;;;;;;;;;;;;;;;;;;;;;;;0
L617;VALLE SALIMBENE;PV;;;;;NO;0*;;;;;;;;;;;;;;;;;;;;;;;;;0
L620;VALLE SAN NICOLAO;BI;;;;;NO;0*;;;;;;;;;;;;;;;;;;;;;;;;;0
L596;VALLEBONA;IM;19;15/12/2025;19/02/2026;CONFERMA;NO;0,8;Aliquota unica;;;;;;;;;;;;;;;;;;;;;;;1;0
L598;VALLECORSA;FR;;;;;NO;0*;;;;;;;;;;;;;;;;;;;;;;;;;0
L599;VALLECROSIA AL MARE;IM;72;17/12/2025;07/01/2026;CONFERMA;NO;0,8;Aliquota unica;;;;;;;;;;;;;;;;;;;;;;;1;0
L603;VALLEDOLMO;PA;;;;;NO;0*;;;;;;;;;;;;;;;;;;;;;;;;;0
L604;VALLEDORIA;SS;;;;;NO;0*;;;;;;;;;;;;;;;;;;;;;;;;;0
I322;VALLEFIORITA;CZ;;;;;NO;0*;;;;;;;;;;;;;;;;;;;;;;;;;0
M331;VALLEFOGLIA;PU;34;20/11/2025;07/01/2026;CONFERMA;SI;0;Esenzione per redditi imponibili fino a euro 9.000,00;,8;Aliquota unica;;;;;;;;;;;;;;;;;;;;;2;9000
M362;VALLELAGHI;TN;;;;;NO;0*;;;;;;;;;;;;;;;;;;;;;;;;;0
L607;VALLELONGA;VV;3;04/03/2026;31/03/2026;ISTITUISCE;NO;0,8;Aliquota unica;;;;;;;;;;;;;;;;;;;;;;;1;0
L609;VALLELUNGA PRATAMENO;CL;;;;;NO;0*;;;;;;;;;;;;;;;;;;;;;;;;;0
L605;VALLEMAIO;FR;;;;;NO;0*;;;;;;;;;;;;;;;;;;;;;;;;;0
L611;VALLEPIETRA;RM;;;;;NO;0*;;;;;;;;;;;;;;;;;;;;;;;;;0
L612;VALLERANO;VT;;;;;NO;0*;;;;;;;;;;;;;;;;;;;;;;;;;0
L613;VALLERMOSA;SU;;;;;NO;0*;;;;;;;;;;;;;;;;;;;;;;;;;0
L614;VALLEROTONDA;FR;;;;;NO;0*;;;;;;;;;;;;;;;;;;;;;;;;;0
L616;VALLESACCARDA;AV;;;;;NO;0*;;;;;;;;;;;;;;;;;;;;;;;;;0
L623;VALLEVE;BG;28;28/12/2025;15/05/2026;CONFERMA;SI;0;Esenzione per redditi imponibili fino a euro 5.000,00;,8;Aliquota unica;;;;;;;;;;;;;;;;;;;;;2;5000
L624;VALLI DEL PASUBIO;VI;;;;;NO;0*;;;;;;;;;;;;;;;;;;;;;;;;;0
L625;VALLINFREDA;RM;24;13/12/2025;02/01/2026;CONFERMA;NO;0,6;Aliquota unica;;;;;;;;;;;;;;;;;;;;;;;1;0
L626;VALLIO TERME;BS;18;22/12/2025;16/01/2026;CONFERMA;SI;0;Esenzione per redditi imponibili fino a euro 11.999,99;,8;Aliquota unica;;;;;;;;;;;;;;;;;;;;;2;11999,99
L628;VALLO DELLA LUCANIA;SA;6;20/02/2026;15/05/2026;CONFERMA;SI;0;Esenzione per redditi imponibili fino a euro 9.999,99;,8;Aliquota unica;;;;;;;;;;;;;;;;;;;;;2;9999,99
L627;VALLO DI NERA;PG;;;;;NO;0*;;;;;;;;;;;;;;;;;;;;;;;;;0
L629;VALLO TORINESE;TO;25;25/11/2025;04/06/2026;CONFERMA;SI;0;Esenzione per redditi imponibili fino a euro 10.000,00;,35;Applicabile a scaglione di reddito fino a euro 28.000,00;,45;Applicabile a scaglione di reddito da euro 28.000,01 fino a euro 50.000,00;,7;Applicabile a scaglione di reddito oltre euro 50.000,00;;;;;;;;;;;;;;;;;4;10000
L631;VALLORIATE;CN;27;22/12/2025;22/01/2026;CONFERMA;NO;0,2;Aliquota unica;;;;;;;;;;;;;;;;;;;;;;;1;0
L633;VALMACCA;AL;38;22/12/2025;16/01/2026;CONFERMA;NO;0,8;Aliquota unica;;;;;;;;;;;;;;;;;;;;;;;1;0
L634;VALMADRERA;LC;44;29/12/2025;31/03/2026;MODIFICA;SI;0;Esenzione per redditi imponibili fino a euro 15.000,00;,6;Applicabile a scaglione di reddito fino a euro 28.000,00;,78;Applicabile a scaglione di reddito da euro 28.000,01 fino a euro 50.000,00;,8;Applicabile a scaglione di reddito oltre euro 50.000,00;;;;;;;;;;;;;;;;;4;15000
L639;VALMONTONE;RM;;;;;NO;0*;;;;;;;;;;;;;;;;;;;;;;;;;0
L640;VALMOREA;CO;;;;;NO;0*;;;;;;;;;;;;;;;;;;;;;;;;;0
L641;VALMOZZOLA;PR;;;;;NO;0*;;;;;;;;;;;;;;;;;;;;;;;;;0
L642;VALNEGRA;BG;19;19/12/2025;21/01/2026;CONFERMA;NO;0,8;Aliquota unica;;;;;;;;;;;;;;;;;;;;;;;1;0
L643;VALPELLINE;AO;;;;;NO;0*;;;;;;;;;;;;;;;;;;;;;;;;;0
L644;VALPERGA;TO;25;20/12/2025;04/02/2026;DELIBERA ADOTTATA EX ART. 1, COMMA 751, L. 207/2024;SI;0,4;Applicabile a  scaglione di reddito fino a euro 15.000,00;,5;Applicabile a scaglione di reddito da euro 15.000,01 fino a euro 28.000,00;,7;Applicabile a scaglione di reddito da euro 28.000,01 fino a euro 50.000,00;,75;Applicabile a scaglione di reddito oltre euro 50.000,00;0;Esenzione per redditi imponibili fino a euro 15.000,00;;;;;;;;;;;;;;;0;0
B510;VALPRATO SOANA;TO;;;;;NO;0*;;;;;;;;;;;;;;;;;;;;;;;;;0
M320;VALSAMOGGIA;BO;158;17/12/2025;26/01/2026;MODIFICA;SI;0;Esenzione per redditi imponibili fino a euro 10.000,00;,7;Applicabile a scaglione di reddito fino a euro 28.000,00;,78;Applicabile a scaglione di reddito da euro 28.000,01 fino a euro 50.000,00;,8;Applicabile a scaglione di reddito oltre euro 50.000,00;;;;;;;;;;;;;;;;;4;10000
L647;VALSAVARENCHE;AO;;;;;NO;0*;;;;;;;;;;;;;;;;;;;;;;;;;0
D513;VALSINNI;MT;;;;;NO;0*;;;;;;;;;;;;;;;;;;;;;;;;;0
C936;VALSOLDA;CO;;;;;NO;0*;;;;;;;;;;;;;;;;;;;;;;;;;0
L651;VALSTRONA;VB;27;17/12/2025;29/01/2026;CONFERMA;SI;0;Esenzione per redditi imponibili fino a euro 8.000,00;,75;Aliquota unica;;;;;;;;;;;;;;;;;;;;;2;8000
L653;VALTOPINA;PG;42;27/11/2025;17/04/2026;CONFERMA;SI;0;Esenzione per redditi imponibili fino a euro 12.000,00;,78;Applicabile a scaglione di reddito fino a euro 28.000,00;,79;Applicabile a scaglione di reddito da euro 28.000,01 fino a euro 50.000,00;,8;Applicabile a scaglione di reddito oltre euro 50.000,00;;;;;;;;;;;;;;;;;4;12000
L655;VALTORTA;BG;3;24/01/2026;08/05/2026;CONFERMA;NO;0,45;Aliquota unica;;;;;;;;;;;;;;;;;;;;;;;1;0
L654;VALTOURNENCHE;AO;;;;;NO;0*;;;;;;;;;;;;;;;;;;;;;;;;;0
L656;VALVA;SA;;;;;NO;0*;;;;;;;;;;;;;;;;;;;;;;;;;0
M395;VALVARRONE;LC;;;;;NO;0*;;;;;;;;;;;;;;;;;;;;;;;;;0
M346;VALVASONE ARZENE;PN;48;30/12/2025;19/01/2026;MODIFICA;SI;0;Esenzione per redditi imponibili fino a euro 15.000,00;,4;Applicabile a scaglione di reddito fino a euro 28.000,00;,65;Applicabile a scaglione di reddito da euro 28.000,01 fino a euro 50.000,00;,8;Applicabile a scaglione di reddito oltre euro 50.000,00;;;;;;;;;;;;;;;;;4;15000
L658;VALVERDE;CT;;;;;NO;0*;;;;;;;;;;;;;;;;;;;;;;;;;0
L468;VALVESTINO;BS;;;;;NO;0*;;;;;;;;;;;;;;;;;;;;;;;;;0
L660;VANDOIES;BZ;;;;;NO;0*;;;;;;;;;;;;;;;;;;;;;;;;;0
L664;VANZAGHELLO;MI;;;;;NO;0*;;;;;;;;;;;;;;;;;;;;;;;;;0
L665;VANZAGO;MI;11;12/02/2026;17/02/2026;CONFERMA;SI;0;Esenzione per redditi imponibili fino a euro 14.999,99;,8;Aliquota unica;;;;;;;;;;;;;;;;;;;;;2;14999,99
L666;VANZONE CON SAN CARLO;VB;;;;;NO;0*;;;;;;;;;;;;;;;;;;;;;;;;;0
L667;VAPRIO D'ADDA;MI;44;16/12/2025;12/01/2026;CONFERMA;SI;0;Esenzione per redditi imponibili fino a euro 20.000,00;,8;Aliquota unica;;;;;;;;;;;;;;;;;;;;;2;20000
L668;VAPRIO D'AGOGNA;NO;27;20/12/2025;12/01/2026;CONFERMA;SI;0;Esenzione per redditi imponibili fino a euro 10.000,00;,6;Aliquota unica;;;;;;;;;;;;;;;;;;;;;2;10000
L669;VARALLO;VC;;;;;NO;0*;;;;;;;;;;;;;;;;;;;;;;;;;0
L670;VARALLO POMBIA;NO;22;23/12/2025;16/01/2026;CONFERMA;SI;0,7;Applicabile a scaglione di reddito fino a euro 28.000,00;,7;Applicabile a scaglione di reddito da euro 28.000,01 fino a euro 50.000,00;,8;Applicabile a scaglione di reddito oltre euro 50.000,00;;;;;;;;;;;;;;;;;;;3;0
L671;VARANO BORGHI;VA;19;13/12/2025;16/07/2026;CONFERMA;SI;0;Esenzione per redditi imponibili fino a euro 12.000,00;,61;Applicabile a scaglione di reddito fino a euro 28.000,00;,7;Applicabile a scaglione di reddito da euro 28.000,01 fino a euro 50.000,00;,8;Applicabile a scaglione di reddito oltre euro 50.000,00;;;;;;;;;;;;;;;;;4;12000
L672;VARANO DE' MELEGARI;PR;38;28/11/2025;02/01/2026;CONFERMA;SI;0;Esenzione per redditi imponibili fino a euro 11.000,00;,75;Aliquota unica;;;;;;;;;;;;;;;;;;;;;2;11000
L673;VARAPODIO;RC;40;27/11/2025;08/07/2026;CONFERMA;NO;0,8;Aliquota unica;;;;;;;;;;;;;;;;;;;;;;;1;0
L675;VARAZZE;SV;47;27/11/2025;30/01/2026;CONFERMA;SI;0;Esenzione per redditi imponibili fino a euro 9.999,99;,8;Aliquota unica;;;;;;;;;;;;;;;;;;;;;2;9999,99
L676;VARCO SABINO;RI;;;;;NO;0*;;;;;;;;;;;;;;;;;;;;;;;;;0
L677;VAREDO;MB;36;27/11/2025;02/01/2026;CONFERMA;NO;0,5;Aliquota unica;;;;;;;;;;;;;;;;;;;;;;;1;0
L680;VARENNA;LC;27;30/12/2025;27/04/2026;MODIFICA;SI;0;Esenzione per redditi imponibili fino a euro 18.000,00;,6;Applicabile a scaglione di reddito fino a euro 28.000,00;,7;Applicabile a scaglione di reddito da euro 28.000,01 fino a euro 50.000,00;,8;Applicabile a scaglione di reddito oltre euro 50.000,00;;;;;;;;;;;;;;;;;4;18000
L682;VARESE;VA;;;;;NO;0*;;;;;;;;;;;;;;;;;;;;;;;;;0
L681;VARESE LIGURE;SP;;;;;NO;0*;;;;;;;;;;;;;;;;;;;;;;;;;0
L685;VARISELLA;TO;;;;;NO;0*;;;;;;;;;;;;;;;;;;;;;;;;;0
L686;VARMO;UD;;;;;NO;0*;;;;;;;;;;;;;;;;;;;;;;;;;0
L687;VARNA;BZ;;;;;NO;0*;;;;;;;;;;;;;;;;;;;;;;;;;0
L689;VARSI;PR;;;;;NO;0*;;;;;;;;;;;;;;;;;;;;;;;;;0
L690;VARZI;PV;27;30/12/2025;19/01/2026;CONFERMA;SI;0;Esenzione per redditi imponibili fino a euro 10.000,00;,8;Aliquota unica;;;;;;;;;;;;;;;;;;;;;2;10000
L691;VARZO;VB;;;;;NO;0*;;;;;;;;;;;;;;;;;;;;;;;;;0
A701;VASANELLO;VT;39;29/12/2025;20/02/2026;CONFERMA;NO;0,8;Aliquota unica;;;;;;;;;;;;;;;;;;;;;;;1;0
L693;VASIA;IM;22;22/12/2025;07/01/2026;CONFERMA;NO;0,6;Aliquota unica;;;;;;;;;;;;;;;;;;;;;;;1;0
E372;VASTO;CH;85;15/12/2025;09/02/2026;CONFERMA;NO;0,8;Aliquota unica;;;;;;;;;;;;;;;;;;;;;;;1;0
L696;VASTOGIRARDI;IS;;;;;NO;0*;;;;;;;;;;;;;;;;;;;;;;;;;0
L698;VAUDA CANAVESE;TO;21;22/12/2025;04/02/2026;CONFERMA;NO;0,8;Aliquota unica;;;;;;;;;;;;;;;;;;;;;;;1;0
L699;VAZZANO;VV;;;;;NO;0*;;;;;;;;;;;;;;;;;;;;;;;;;0
L700;VAZZOLA;TV;42;19/12/2025;08/01/2026;CONFERMA;SI;0;Esenzione per redditi imponibili fino a euro 9.500,00;,8;Aliquota unica;;;;;;;;;;;;;;;;;;;;;2;9500
L702;VECCHIANO;PI;63;22/12/2025;08/01/2026;CONFERMA;SI;0,8;Aliquota unica;0;Esenzione per tutti i contribuenti con redditi imponibili inferiori a 11.000,00 euro;0;Esenzione per contribuenti in possesso di soli redditi imponibili da pensione fino a 11.500,00 euro;;;;;;;;;;;;;;;;;;;5;0
L704;VEDANO AL LAMBRO;MB;;;;;NO;0*;;;;;;;;;;;;;;;;;;;;;;;;;0
L703;VEDANO OLONA;VA;4;29/01/2026;27/02/2026;MODIFICA;SI;0;Esenzione per redditi imponibili fino a euro 10.000,00;,75;Aliquota unica;;;;;;;;;;;;;;;;;;;;;2;10000
L706;VEDELAGO;TV;55;19/12/2025;09/01/2026;CONFERMA;SI;0,6;Applicabile a redditi fino a 15.000,00 euro;,8;Applicabile a redditi DA 15.000,01 euro A 28.000,00 EURO;,8;Applicabile a redditi DA 28.000,01 euro A 50.000,00 EURO;,8;Applicabile a redditi OLTRE I 50.000,01 EURO;;;;;;;;;;;;;;;;;0;0
L707;VEDESETA;BG;;;;;NO;0*;;;;;;;;;;;;;;;;;;;;;;;;;0
L709;VEDUGGIO CON COLZANO;MB;34;28/11/2025;11/05/2026;CONFERMA;SI;0;Esenzione per redditi imponibili fino a euro 10.000,00;,5;Applicabile a scaglione di reddito fino a euro 28.000,00;,62;Applicabile a scaglione di reddito da euro 28.000,01 fino a euro 50.000,00;,8;Applicabile a scaglione di reddito oltre euro 50.000,00;;;;;;;;;;;;;;;;;4;10000
L710;VEGGIANO;PD;;;;;NO;0*;;;;;;;;;;;;;;;;;;;;;;;;;0
L711;VEGLIE;LE;;;;;NO;0*;;;;;;;;;;;;;;;;;;;;;;;;;0
L712;VEGLIO;BI;;;;;NO;0*;;;;;;;;;;;;;;;;;;;;;;;;;0
L713;VEJANO;VT;;;;;NO;0*;;;;;;;;;;;;;;;;;;;;;;;;;0
L715;VELESO;CO;29;29/11/2025;14/04/2026;CONFERMA;NO;0,6;Aliquota unica;;;;;;;;;;;;;;;;;;;;;;;1;0
L716;VELEZZO LOMELLINA;PV;14;16/12/2025;19/02/2026;MODIFICA;NO;0,8;Aliquota unica;;;;;;;;;;;;;;;;;;;;;;;1;0
L719;VELLETRI;RM;80;30/12/2025;27/05/2026;CONFERMA;NO;0,8;Aliquota unica;;;;;;;;;;;;;;;;;;;;;;;1;0
L720;VELLEZZO BELLINI;PV;17;11/12/2025;03/03/2026;CONFERMA;SI;0;Esenzione per redditi imponibili fino a euro 12.000,00;,66;Applicabile a scaglione di reddito fino a euro 28.000,00;,72;Applicabile a scaglione di reddito da euro 28.000,01 fino a euro 50.000,00;,8;Applicabile a scaglione di reddito oltre euro 50.000,00;;;;;;;;;;;;;;;;;4;12000
L723;VELO D'ASTICO;VI;36;25/11/2025;09/01/2026;CONFERMA;NO;0,8;Aliquota unica;;;;;;;;;;;;;;;;;;;;;;;1;0
L722;VELO VERONESE;VR;;;;;NO;0*;;;;;;;;;;;;;;;;;;;;;;;;;0
L724;VELTURNO;BZ;;;;;NO;0*;;;;;;;;;;;;;;;;;;;;;;;;;0
L725;VENAFRO;IS;;;;;NO;0*;;;;;;;;;;;;;;;;;;;;;;;;;0
L727;VENARIA REALE;TO;;;;;NO;0*;;;;;;;;;;;;;;;;;;;;;;;;;0
L728;VENAROTTA;AP;36;19/12/2025;22/01/2026;CONFERMA;NO;0,8;Aliquota unica;;;;;;;;;;;;;;;;;;;;;;;1;0
L729;VENASCA;CN;42;12/12/2025;29/04/2026;CONFERMA;SI;0;Esenzione per redditi imponibili fino a euro 7.500,00;,5;Aliquota unica;;;;;;;;;;;;;;;;;;;;;2;7500
L726;VENAUS;TO;;;;;NO;0*;;;;;;;;;;;;;;;;;;;;;;;;;0
L730;VENDONE;SV;2;30/01/2026;09/02/2026;CONFERMA;NO;0,8;Aliquota unica;;;;;;;;;;;;;;;;;;;;;;;1;0
L733;VENEGONO INFERIORE;VA;;;;;NO;0*;;;;;;;;;;;;;;;;;;;;;;;;;0
L734;VENEGONO SUPERIORE;VA;32;15/12/2025;30/01/2026;MODIFICA;SI;0;Esenzione per redditi imponibili fino a euro 10.000,00;,8;Aliquota unica;;;;;;;;;;;;;;;;;;;;;2;10000
L735;VENETICO;ME;;;;;NO;0*;;;;;;;;;;;;;;;;;;;;;;;;;0
L736;VENEZIA;VE;;;;;NO;0*;;;;;;;;;;;;;;;;;;;;;;;;;0
L737;VENIANO;CO;27;20/12/2025;31/03/2026;MODIFICA;SI;0;Esenzione per redditi imponibili fino a euro 10.000,00;,51;Applicabile a scaglione di reddito fino a euro 28.000,00;,6;Applicabile a scaglione di reddito da euro 28.000,01 fino a euro 50.000,00;,61;Applicabile a scaglione di reddito oltre euro 50.000,00;;;;;;;;;;;;;;;;;4;10000
L738;VENOSA;PZ;68;30/12/2025;24/08/2026;MODIFICA;NO;0,65;Aliquota unica;;;;;;;;;;;;;;;;;;;;;;;1;0
M364;VENTASSO;RE;;;;;NO;0*;;;;;;;;;;;;;;;;;;;;;;;;;0
L739;VENTICANO;AV;;;;;NO;0*;;;;;;;;;;;;;;;;;;;;;;;;;0
L741;VENTIMIGLIA;IM;87;30/12/2025;13/02/2026;CONFERMA;NO;0,8;Aliquota unica;;;;;;;;;;;;;;;;;;;;;;;1;0
L740;VENTIMIGLIA DI SICILIA;PA;;;;;NO;0*;;;;;;;;;;;;;;;;;;;;;;;;;0
L742;VENTOTENE;LT;3;21/01/2026;25/08/2026;CONFERMA;NO;0,5;Aliquota unica;;;;;;;;;;;;;;;;;;;;;;;1;0
L743;VENZONE;UD;;;;;NO;0*;;;;;;;;;;;;;;;;;;;;;;;;;0
L745;VERANO;BZ;;;;;NO;0*;;;;;;;;;;;;;;;;;;;;;;;;;0
L744;VERANO BRIANZA;MB;71;17/12/2025;13/02/2026;MODIFICA;SI;0;Esenzione per redditi imponibili fino a euro 12.000,00;,75;Applicabile a scaglione di reddito fino a euro 28.000,00;,79;Applicabile a scaglione di reddito da euro 28.000,01 fino a euro 50.000,00;,8;Applicabile a scaglione di reddito oltre euro 50.000,00;;;;;;;;;;;;;;;;;4;12000
L746;VERBANIA;VB;;;;;NO;0*;;;;;;;;;;;;;;;;;;;;;;;;;0
L747;VERBICARO;CS;;;;;NO;0*;;;;;;;;;;;;;;;;;;;;;;;;;0
L748;VERCANA;CO;;;;;NO;0*;;;;;;;;;;;;;;;;;;;;;;;;;0
L749;VERCEIA;SO;31;22/12/2025;22/01/2026;CONFERMA;SI;0,5;Applicabile a scaglione di reddito fino a euro 28.000,00;,7;Applicabile a scaglione di reddito da euro 28.000,01 fino a euro 50.000,00;,8;Applicabile a scaglione di reddito oltre euro 50.000,00;;;;;;;;;;;;;;;;;;;3;0
L750;VERCELLI;VC;93;27/11/2025;16/01/2026;CONFERMA;SI;0;Esenzione per redditi imponibili fino a euro 12.500,00;,8;Aliquota unica;;;;;;;;;;;;;;;;;;;;;2;12500
L751;VERCURAGO;LC;3;02/03/2026;11/03/2026;DELIBERA ADOTTATA EX ART. 1, COMMA 751, L. 207/2024;SI;0,4;Applicabile a scaglione di reddito fino a euro 15.000,00;,6;Applicabile a scaglione di reddito da euro 15.000,01 fino a euro 28.000,00;,7;Applicabile a scaglione di reddito da euro 28.000,01 fino a euro 50.000,00;,78;Applicabile a scaglione di reddito oltre euro 50.000,00;0;Esenzione per redditi imponibili fino a euro 12.000,00;;;;;;;;;;;;;;;0;0
L752;VERDELLINO;BG;43;17/12/2025;12/01/2026;CONFERMA;SI;0,72;Aliquota unica;0;Esenzione per redditi imponibili fino a euro 10.000,00;0;Esenzione per redditi derivanti da indennità corrisposte ai lavoratori dipendente da parte dell'INPS o da altri enti a titolo di cassa-integrazione e mobilità - anche erogate tramite il datore di lavoro - a condizione che al reddito complessivo del contribuente concorrano esclusivamente, oltre ai predetti redditi, altri redditi di lavoro dipendente di pensione ed eventualmente redditi derivanti dell'abitazione principale e delle sue pertinenze, per un reddito complessivo pari o inferiore a euro 15.000,00;;;;;;;;;;;;;;;;;;;5;0
L753;VERDELLO;BG;29;19/12/2025;12/01/2026;CONFERMA;SI;0;Esenzione per redditi imponibili fino a euro 5.000,00;,8;Aliquota unica;;;;;;;;;;;;;;;;;;;;;2;5000
M337;VERDERIO;LC;67;29/10/2025;05/01/2026;CONFERMA;SI;0,4;Applicabile a scaglione di reddito fino a euro 28.000,00;,6;Applicabile a scaglione di reddito da euro 28.000,01 fino a euro 50.000,00;,8;Applicabile a scaglione di reddito oltre euro 50.000,00;;;;;;;;;;;;;;;;;;;3;0
L758;VERDUNO;CN;;;;;NO;0*;;;;;;;;;;;;;;;;;;;;;;;;;0
L762;VERGATO;BO;49;22/12/2025;23/02/2026;CONFERMA;SI;0;Esenzione per redditi imponibili fino a euro 9.000,00;,8;Aliquota unica;;;;;;;;;;;;;;;;;;;;;2;9000
L764;VERGHERETO;FC;;;;;NO;0*;;;;;;;;;;;;;;;;;;;;;;;;;0
L765;VERGIATE;VA;;;;;NO;0*;;;;;;;;;;;;;;;;;;;;;;;;;0
M424;VERMEZZO CON ZELO;MI;;;;;NO;0*;;;;;;;;;;;;;;;;;;;;;;;;;0
L769;VERMIGLIO;TN;;;;;NO;0*;;;;;;;;;;;;;;;;;;;;;;;;;0
L771;VERNANTE;CN;36;22/12/2025;13/01/2026;CONFERMA;NO;0,37;Aliquota unica;;;;;;;;;;;;;;;;;;;;;;;1;0
L772;VERNASCA;PC;23;23/12/2025;01/07/2026;CONFERMA;NO;0,8;Aliquota unica;;;;;;;;;;;;;;;;;;;;;;;1;0
L773;VERNATE;MI;;;;;NO;0*;;;;;;;;;;;;;;;;;;;;;;;;;0
L774;VERNAZZA;SP;40;19/12/2025;16/01/2026;CONFERMA;NO;0,8;Aliquota unica;;;;;;;;;;;;;;;;;;;;;;;1;0
L775;VERNIO;PO;;;;;NO;0*;;;;;;;;;;;;;;;;;;;;;;;;;0
L776;VERNOLE;LE;35;27/11/2025;28/05/2026;CONFERMA;SI;0;Esenzione per redditi imponibili fino a euro 8.500,00;,8;Aliquota unica;;;;;;;;;;;;;;;;;;;;;2;8500
L777;VEROLANUOVA;BS;;;;;NO;0*;;;;;;;;;;;;;;;;;;;;;;;;;0
L778;VEROLAVECCHIA;BS;50;23/12/2025;26/02/2026;CONFERMA;SI;0;Esenzione per redditi imponibili fino a euro 12.500,00;,3;Applicabile a scaglione di reddito fino a euro 28.000,00;,6;Applicabile a scaglione di reddito da euro 28.000,01 fino a euro 50.000,00;,8;Applicabile a scaglione di reddito oltre euro 50.000,00;;;;;;;;;;;;;;;;;4;12500
L779;VEROLENGO;TO;;;;;NO;0*;;;;;;;;;;;;;;;;;;;;;;;;;0
L780;VEROLI;FR;;;;;NO;0*;;;;;;;;;;;;;;;;;;;;;;;;;0
L781;VERONA;VR;;;;;NO;0*;;;;;;;;;;;;;;;;;;;;;;;;;0
D193;VERONELLA;VR;8;02/03/2026;14/07/2026;CONFERMA;NO;0,8;Aliquota unica;;;;;;;;;;;;;;;;;;;;;;;1;0
L783;VERRAYES;AO;;;;;NO;0*;;;;;;;;;;;;;;;;;;;;;;;;;0
C282;VERRES;AO;;;;;NO;0*;;;;;;;;;;;;;;;;;;;;;;;;;0
L784;VERRETTO;PV;;;;;NO;0*;;;;;;;;;;;;;;;;;;;;;;;;;0
L785;VERRONE;BI;;;;;NO;0*;;;;;;;;;;;;;;;;;;;;;;;;;0
L788;VERRUA PO;PV;;;;;NO;0*;;;;;;;;;;;;;;;;;;;;;;;;;0
L787;VERRUA SAVOIA;TO;35;18/12/2025;27/02/2026;CONFERMA;NO;0,8;Aliquota unica;;;;;;;;;;;;;;;;;;;;;;;1;0
L792;VERTEMATE CON MINOPRIO;CO;;;;;NO;0*;;;;;;;;;;;;;;;;;;;;;;;;;0
L795;VERTOVA;BG;;;;;NO;0*;;;;;;;;;;;;;;;;;;;;;;;;;0
L797;VERUCCHIO;RN;43;23/12/2025;20/03/2026;MODIFICA;SI;0;Esenzione per redditi imponibili fino a euro 15.000,00;,7;Applicabile a scaglione di reddito fino a euro 28.000,00;,76;Applicabile a scaglione di reddito da euro 28.000,01 fino a euro 50.000,00;,8;Applicabile a scaglione di reddito oltre euro 50.000,00;;;;;;;;;;;;;;;;;4;15000
L799;VERVIO;SO;;;;;NO;0*;;;;;;;;;;;;;;;;;;;;;;;;;0
L801;VERZEGNIS;UD;;;;;NO;0*;;;;;;;;;;;;;;;;;;;;;;;;;0
L802;VERZINO;KR;6;28/02/2026;30/04/2026;CONFERMA;SI;0;Esenzione per redditi imponibili fino a euro 10.000,00;,8;Aliquota unica;;;;;;;;;;;;;;;;;;;;;2;10000
L804;VERZUOLO;CN;;;;;NO;0*;;;;;;;;;;;;;;;;;;;;;;;;;0
L805;VESCOVANA;PD;22;31/12/2025;20/01/2026;CONFERMA;NO;0,6;Aliquota unica;;;;;;;;;;;;;;;;;;;;;;;1;0
L806;VESCOVATO;CR;40;29/12/2025;19/01/2026;CONFERMA;SI;0;Esenzione per redditi imponibili fino a euro 7.500,00;,8;Aliquota unica;;;;;;;;;;;;;;;;;;;;;2;7500
L807;VESIME;AT;;;;;NO;0*;;;;;;;;;;;;;;;;;;;;;;;;;0
L808;VESPOLATE;NO;2;28/02/2026;12/03/2026;CONFERMA;NO;0,6;Aliquota unica;;;;;;;;;;;;;;;;;;;;;;;1;0
L809;VESSALICO;IM;20;22/12/2025;08/01/2026;CONFERMA;NO;0,8;Aliquota unica;;;;;;;;;;;;;;;;;;;;;;;1;0
L810;VESTENANOVA;VR;38;18/12/2025;07/01/2026;CONFERMA;NO;0,8;Aliquota unica;;;;;;;;;;;;;;;;;;;;;;;1;0
L811;VESTIGNE';TO;;;;;NO;0*;;;;;;;;;;;;;;;;;;;;;;;;;0
L812;VESTONE;BS;28;20/11/2025;22/05/2026;CONFERMA;NO;0,8;Aliquota unica;;;;;;;;;;;;;;;;;;;;;;;1;0
L814;VETRALLA;VT;74;30/12/2025;06/07/2026;CONFERMA;NO;0,8;Aliquota unica;;;;;;;;;;;;;;;;;;;;;;;1;0
L815;VETTO;RE;39;18/12/2025;10/04/2026;DELIBERA ADOTTATA EX ART. 1, COMMA 751, L. 207/2024;SI;0,45;Applicabile a scaglione di reddito fino a euro 15.000,00;,5;Applicabile a scaglione di reddito da euro 15.000,01 fino a euro 28.000,00;,65;Applicabile a scaglione di reddito da euro 28.000,01 fino a euro 50.000,00;,75;Applicabile a scaglione di reddito oltre euro 50.000,00;0;Esenzione per redditi imponibili fino a euro 15.000,00;;;;;;;;;;;;;;;0;0
L817;VEZZA D'ALBA;CN;83;04/12/2025;21/05/2026;CONFERMA;NO;0,8;Aliquota unica;;;;;;;;;;;;;;;;;;;;;;;1;0
L816;VEZZA D'OGLIO;BS;;;;;NO;0*;;;;;;;;;;;;;;;;;;;;;;;;;0
L819;VEZZANO LIGURE;SP;;;;;NO;0*;;;;;;;;;;;;;;;;;;;;;;;;;0
L820;VEZZANO SUL CROSTOLO;RE;2;03/02/2026;16/06/2026;CONFERMA;SI;0;Esenzione per redditi imponibili fino a euro 10.000,00;,8;Aliquota unica;;;;;;;;;;;;;;;;;;;;;2;10000
L823;VEZZI PORTIO;SV;;;;;NO;0*;;;;;;;;;;;;;;;;;;;;;;;;;0
L826;VIADANA;MN;;;;;NO;0*;;;;;;;;;;;;;;;;;;;;;;;;;0
L827;VIADANICA;BG;2;27/02/2026;05/03/2026;CONFERMA;SI;0;Esenzione per redditi imponibili fino a euro 15.000,00;,8;Aliquota unica;;;;;;;;;;;;;;;;;;;;;2;15000
L828;VIAGRANDE;CT;;;;;NO;0*;;;;;;;;;;;;;;;;;;;;;;;;;0
L829;VIALE;AT;20;20/12/2025;24/07/2026;CONFERMA;NO;0,5;Aliquota unica;;;;;;;;;;;;;;;;;;;;;;;1;0
L830;VIALFRE';TO;;;;;NO;0*;;;;;;;;;;;;;;;;;;;;;;;;;0
L831;VIANO;RE;46;24/12/2025;26/01/2026;CONFERMA;SI;0;Esenzione per redditi imponibili fino a euro 15.000,00;,8;Aliquota unica;;;;;;;;;;;;;;;;;;;;;2;15000
L833;VIAREGGIO;LU;;;;;NO;0*;;;;;;;;;;;;;;;;;;;;;;;;;0
L834;VIARIGI;AT;27;22/12/2025;09/01/2026;CONFERMA;NO;0,75;Aliquota unica;;;;;;;;;;;;;;;;;;;;;;;1;0
F537;VIBO VALENTIA;VV;67;22/12/2025;22/01/2026;CONFERMA;SI;0;Esenzione per redditi imponibili fino a euro 7.000,00;1,2;Aliquota unica;;;;;;;;;;;;;;;;;;;;;2;7000
L835;VIBONATI;SA;;;;;NO;0*;;;;;;;;;;;;;;;;;;;;;;;;;0
L836;VICALVI;FR;;;;;NO;0*;;;;;;;;;;;;;;;;;;;;;;;;;0
L837;VICARI;PA;;;;;NO;0*;;;;;;;;;;;;;;;;;;;;;;;;;0
L838;VICCHIO;FI;;;;;NO;0*;;;;;;;;;;;;;;;;;;;;;;;;;0
L840;VICENZA;VI;134;22/12/2025;19/01/2026;MODIFICA;SI;0;Esenzione per redditi imponibili fino a euro 15.000,00;,8;Aliquota unica;;;;;;;;;;;;;;;;;;;;;2;15000
L842;VICO DEL GARGANO;FG;40;30/09/2025;02/01/2026;CONFERMA;SI;0;Esenzione per redditi imponibili fino a euro 10.000,00;,8;Aliquota unica;;;;;;;;;;;;;;;;;;;;;2;10000
L845;VICO EQUENSE;NA;;;;;NO;0*;;;;;;;;;;;;;;;;;;;;;;;;;0
L843;VICO NEL LAZIO;FR;;;;;NO;0*;;;;;;;;;;;;;;;;;;;;;;;;;0
L841;VICOFORTE;CN;42;23/12/2025;18/02/2026;CONFERMA;SI;0;Esenzione per redditi imponibili fino a euro 8.499,99;,8;Aliquota unica;;;;;;;;;;;;;;;;;;;;;2;8499,99
L846;VICOLI;PE;20;30/12/2025;11/08/2026;CONFERMA;SI;0;Esenzione per redditi imponibili fino a euro 3.000,00;,8;Aliquota unica;;;;;;;;;;;;;;;;;;;;;2;3000
L847;VICOLUNGO;NO;25;17/12/2025;12/01/2026;CONFERMA;SI;0;Esenzione per redditi imponibili fino a euro 15.000,00;,45;Aliquota unica;;;;;;;;;;;;;;;;;;;;;2;15000
L850;VICOPISANO;PI;79;29/12/2025;26/01/2026;CONFERMA;SI;0,8;Aliquota unica;0;Esenzione per contribuenti con reddito annuo imponibile ai fini Irpef, derivante da lavoro dipendente e/o da pensione e/o da redditi assimilati a quelli di lavoro dipendente, di cui agli artt. 49 e 50 Tuir D.P.R. n.917/1986, non superiore a euro 13.000,00;;;;;;;;;;;;;;;;;;;;;5;0
L851;VICOVARO;RM;;;;;NO;0*;;;;;;;;;;;;;;;;;;;;;;;;;0
M259;VIDDALBA;SS;;;;;NO;0*;;;;;;;;;;;;;;;;;;;;;;;;;0
L854;VIDIGULFO;PV;;;;;NO;0*;;;;;;;;;;;;;;;;;;;;;;;;;0
L856;VIDOR;TV;35;29/12/2025;02/03/2026;CONFERMA;SI;0;Esenzione per redditi imponibili fino a euro 12.000,00;,6;Aliquota unica;;;;;;;;;;;;;;;;;;;;;2;12000
L857;VIDRACCO;TO;;;;;NO;0*;;;;;;;;;;;;;;;;;;;;;;;;;0
L858;VIESTE;FG;;;;;NO;0*;;;;;;;;;;;;;;;;;;;;;;;;;0
L859;VIETRI DI POTENZA;PZ;;;;;NO;0*;;;;;;;;;;;;;;;;;;;;;;;;;0
L860;VIETRI SUL MARE;SA;;;;;NO;0*;;;;;;;;;;;;;;;;;;;;;;;;;0
L866;VIGANO';LC;29;18/12/2025;11/06/2026;CONFERMA;SI;0;Esenzione per redditi imponibili fino a euro 10.000,00;,52;Applicabile a scaglione di reddito fino a euro 28.000,00;,75;Applicabile a scaglione di reddito da euro 28.000,01 fino a euro 50.000,00;,8;Applicabile a scaglione di reddito oltre euro 50.000,00;;;;;;;;;;;;;;;;;4;10000
L865;VIGANO SAN MARTINO;BG;29;22/12/2025;13/01/2026;ISTITUISCE;NO;0,7;Aliquota unica;;;;;;;;;;;;;;;;;;;;;;;1;0
L868;VIGARANO MAINARDA;FE;;;;;NO;0*;;;;;;;;;;;;;;;;;;;;;;;;;0
L869;VIGASIO;VR;17;29/11/2025;07/01/2026;CONFERMA;NO;0,8;Aliquota unica;;;;;;;;;;;;;;;;;;;;;;;1;0
L872;VIGEVANO;PV;;;;;NO;0*;;;;;;;;;;;;;;;;;;;;;;;;;0
L873;VIGGIANELLO;PZ;;;;;NO;0*;;;;;;;;;;;;;;;;;;;;;;;;;0
L874;VIGGIANO;PZ;;;;;NO;0*;;;;;;;;;;;;;;;;;;;;;;;;;0
L876;VIGGIU';VA;;;;;NO;0*;;;;;;;;;;;;;;;;;;;;;;;;;0
L880;VIGLIANO BIELLESE;BI;41;10/12/2025;28/07/2026;CONFERMA;SI;0;Esenzione per redditi imponibili fino a euro 10.000,00;,8;Aliquota unica;;;;;;;;;;;;;;;;;;;;;2;10000
L879;VIGLIANO D'ASTI;AT;16;16/12/2025;03/02/2026;CONFERMA;NO;0,8;Aliquota unica;;;;;;;;;;;;;;;;;;;;;;;1;0
L881;VIGNALE MONFERRATO;AL;25;11/12/2025;13/01/2026;CONFERMA;NO;0,8;Aliquota unica;;;;;;;;;;;;;;;;;;;;;;;1;0
L882;VIGNANELLO;VT;;;;;NO;0*;;;;;;;;;;;;;;;;;;;;;;;;;0
L883;VIGNATE;MI;;;;;NO;0*;;;;;;;;;;;;;;;;;;;;;;;;;0
L885;VIGNOLA;MO;91;22/12/2025;12/02/2026;CONFERMA;SI;0;Esenzione per redditi imponibili fino a euro 12.000,00;,71;Applicabile a scaglione di reddito fino a euro 28.000,00;,76;Applicabile a scaglione di reddito da euro 28.000,01 fino a euro 50.000,00;,8;Applicabile a scaglione di reddito oltre euro 50.000,00;;;;;;;;;;;;;;;;;4;12000
L886;VIGNOLA-FALESINA;TN;;;;;NO;0*;;;;;;;;;;;;;;;;;;;;;;;;;0
L887;VIGNOLE BORBERA;AL;;;;;NO;0*;;;;;;;;;;;;;;;;;;;;;;;;;0
L888;VIGNOLO;CN;27;22/12/2025;13/01/2026;CONFERMA;SI;0,3;Applicabile a scaglione di reddito fino a euro 28.000,00;,7;Applicabile a scaglione di reddito da euro 28.000,01 fino a euro 50.000,00;,8;Applicabile a scaglione di reddito oltre euro 50.000,00;;;;;;;;;;;;;;;;;;;3;0
L889;VIGNONE;VB;;;;;NO;0*;;;;;;;;;;;;;;;;;;;;;;;;;0
L890;VIGO DI CADORE;BL;27;29/12/2025;22/01/2026;CONFERMA;NO;0,8;Aliquota unica;;;;;;;;;;;;;;;;;;;;;;;1;0
L892;VIGODARZERE;PD;41;22/12/2025;22/06/2026;CONFERMA;SI;0;Esenzione per redditi imponibili fino a euro 12.000,00;,8;Aliquota unica;;;;;;;;;;;;;;;;;;;;;2;12000
L894;VIGOLO;BG;19;29/12/2025;05/03/2026;CONFERMA;SI;0;Esenzione per redditi imponibili fino a euro 9.999,99;,7;Aliquota unica;;;;;;;;;;;;;;;;;;;;;2;9999,99
L897;VIGOLZONE;PC;;;;;NO;0*;;;;;;;;;;;;;;;;;;;;;;;;;0
L898;VIGONE;TO;;;;;NO;0*;;;;;;;;;;;;;;;;;;;;;;;;;0
L899;VIGONOVO;VE;47;22/12/2025;28/05/2026;CONFERMA;SI;0;Esenzione per redditi imponibili fino a euro 12.000,00;,8;Aliquota unica;;;;;;;;;;;;;;;;;;;;;2;12000
L900;VIGONZA;PD;77;17/12/2025;27/01/2026;CONFERMA;SI;0;Esenzione per redditi imponibili fino a euro 12.000,00;,8;Aliquota unica;;;;;;;;;;;;;;;;;;;;;2;12000
L904;VIGUZZOLO;AL;22;15/12/2025;09/01/2026;CONFERMA;NO;0,75;Aliquota unica;;;;;;;;;;;;;;;;;;;;;;;1;0
L912;VILLA BARTOLOMEA;VR;;;;;NO;0*;;;;;;;;;;;;;;;;;;;;;;;;;0
L913;VILLA BASILICA;LU;;;;;NO;0*;;;;;;;;;;;;;;;;;;;;;;;;;0
L917;VILLA BISCOSSI;PV;11;23/12/2025;19/01/2026;ISTITUISCE;SI;0;Esenzione per redditi imponibili fino a euro 15.000,00;,6;Aliquota unica;;;;;;;;;;;;;;;;;;;;;2;15000
L919;VILLA CARCINA;BS;36;17/12/2025;07/01/2026;CONFERMA;SI;0;Esenzione per redditi imponibili fino a euro 15.000,00;,8;Aliquota unica;;;;;;;;;;;;;;;;;;;;;2;15000
L920;VILLA CASTELLI;BR;;;;;NO;0*;;;;;;;;;;;;;;;;;;;;;;;;;0
L922;VILLA CELIERA;PE;;;;;NO;0*;;;;;;;;;;;;;;;;;;;;;;;;;0
L926;VILLA COLLEMANDINA;LU;35;22/12/2025;07/01/2026;CONFERMA;NO;0,8;Aliquota unica;;;;;;;;;;;;;;;;;;;;;;;1;0
L928;VILLA CORTESE;MI;;;;;NO;0*;;;;;;;;;;;;;;;;;;;;;;;;;0
L929;VILLA D'ADDA;BG;52;23/12/2025;12/01/2026;CONFERMA;NO;0,6;Aliquota unica;;;;;;;;;;;;;;;;;;;;;;;1;0
A215;VILLA D'ALME';BG;;;;;NO;0*;;;;;;;;;;;;;;;;;;;;;;;;;0
L933;VILLA DEL BOSCO;BI;;;;;NO;0*;;;;;;;;;;;;;;;;;;;;;;;;;0
L934;VILLA DEL CONTE;PD;;;;;NO;0*;;;;;;;;;;;;;;;;;;;;;;;;;0
D801;VILLA DI BRIANO;CE;;;;;NO;0*;;;;;;;;;;;;;;;;;;;;;;;;;0
L907;VILLA DI CHIAVENNA;SO;;;;;NO;0*;;;;;;;;;;;;;;;;;;;;;;;;;0
L936;VILLA DI SERIO;BG;;;;;NO;0*;;;;;;;;;;;;;;;;;;;;;;;;;0
L908;VILLA DI TIRANO;SO;22;17/12/2025;02/01/2026;CONFERMA;SI;0;Esenzione per redditi imponibili fino a euro 12.000,00;,4;Aliquota unica;;;;;;;;;;;;;;;;;;;;;2;12000
L938;VILLA D'OGNA;BG;30;22/09/2025;13/01/2026;CONFERMA;SI;0;Esenzione per redditi imponibili fino a euro 8.500,00;,6;Applicabile a scaglione di reddito fino a euro 28.000,00;,8;Applicabile a scaglione di reddito da euro 28.000,01 fino a euro 50.000,00;,8;Applicabile a scaglione di reddito oltre euro 50.000,00;;;;;;;;;;;;;;;;;4;8500
L937;VILLA ESTENSE;PD;21;19/12/2025;15/01/2026;MODIFICA;SI;0;Esenzione per redditi imponibili fino a euro 10.000,00;,75;Aliquota unica;;;;;;;;;;;;;;;;;;;;;2;10000
L943;VILLA FARALDI;IM;;;;;NO;0*;;;;;;;;;;;;;;;;;;;;;;;;;0
L956;VILLA GUARDIA;CO;;;;;NO;0*;;;;;;;;;;;;;;;;;;;;;;;;;0
L957;VILLA LAGARINA;TN;;;;;NO;0*;;;;;;;;;;;;;;;;;;;;;;;;;0
A081;VILLA LATINA;FR;;;;;NO;0*;;;;;;;;;;;;;;;;;;;;;;;;;0
L844;VILLA LITERNO;CE;;;;;NO;0*;;;;;;;;;;;;;;;;;;;;;;;;;0
L969;VILLA MINOZZO;RE;67;30/12/2025;05/02/2026;CONFERMA;SI;0;Esenzione per redditi imponibili fino a euro 9.300,00;,75;Aliquota unica;;;;;;;;;;;;;;;;;;;;;2;9300
M018;VILLA SAN GIOVANNI;RC;;;;;NO;0*;;;;;;;;;;;;;;;;;;;;;;;;;0
H913;VILLA SAN GIOVANNI IN TUSCIA;VT;;;;;NO;0*;;;;;;;;;;;;;;;;;;;;;;;;;0
I118;VILLA SAN PIETRO;CA;;;;;NO;0*;;;;;;;;;;;;;;;;;;;;;;;;;0
M019;VILLA SAN SECONDO;AT;;;;;NO;0*;;;;;;;;;;;;;;;;;;;;;;;;;0
L905;VILLA SANTA LUCIA;FR;;;;;NO;0*;;;;;;;;;;;;;;;;;;;;;;;;;0
M021;VILLA SANTA LUCIA DEGLI ABRUZZI;AQ;;;;;NO;0*;;;;;;;;;;;;;;;;;;;;;;;;;0
M022;VILLA SANTA MARIA;CH;;;;;NO;0*;;;;;;;;;;;;;;;;;;;;;;;;;0
M023;VILLA SANT'ANGELO;AQ;;;;;NO;0*;;;;;;;;;;;;;;;;;;;;;;;;;0
I298;VILLA SANT'ANTONIO;OR;;;;;NO;0*;;;;;;;;;;;;;;;;;;;;;;;;;0
L909;VILLA SANTINA;UD;54;29/12/2025;17/07/2026;CONFERMA;NO;0,6;Aliquota unica;;;;;;;;;;;;;;;;;;;;;;;1;0
I364;VILLA SANTO STEFANO;FR;33;29/12/2025;27/05/2026;CONFERMA;NO;0,4;Aliquota unica;;;;;;;;;;;;;;;;;;;;;;;1;0
A609;VILLA VERDE;OR;;;;;NO;0*;;;;;;;;;;;;;;;;;;;;;;;;;0
L915;VILLABASSA;BZ;;;;;NO;0*;;;;;;;;;;;;;;;;;;;;;;;;;0
L916;VILLABATE;PA;;;;;NO;0*;;;;;;;;;;;;;;;;;;;;;;;;;0
L923;VILLACHIARA;BS;38;29/10/2025;14/04/2026;CONFERMA;SI;0;Esenzione per redditi imponibili fino a euro 9.000,00;,6;Aliquota unica;;;;;;;;;;;;;;;;;;;;;2;9000
L924;VILLACIDRO;SU;63;22/12/2025;04/02/2026;CONFERMA;NO;0,4;Aliquota unica;;;;;;;;;;;;;;;;;;;;;;;1;0
L931;VILLADEATI;AL;33;16/12/2025;08/06/2026;CONFERMA;NO;0,8;Aliquota unica;;;;;;;;;;;;;;;;;;;;;;;1;0
L939;VILLADOSE;RO;5;19/02/2026;08/04/2026;CONFERMA;SI;0;Esenzione per redditi imponibili fino a euro 10.000,00;,8;Aliquota unica;;;;;;;;;;;;;;;;;;;;;2;10000
L906;VILLADOSSOLA;VB;;;;;NO;0*;;;;;;;;;;;;;;;;;;;;;;;;;0
L942;VILLAFALLETTO;CN;29;16/12/2025;11/02/2026;CONFERMA;SI;0;Esenzione per redditi imponibili fino a euro 7.500,00;,8;Aliquota unica;;;;;;;;;;;;;;;;;;;;;2;7500
L945;VILLAFRANCA D'ASTI;AT;25;23/12/2025;22/01/2026;CONFERMA;NO;0,8;Aliquota unica;;;;;;;;;;;;;;;;;;;;;;;1;0
L949;VILLAFRANCA DI VERONA;VR;;;;;NO;0*;;;;;;;;;;;;;;;;;;;;;;;;;0
L946;VILLAFRANCA IN LUNIGIANA;MS;;;;;NO;0*;;;;;;;;;;;;;;;;;;;;;;;;;0
L947;VILLAFRANCA PADOVANA;PD;;;;;NO;0*;;;;;;;;;;;;;;;;;;;;;;;;;0
L948;VILLAFRANCA PIEMONTE;TO;58;20/12/2025;16/01/2026;CONFERMA;SI;0;Esenzione per redditi imponibili fino a euro 8.000,00;,8;Aliquota unica;;;;;;;;;;;;;;;;;;;;;2;8000
L944;VILLAFRANCA SICULA;AG;;;;;NO;0*;;;;;;;;;;;;;;;;;;;;;;;;;0
L950;VILLAFRANCA TIRRENA;ME;;;;;NO;0*;;;;;;;;;;;;;;;;;;;;;;;;;0
L951;VILLAFRATI;PA;;;;;NO;0*;;;;;;;;;;;;;;;;;;;;;;;;;0
L952;VILLAGA;VI;42;22/12/2025;19/01/2026;CONFERMA;NO;0,75;Aliquota unica;;;;;;;;;;;;;;;;;;;;;;;1;0
L953;VILLAGRANDE STRISAILI;NU;;;;;NO;0*;;;;;;;;;;;;;;;;;;;;;;;;;0
L958;VILLALAGO;AQ;11;30/12/2025;19/01/2026;CONFERMA;NO;0,4;Aliquota unica;;;;;;;;;;;;;;;;;;;;;;;1;0
L959;VILLALBA;CL;;;;;NO;0*;;;;;;;;;;;;;;;;;;;;;;;;;0
L961;VILLALFONSINA;CH;22;29/12/2025;20/05/2026;CONFERMA;NO;0,8;Aliquota unica;;;;;;;;;;;;;;;;;;;;;;;1;0
L963;VILLALVERNIA;AL;;;;;NO;0*;;;;;;;;;;;;;;;;;;;;;;;;;0
L964;VILLAMAGNA;CH;34;29/12/2025;23/02/2026;CONFERMA;NO;0,8;Aliquota unica;;;;;;;;;;;;;;;;;;;;;;;1;0
L965;VILLAMAINA;AV;;;;;NO;0*;;;;;;;;;;;;;;;;;;;;;;;;;0
L966;VILLAMAR;SU;;;;;NO;0*;;;;;;;;;;;;;;;;;;;;;;;;;0
L967;VILLAMARZANA;RO;32;22/12/2025;13/01/2026;CONFERMA;SI;0;Esenzione per redditi imponibili fino a euro 8.500,00;,8;Aliquota unica;;;;;;;;;;;;;;;;;;;;;2;8500
L968;VILLAMASSARGIA;SU;38;30/12/2025;05/02/2026;CONFERMA;NO;0,4;Aliquota unica;;;;;;;;;;;;;;;;;;;;;;;1;0
L970;VILLAMIROGLIO;AL;;;;;NO;0*;;;;;;;;;;;;;;;;;;;;;;;;;0
L971;VILLANDRO;BZ;;;;;NO;0*;;;;;;;;;;;;;;;;;;;;;;;;;0
L978;VILLANOVA BIELLESE;BI;;;;;NO;0*;;;;;;;;;;;;;;;;;;;;;;;;;0
L982;VILLANOVA CANAVESE;TO;;;;;NO;0*;;;;;;;;;;;;;;;;;;;;;;;;;0
L975;VILLANOVA D'ALBENGA;SV;28;17/12/2025;13/01/2026;CONFERMA;SI;0,5;Applicabile a scaglione di reddito fino a euro 28.000,00;,7;Applicabile a scaglione di reddito da euro 28.000,01 fino a euro 50.000,00;,8;Applicabile a scaglione di reddito oltre euro 50.000,00;;;;;;;;;;;;;;;;;;;3;0
L983;VILLANOVA D'ARDENGHI;PV;30;18/12/2025;07/01/2026;MODIFICA;SI;0;Esenzione per redditi imponibili fino a euro 15.000,00;,7;Applicabile a scaglione di reddito fino a euro 28.000,00;,7;Applicabile a scaglione di reddito da euro 28.000,01 fino a euro 50.000,00;,8;Applicabile a scaglione di reddito oltre euro 50.000,00;;;;;;;;;;;;;;;;;4;15000
L984;VILLANOVA D'ASTI;AT;44;23/12/2025;11/05/2026;CONFERMA;SI;0;Esenzione per redditi imponibili fino a euro 15.000,00;,35;Applicabile a scaglione di reddito fino a euro 28.000,00;,65;Applicabile a scaglione di reddito da euro 28.000,01 fino a euro 50.000,00;,8;Applicabile a scaglione di reddito oltre euro 50.000,00;;;;;;;;;;;;;;;;;4;15000
L973;VILLANOVA DEL BATTISTA;AV;31;29/12/2025;14/01/2026;CONFERMA;NO;0,4;Aliquota unica;;;;;;;;;;;;;;;;;;;;;;;1;0
L985;VILLANOVA DEL GHEBBO;RO;26;19/12/2025;30/03/2026;CONFERMA;NO;0,8;Aliquota unica;;;;;;;;;;;;;;;;;;;;;;;1;0
L977;VILLANOVA DEL SILLARO;LO;3;27/02/2026;17/03/2026;CONFERMA;SI;0;Esenzione per redditi imponibili fino a euro 9.999,99;,65;Aliquota unica;;;;;;;;;;;;;;;;;;;;;2;9999,99
L979;VILLANOVA DI CAMPOSAMPIERO;PD;;;;;NO;0*;;;;;;;;;;;;;;;;;;;;;;;;;0
L988;VILLANOVA MARCHESANA;RO;;;;;NO;0*;;;;;;;;;;;;;;;;;;;;;;;;;0
L974;VILLANOVA MONDOVI';CN;26;23/12/2025;13/01/2026;CONFERMA;SI;0;Esenzione per redditi imponibili fino a euro 7.500,00;,8;Aliquota unica;;;;;;;;;;;;;;;;;;;;;2;7500
L972;VILLANOVA MONFERRATO;AL;39;22/12/2025;12/01/2026;CONFERMA;NO;0,4;Aliquota unica;;;;;;;;;;;;;;;;;;;;;;;1;0
L989;VILLANOVA MONTELEONE;SS;;;;;NO;0*;;;;;;;;;;;;;;;;;;;;;;;;;0
L990;VILLANOVA SOLARO;CN;35;22/12/2025;14/01/2026;CONFERMA;NO;0,7;Aliquota unica;;;;;;;;;;;;;;;;;;;;;;;1;0
L980;VILLANOVA SULL'ARDA;PC;;;;;NO;0*;;;;;;;;;;;;;;;;;;;;;;;;;0
L991;VILLANOVA TRUSCHEDU;OR;;;;;NO;0*;;;;;;;;;;;;;;;;;;;;;;;;;0
L992;VILLANOVA TULO;SU;;;;;NO;0*;;;;;;;;;;;;;;;;;;;;;;;;;0
L986;VILLANOVAFORRU;SU;;;;;NO;0*;;;;;;;;;;;;;;;;;;;;;;;;;0
L987;VILLANOVAFRANCA;SU;;;;;NO;0*;;;;;;;;;;;;;;;;;;;;;;;;;0
L994;VILLANTERIO;PV;49;22/12/2025;14/01/2026;CONFERMA;NO;0,65;Aliquota unica;;;;;;;;;;;;;;;;;;;;;;;1;0
L995;VILLANUOVA SUL CLISI;BS;;;;;NO;0*;;;;;;;;;;;;;;;;;;;;;;;;;0
M278;VILLAPERUCCIO;SU;13;09/07/2025;08/01/2026;MODIFICA;NO;0,3;Aliquota unica;;;;;;;;;;;;;;;;;;;;;;;1;0
B903;VILLAPIANA;CS;7;16/02/2026;19/02/2026;MODIFICA;NO;0,8;Aliquota unica;;;;;;;;;;;;;;;;;;;;;;;1;0
L998;VILLAPUTZU;SU;;;;;NO;0*;;;;;;;;;;;;;;;;;;;;;;;;;0
L999;VILLAR DORA;TO;;;;;NO;0*;;;;;;;;;;;;;;;;;;;;;;;;;0
M007;VILLAR FOCCHIARDO;TO;;;;;NO;0*;;;;;;;;;;;;;;;;;;;;;;;;;0
M013;VILLAR PELLICE;TO;;;;;NO;0*;;;;;;;;;;;;;;;;;;;;;;;;;0
M014;VILLAR PEROSA;TO;31;27/11/2025;07/01/2026;MODIFICA;SI;0;Esenzione per redditi imponibili fino a euro 11.999,99;,8;Aliquota unica;;;;;;;;;;;;;;;;;;;;;2;11999,99
M015;VILLAR SAN COSTANZO;CN;29;29/12/2025;24/02/2026;CONFERMA;NO;0,5;Aliquota unica;;;;;;;;;;;;;;;;;;;;;;;1;0
M002;VILLARBASSE;TO;49;18/12/2025;09/01/2026;CONFERMA;NO;0,7;Aliquota unica;;;;;;;;;;;;;;;;;;;;;;;1;0
M003;VILLARBOIT;VC;;;;;NO;0*;;;;;;;;;;;;;;;;;;;;;;;;;0
M004;VILLAREGGIA;TO;;;;;NO;0*;;;;;;;;;;;;;;;;;;;;;;;;;0
G309;VILLARICCA;NA;;;;;NO;0*;;;;;;;;;;;;;;;;;;;;;;;;;0
M009;VILLAROMAGNANO;AL;;;;;NO;0*;;;;;;;;;;;;;;;;;;;;;;;;;0
M011;VILLAROSA;EN;;;;;NO;0*;;;;;;;;;;;;;;;;;;;;;;;;;0
M016;VILLASALTO;SU;;;;;NO;0*;;;;;;;;;;;;;;;;;;;;;;;;;0
M017;VILLASANTA;MB;;;;;NO;0*;;;;;;;;;;;;;;;;;;;;;;;;;0
B738;VILLASIMIUS;SU;;;;;NO;0*;;;;;;;;;;;;;;;;;;;;;;;;;0
M025;VILLASOR;SU;;;;;NO;0*;;;;;;;;;;;;;;;;;;;;;;;;;0
M026;VILLASPECIOSA;SU;;;;;NO;0*;;;;;;;;;;;;;;;;;;;;;;;;;0
M027;VILLASTELLONE;TO;;;;;NO;0*;;;;;;;;;;;;;;;;;;;;;;;;;0
M028;VILLATA;VC;21;18/12/2025;03/03/2026;CONFERMA;NO;0,8;Aliquota unica;;;;;;;;;;;;;;;;;;;;;;;1;0
M030;VILLAURBANA;OR;;;;;NO;0*;;;;;;;;;;;;;;;;;;;;;;;;;0
M031;VILLAVALLELONGA;AQ;22;27/12/2025;26/01/2026;CONFERMA;SI;0;Esenzione per redditi imponibili fino a euro 9.999,00;,5;Aliquota unica;;;;;;;;;;;;;;;;;;;;;2;9999
M032;VILLAVERLA;VI;42;18/12/2025;06/02/2026;CONFERMA;NO;0,7;Aliquota unica;;;;;;;;;;;;;;;;;;;;;;;1;0
M363;VILLE D'ANAUNIA;TN;;;;;NO;0*;;;;;;;;;;;;;;;;;;;;;;;;;0
M431;VILLE DI FIEMME;TN;;;;;NO;0*;;;;;;;;;;;;;;;;;;;;;;;;;0
L981;VILLENEUVE;AO;3;20/01/2026;28/01/2026;CONFERMA;SI;0;Esenzione per redditi imponibili fino a euro 15.000,00;,2;Aliquota unica;;;;;;;;;;;;;;;;;;;;;2;15000
M043;VILLESSE;GO;;;;;NO;0*;;;;;;;;;;;;;;;;;;;;;;;;;0
M041;VILLETTA BARREA;AQ;;;;;NO;0*;;;;;;;;;;;;;;;;;;;;;;;;;0
M042;VILLETTE;VB;;;;;NO;0*;;;;;;;;;;;;;;;;;;;;;;;;;0
M044;VILLIMPENTA;MN;33;23/12/2025;30/01/2026;CONFERMA;SI;0;Esenzione per redditi imponibili fino a euro 11.999,99;,8;Aliquota unica;;;;;;;;;;;;;;;;;;;;;2;11999,99
M045;VILLONGO;BG;;;;;NO;0*;;;;;;;;;;;;;;;;;;;;;;;;;0
M048;VILLORBA;TV;;;;;NO;0*;;;;;;;;;;;;;;;;;;;;;;;;;0
M050;VILMINORE DI SCALVE;BG;2;20/01/2026;02/03/2026;CONFERMA;NO;0,8;Aliquota unica;;;;;;;;;;;;;;;;;;;;;;;1;0
M052;VIMERCATE;MB;;;;;NO;0*;;;;;;;;;;;;;;;;;;;;;;;;;0
M053;VIMODRONE;MI;56;19/12/2025;14/01/2026;CONFERMA;SI;0;Esenzione per redditi imponibili fino a euro 10.000,00;,8;Aliquota unica;;;;;;;;;;;;;;;;;;;;;2;10000
M055;VINADIO;CN;;;;;NO;0*;;;;;;;;;;;;;;;;;;;;;;;;;0
M057;VINCHIATURO;CB;23;17/12/2025;13/04/2026;CONFERMA;SI;0;Esenzione per redditi imponibili fino a euro 8.000,00;,5;Aliquota unica;;;;;;;;;;;;;;;;;;;;;2;8000
M058;VINCHIO;AT;;;;;NO;0*;;;;;;;;;;;;;;;;;;;;;;;;;0
M059;VINCI;FI;;;;;NO;0*;;;;;;;;;;;;;;;;;;;;;;;;;0
M060;VINOVO;TO;;;;;NO;0*;;;;;;;;;;;;;;;;;;;;;;;;;0
M062;VINZAGLIO;NO;;;;;NO;0*;;;;;;;;;;;;;;;;;;;;;;;;;0
M063;VIOLA;CN;;;;;NO;0*;;;;;;;;;;;;;;;;;;;;;;;;;0
M065;VIONE;BS;02;28/02/2026;05/03/2026;CONFERMA;SI;0;Esenzione per redditi imponibili fino a euro 12.000,00;,75;Aliquota unica;;;;;;;;;;;;;;;;;;;;;2;12000
M067;VIPITENO;BZ;;;;;NO;0*;;;;;;;;;;;;;;;;;;;;;;;;;0
M069;VIRLE PIEMONTE;TO;18;19/12/2025;08/01/2026;CONFERMA;NO;0,6;Aliquota unica;;;;;;;;;;;;;;;;;;;;;;;1;0
M070;VISANO;BS;;;;;NO;0*;;;;;;;;;;;;;;;;;;;;;;;;;0
M071;VISCHE;TO;;;;;NO;0*;;;;;;;;;;;;;;;;;;;;;;;;;0
M072;VISCIANO;NA;;;;;NO;0*;;;;;;;;;;;;;;;;;;;;;;;;;0
M073;VISCO;UD;5;25/02/2026;11/08/2026;CONFERMA;SI;0,45;Applicabile a scaglione di reddito fino a euro 28.000,00;,55;Applicabile a scaglione di reddito da euro 28.000,01 fino a euro 50.000,00;,75;Applicabile a scaglione di reddito oltre euro 50.000,00;;;;;;;;;;;;;;;;;;;3;0
M077;VISONE;AL;37;19/12/2025;07/01/2026;CONFERMA;NO;0,4;Aliquota unica;;;;;;;;;;;;;;;;;;;;;;;1;0
M078;VISSO;MC;32;16/12/2025;13/01/2026;CONFERMA;NO;0,4;Aliquota unica;;;;;;;;;;;;;;;;;;;;;;;1;0
M079;VISTARINO;PV;25;15/12/2025;21/01/2026;CONFERMA;SI;0;Esenzione per redditi imponibili fino a euro 12.500,00;,8;Aliquota unica;;;;;;;;;;;;;;;;;;;;;2;12500
M080;VISTRORIO;TO;;;;;NO;0*;;;;;;;;;;;;;;;;;;;;;;;;;0
M081;VITA;TP;;;;;NO;0*;;;;;;;;;;;;;;;;;;;;;;;;;0
M082;VITERBO;VT;;;;;NO;0*;;;;;;;;;;;;;;;;;;;;;;;;;0
M083;VITICUSO;FR;;;;;NO;0*;;;;;;;;;;;;;;;;;;;;;;;;;0
M085;VITO D'ASIO;PN;;;;;NO;0*;;;;;;;;;;;;;;;;;;;;;;;;;0
M086;VITORCHIANO;VT;;;;;NO;0*;;;;;;;;;;;;;;;;;;;;;;;;;0
M088;VITTORIA;RG;;;;;NO;0*;;;;;;;;;;;;;;;;;;;;;;;;;0
M089;VITTORIO VENETO;TV;;;;;NO;0*;;;;;;;;;;;;;;;;;;;;;;;;;0
M090;VITTORITO;AQ;;;;;NO;0*;;;;;;;;;;;;;;;;;;;;;;;;;0
M091;VITTUONE;MI;;;;;NO;0*;;;;;;;;;;;;;;;;;;;;;;;;;0
M093;VITULANO;BN;;;;;NO;0*;;;;;;;;;;;;;;;;;;;;;;;;;0
M092;VITULAZIO;CE;42;30/12/2025;22/01/2026;CONFERMA;NO;0,7;Aliquota unica;;;;;;;;;;;;;;;;;;;;;;;1;0
M094;VIU';TO;;;;;NO;0*;;;;;;;;;;;;;;;;;;;;;;;;;0
M096;VIVARO;PN;3;24/02/2026;17/03/2026;ISTITUISCE;SI;0;Esenzione per redditi imponibili fino a euro 13.000,00;,5;Aliquota unica;;;;;;;;;;;;;;;;;;;;;2;13000
M095;VIVARO ROMANO;RM;;;;;NO;0*;;;;;;;;;;;;;;;;;;;;;;;;;0
M098;VIVERONE;BI;;;;;NO;0*;;;;;;;;;;;;;;;;;;;;;;;;;0
M100;VIZZINI;CT;;;;;NO;0*;;;;;;;;;;;;;;;;;;;;;;;;;0
M101;VIZZOLA TICINO;VA;;;;;NO;0*;;;;;;;;;;;;;;;;;;;;;;;;;0
M102;VIZZOLO PREDABISSI;MI;;;;;NO;0*;;;;;;;;;;;;;;;;;;;;;;;;;0
M103;VO';PD;34;19/12/2025;29/01/2026;CONFERMA;NO;0,8;Aliquota unica;;;;;;;;;;;;;;;;;;;;;;;1;0
M104;VOBARNO;BS;;;;;NO;0*;;;;;;;;;;;;;;;;;;;;;;;;;0
M105;VOBBIA;GE;25;30/12/2025;19/01/2026;CONFERMA;SI;0;Esenzione per redditi imponibili fino a euro 15.000,00;,35;Applicabile a scaglione di reddito fino a euro 28.000,00;,65;Applicabile a scaglione di reddito da euro 28.000,01 fino a euro 50.000,00;,78;Applicabile a scaglione di reddito oltre euro 50.000,00;;;;;;;;;;;;;;;;;4;15000
M106;VOCCA;VC;;;;;NO;0*;;;;;;;;;;;;;;;;;;;;;;;;;0
M108;VODO CADORE;BL;36;29/12/2025;27/02/2026;CONFERMA;NO;0,8;Aliquota unica;;;;;;;;;;;;;;;;;;;;;;;1;0
M109;VOGHERA;PV;;;;;NO;0*;;;;;;;;;;;;;;;;;;;;;;;;;0
M110;VOGHIERA;FE;30;19/12/2025;22/04/2026;CONFERMA;NO;0,8;Aliquota unica;;;;;;;;;;;;;;;;;;;;;;;1;0
M111;VOGOGNA;VB;;;;;NO;0*;;;;;;;;;;;;;;;;;;;;;;;;;0
M113;VOLANO;TN;;;;;NO;0*;;;;;;;;;;;;;;;;;;;;;;;;;0
M115;VOLLA;NA;;;;;NO;0*;;;;;;;;;;;;;;;;;;;;;;;;;0
M116;VOLONGO;CR;7;31/12/2025;08/04/2026;CONFERMA;NO;0,8;Aliquota unica;;;;;;;;;;;;;;;;;;;;;;;1;0
M118;VOLPAGO DEL MONTELLO;TV;40;17/12/2025;05/02/2026;CONFERMA;NO;0,45;Aliquota unica;;;;;;;;;;;;;;;;;;;;;;;1;0
M119;VOLPARA;PV;28;17/12/2025;05/03/2026;CONFERMA;SI;0;Esenzione per redditi imponibili fino a euro 10.000,00;,35;Applicabile a scaglione di reddito fino a euro 28.000,00;,5;Applicabile a scaglione di reddito da euro 28.000,01 fino a euro 50.000,00;,8;Applicabile a scaglione di reddito oltre euro 50.000,00;;;;;;;;;;;;;;;;;4;10000
M120;VOLPEDO;AL;19;16/12/2025;21/05/2026;CONFERMA;SI;0;Esenzione per redditi imponibili fino a euro 10.000,00;,8;Aliquota unica;;;;;;;;;;;;;;;;;;;;;2;10000
M121;VOLPEGLINO;AL;;;;;NO;0*;;;;;;;;;;;;;;;;;;;;;;;;;0
M122;VOLPIANO;TO;;;;;NO;0*;;;;;;;;;;;;;;;;;;;;;;;;;0
M125;VOLTA MANTOVANA;MN;37;18/12/2025;05/05/2026;CONFERMA;SI;0;Esenzione per redditi imponibili fino a euro 10.000,00;,8;Aliquota unica;;;;;;;;;;;;;;;;;;;;;2;10000
M123;VOLTAGGIO;AL;47;29/12/2025;16/04/2026;CONFERMA;SI;0;Esenzione per redditi imponibili fino a euro 18.000,00;,3;Applicabile a scaglione di reddito fino a euro 28.000,00;,7;Applicabile a scaglione di reddito da euro 28.000,01 fino a euro 50.000,00;,8;Applicabile a scaglione di reddito oltre euro 50.000,00;;;;;;;;;;;;;;;;;4;18000
M124;VOLTAGO AGORDINO;BL;;;;;NO;0*;;;;;;;;;;;;;;;;;;;;;;;;;0
M126;VOLTERRA;PI;80;18/12/2025;23/03/2026;MODIFICA;SI;0;Esenzione per redditi imponibili fino a euro 10.500,00;,78;Aliquota unica;;;;;;;;;;;;;;;;;;;;;2;10500
M127;VOLTIDO;CR;;;;;NO;0*;;;;;;;;;;;;;;;;;;;;;;;;;0
M131;VOLTURARA APPULA;FG;;;;;NO;0*;;;;;;;;;;;;;;;;;;;;;;;;;0
M130;VOLTURARA IRPINA;AV;29;27/12/2025;13/02/2026;CONFERMA;NO;0,7;Aliquota unica;;;;;;;;;;;;;;;;;;;;;;;1;0
M132;VOLTURINO;FG;98;20/11/2025;17/02/2026;CONFERMA;NO;0,5;Aliquota unica;;;;;;;;;;;;;;;;;;;;;;;1;0
M133;VOLVERA;TO;45;22/12/2025;15/01/2026;CONFERMA;NO;0,8;Aliquota unica;;;;;;;;;;;;;;;;;;;;;;;1;0
M136;VOTTIGNASCO;CN;;;;;NO;0*;;;;;;;;;;;;;;;;;;;;;;;;;0
M138;ZACCANOPOLI;VV;;;;;NO;0*;;;;;;;;;;;;;;;;;;;;;;;;;0
M139;ZAFFERANA ETNEA;CT;;;;;NO;0*;;;;;;;;;;;;;;;;;;;;;;;;;0
M140;ZAGARISE;CZ;;;;;NO;0*;;;;;;;;;;;;;;;;;;;;;;;;;0
M141;ZAGAROLO;RM;;;;;NO;0*;;;;;;;;;;;;;;;;;;;;;;;;;0
M143;ZAMBRONE;VV;;;;;NO;0*;;;;;;;;;;;;;;;;;;;;;;;;;0
M144;ZANDOBBIO;BG;35;19/12/2025;12/01/2026;CONFERMA;NO;0,65;Aliquota unica;;;;;;;;;;;;;;;;;;;;;;;1;0
M145;ZANE';VI;;;;;NO;0*;;;;;;;;;;;;;;;;;;;;;;;;;0
M147;ZANICA;BG;36;29/12/2025;01/07/2026;CONFERMA;SI;0;Esenzione per redditi imponibili fino a euro 15.000,00;,8;Aliquota unica;;;;;;;;;;;;;;;;;;;;;2;15000
M267;ZAPPONETA;FG;;;;;NO;0*;;;;;;;;;;;;;;;;;;;;;;;;;0
M150;ZAVATTARELLO;PV;2;16/01/2026;26/01/2026;MODIFICA;NO;0,8;Aliquota unica;;;;;;;;;;;;;;;;;;;;;;;1;0
M152;ZECCONE;PV;38;22/12/2025;12/01/2026;CONFERMA;SI;0;Esenzione per redditi imponibili fino a euro 15.000,00;,8;Aliquota unica;;;;;;;;;;;;;;;;;;;;;2;15000
M153;ZEDDIANI;OR;;;;;NO;0*;;;;;;;;;;;;;;;;;;;;;;;;;0
M156;ZELBIO;CO;21;01/11/2025;14/04/2026;CONFERMA;NO;0,5;Aliquota unica;;;;;;;;;;;;;;;;;;;;;;;1;0
M158;ZELO BUON PERSICO;LO;43;16/12/2025;02/04/2026;CONFERMA;SI;0;Esenzione per redditi imponibili fino a euro 10.999,99;,8;Aliquota unica;;;;;;;;;;;;;;;;;;;;;2;10999,99
M161;ZEME;PV;;;;;NO;0*;;;;;;;;;;;;;;;;;;;;;;;;;0
M162;ZENEVREDO;PV;37;20/12/2025;05/01/2026;CONFERMA;NO;0,7;Aliquota unica;;;;;;;;;;;;;;;;;;;;;;;1;0
M163;ZENSON DI PIAVE;TV;;;;;NO;0*;;;;;;;;;;;;;;;;;;;;;;;;;0
M165;ZERBA;PC;;;;;NO;0*;;;;;;;;;;;;;;;;;;;;;;;;;0
M166;ZERBO;PV;33;11/12/2025;23/04/2026;CONFERMA;SI;0;Esenzione per redditi imponibili fino a euro 5.999,99;,8;Aliquota unica;;;;;;;;;;;;;;;;;;;;;2;5999,99
M167;ZERBOLO';PV;;;;;NO;0*;;;;;;;;;;;;;;;;;;;;;;;;;0
M168;ZERFALIU;OR;;;;;NO;0*;;;;;;;;;;;;;;;;;;;;;;;;;0
M169;ZERI;MS;;;;;NO;0*;;;;;;;;;;;;;;;;;;;;;;;;;0
M170;ZERMEGHEDO;VI;32;30/12/2025;18/02/2026;CONFERMA;NO;0,8;Aliquota unica;;;;;;;;;;;;;;;;;;;;;;;1;0
M171;ZERO BRANCO;TV;43;24/11/2025;26/01/2026;CONFERMA;SI;0;Esenzione per redditi imponibili fino a euro 13.000,00;,5;Applicabile a scaglione di reddito fino a euro 28.000,00;,65;Applicabile a scaglione di reddito da euro 28.000,01 fino a euro 50.000,00;,8;Applicabile a scaglione di reddito oltre euro 50.000,00;;;;;;;;;;;;;;;;;4;13000
M172;ZEVIO;VR;;;;;NO;0*;;;;;;;;;;;;;;;;;;;;;;;;;0
M173;ZIANO DI FIEMME;TN;;;;;NO;0*;;;;;;;;;;;;;;;;;;;;;;;;;0
L848;ZIANO PIACENTINO;PC;;;;;NO;0*;;;;;;;;;;;;;;;;;;;;;;;;;0
M176;ZIBIDO SAN GIACOMO;MI;33;18/12/2025;04/02/2026;CONFERMA;NO;0,6;Aliquota unica;;;;;;;;;;;;;;;;;;;;;;;1;0
M177;ZIGNAGO;SP;23;27/11/2025;07/01/2026;CONFERMA;SI;0;Esenzione per redditi imponibili fino a euro 7.499,99;,7;Aliquota unica;;;;;;;;;;;;;;;;;;;;;2;7499,99
M178;ZIMELLA;VR;31;28/11/2025;08/01/2026;CONFERMA;NO;0,8;Aliquota unica;;;;;;;;;;;;;;;;;;;;;;;1;0
M179;ZIMONE;BI;;;;;NO;0*;;;;;;;;;;;;;;;;;;;;;;;;;0
M180;ZINASCO;PV;30;16/12/2025;12/01/2026;CONFERMA;SI;0;Esenzione per redditi imponibili fino a euro 15.000,00;,75;Aliquota unica;;;;;;;;;;;;;;;;;;;;;2;15000
M182;ZOAGLI;GE;34;23/12/2025;05/03/2026;NON APPLICA;NO;0;Aliquota unica;;;;;;;;;;;;;;;;;;;;;;;1;0
M183;ZOCCA;MO;;;;;NO;0*;;;;;;;;;;;;;;;;;;;;;;;;;0
M184;ZOGNO;BG;35;22/12/2025;13/03/2026;CONFERMA;SI;0;Esenzione per redditi imponibili fino a euro 10.000,00;,8;Aliquota unica;;;;;;;;;;;;;;;;;;;;;2;10000
M185;ZOLA PREDOSA;BO;84;17/12/2025;22/05/2026;CONFERMA;SI;0;Esenzione per redditi imponibili fino a euro 10.000,00;,78;Applicabile a scaglione di reddito fino a euro 28.000,00;,79;Applicabile a scaglione di reddito da euro 28.000,01 fino a euro 50.000,00;,8;Applicabile a scaglione di reddito oltre euro 50.000,00;;;;;;;;;;;;;;;;;4;10000
M187;ZOLLINO;LE;;;;;NO;0*;;;;;;;;;;;;;;;;;;;;;;;;;0
M188;ZONE;BS;;;;;NO;0*;;;;;;;;;;;;;;;;;;;;;;;;;0
M189;ZOPPE' DI CADORE;BL;;;;;NO;0*;;;;;;;;;;;;;;;;;;;;;;;;;0
M190;ZOPPOLA;PN;3;30/01/2026;17/04/2026;MODIFICA;SI;0;Esenzione per redditi imponibili fino a euro 15.000,00;,6;Aliquota unica;;;;;;;;;;;;;;;;;;;;;2;15000
M194;ZOVENCEDO;VI;27;23/12/2025;10/04/2026;MODIFICA;NO;0,8;Aliquota unica;;;;;;;;;;;;;;;;;;;;;;;1;0
M196;ZUBIENA;BI;26;10/12/2025;22/01/2026;CONFERMA;NO;0,7;Aliquota unica;;;;;;;;;;;;;;;;;;;;;;;1;0
M197;ZUCCARELLO;SV;;;;;NO;0*;;;;;;;;;;;;;;;;;;;;;;;;;0
M199;ZUGLIANO;VI;46;17/12/2025;20/01/2026;CONFERMA;NO;0,7;Aliquota unica;;;;;;;;;;;;;;;;;;;;;;;1;0
M200;ZUGLIO;UD;43;27/12/2025;13/01/2026;CONFERMA;NO;0,5;Aliquota unica;;;;;;;;;;;;;;;;;;;;;;;1;0
M201;ZUMAGLIA;BI;14;16/12/2025;03/06/2026;CONFERMA;NO;0,75;Aliquota unica;;;;;;;;;;;;;;;;;;;;;;;1;0
M202;ZUMPANO;CS;30;29/12/2025;20/02/2026;CONFERMA;NO;0,8;Aliquota unica;;;;;;;;;;;;;;;;;;;;;;;1;0
M203;ZUNGOLI;AV;;;;;NO;0*;;;;;;;;;;;;;;;;;;;;;;;;;0
M204;ZUNGRI;VV;2;06/02/2026;03/06/2026;CONFERMA;NO;0,8;Aliquota unica;;;;;;;;;;;;;;;;;;;;;;;1;0
